#
# A fatal error has been detected by the Java Runtime Environment:
#
#  EXCEPTION_ACCESS_VIOLATION (0xc0000005) at pc=0x00007ffaf75c59ed, pid=15116, tid=11704
#
# JRE version: OpenJDK Runtime Environment (25.0+36) (build 25+36-3489)
# Java VM: OpenJDK 64-Bit Server VM (25+36-3489, mixed mode, sharing, tiered, compressed oops, compressed class ptrs, g1 gc, windows-amd64)
# Problematic frame:
# C  [gdx-bullet64.dll+0x159ed]
#
# No core dump will be written. Minidumps are not enabled by default on client versions of Windows
#
# If you would like to submit a bug report, please visit:
#   https://bugreport.java.com/bugreport/crash.jsp
# The crash happened outside the Java Virtual Machine in native code.
# See problematic frame for where to report the bug.
#

---------------  S U M M A R Y ------------

Command Line: -javaagent:C:\Program Files\JetBrains\IntelliJ IDEA 2025.2.2\lib\idea_rt.jar=59387 -Dfile.encoding=UTF-8 -Dsun.stdout.encoding=UTF-8 -Dsun.stderr.encoding=UTF-8 nintendont.amongspirits.lwjgl3.Lwjgl3Launcher

Host: Intel(R) Core(TM) i5-6500 CPU @ 3.20GHz, 4 cores, 7G,  Windows 10 , 64 bit Build 19041 (10.0.19041.5915)
Time: Mon Jan 19 20:11:12 2026 Venezuela Standard Time elapsed time: 48.881164 seconds (0d 0h 0m 48s)

---------------  T H R E A D  ---------------

Current thread (0x000002adec4a3df0):  JavaThread "main"             [_thread_in_native, id=11704, stack(0x000000b2bfb00000,0x000000b2bfc00000) (1024K)]

Stack: [0x000000b2bfb00000,0x000000b2bfc00000],  sp=0x000000b2bfbfe920,  free space=1018k
Native frames: (J=compiled Java code, j=interpreted, Vv=VM code, C=native code)
C  [gdx-bullet64.dll+0x159ed]  (no source info available)
C  [gdx-bullet64.dll+0x91ede]  (no source info available)
C  0x000002ad8753d193  (no source info available)

The last pc belongs to native method entry point (kind = native) (printed below).
Java frames: (J=compiled Java code, j=interpreted, Vv=VM code)
j  com.badlogic.gdx.physics.bullet.dynamics.DynamicsJNI.delete_btDiscreteDynamicsWorld(J)V+0
j  com.badlogic.gdx.physics.bullet.dynamics.btDiscreteDynamicsWorld.delete()V+25
j  com.badlogic.gdx.physics.bullet.BulletBase.dispose()V+74
j  nintendont.amongspirits.physics.PhysicsWorld.dispose()V+46
j  nintendont.amongspirits.screens.GameScreen.dispose()V+66
j  nintendont.amongspirits.Main.quitGame()V+17
j  nintendont.amongspirits.screens.GameScreen$1.onQuitRequest()V+4
j  nintendont.amongspirits.ui.game.PauseMenu.onQuit()V+11
j  nintendont.amongspirits.ui.game.PauseMenu$$Lambda+0x0000000039109498.run()V+4
j  nintendont.amongspirits.ui.game.PauseMenu$2.changed(Lcom/badlogic/gdx/scenes/scene2d/utils/ChangeListener$ChangeEvent;Lcom/badlogic/gdx/scenes/scene2d/Actor;)V+4
j  com.badlogic.gdx.scenes.scene2d.utils.ChangeListener.handle(Lcom/badlogic/gdx/scenes/scene2d/Event;)Z+18
J 2031 c1 com.badlogic.gdx.scenes.scene2d.Actor.notify(Lcom/badlogic/gdx/scenes/scene2d/Event;Z)Z (183 bytes) @ 0x000002ad802de21c [0x000002ad802ddb00+0x000000000000071c]
J 3796 c1 com.badlogic.gdx.scenes.scene2d.Actor.fire(Lcom/badlogic/gdx/scenes/scene2d/Event;)Z (318 bytes) @ 0x000002ad805bec9c [0x000002ad805be200+0x0000000000000a9c]
j  com.badlogic.gdx.scenes.scene2d.ui.Button.setChecked(ZZ)V+52
j  com.badlogic.gdx.scenes.scene2d.ui.Button$1.clicked(Lcom/badlogic/gdx/scenes/scene2d/InputEvent;FF)V+31
j  com.badlogic.gdx.scenes.scene2d.utils.ClickListener.touchUp(Lcom/badlogic/gdx/scenes/scene2d/InputEvent;FFII)V+108
J 2103 c1 com.badlogic.gdx.scenes.scene2d.InputListener.handle(Lcom/badlogic/gdx/scenes/scene2d/Event;)Z (361 bytes) @ 0x000002ad802f54b4 [0x000002ad802f3e80+0x0000000000001634]
j  com.badlogic.gdx.scenes.scene2d.Stage.touchUp(IIII)Z+218
j  com.badlogic.gdx.InputMultiplexer.touchUp(IIII)Z+41
J 2047 c1 com.badlogic.gdx.InputEventQueue.drain(Lcom/badlogic/gdx/InputProcessor;)V (379 bytes) @ 0x000002ad802e470c [0x000002ad802e3e00+0x000000000000090c]
J 2049 c1 com.badlogic.gdx.backends.lwjgl3.Lwjgl3Window.update()Z (312 bytes) @ 0x000002ad802e620c [0x000002ad802e5880+0x000000000000098c]
j  com.badlogic.gdx.backends.lwjgl3.Lwjgl3Application.loop()V+120
j  com.badlogic.gdx.backends.lwjgl3.Lwjgl3Application.<init>(Lcom/badlogic/gdx/ApplicationListener;Lcom/badlogic/gdx/backends/lwjgl3/Lwjgl3ApplicationConfiguration;)V+269
j  nintendont.amongspirits.lwjgl3.Lwjgl3Launcher.createApplication()Lcom/badlogic/gdx/backends/lwjgl3/Lwjgl3Application;+17
j  nintendont.amongspirits.lwjgl3.Lwjgl3Launcher.main([Ljava/lang/String;)V+7
v  ~StubRoutines::call_stub 0x000002ad875312ed

siginfo: EXCEPTION_ACCESS_VIOLATION (0xc0000005), reading address 0x000002ad97abdce0


Registers:
RAX=0x0000000000000001, RBX=0x000002adffefe3a0, RCX=0x000002ada963b8b0, RDX=0x000002adea540000
RSP=0x000000b2bfbfe920, RBP=0x00007ffaf7809370, RSI=0x0000000000000001, RDI=0x000002ad97abdc20
R8 =0x00000000ffffffff, R9 =0x0000000000000001, R10=0x000002adea540000, R11=0x000000b2bfbfe840
R12=0x000002ad97abee90, R13=0x00007ffaf7810730, R14=0x000000b2bfbfea50, R15=0x000002adec4a3df0
RIP=0x00007ffaf75c59ed, EFLAGS=0x0000000000010206

XMM[0]=0x000002ad9824c1d0 0x000002ad9825f790
XMM[1]=0x0000000000000000 0x000002ad9807f400
XMM[2]=0x0000000000000000 0x00000000c1711eb9
XMM[3]=0x0000000000000000 0x00000000c31d91ec
XMM[4]=0x0000000000000000 0x00000000431d91ec
XMM[5]=0x0000000000000000 0x0000000041711eb9
XMM[6]=0x0000000000000000 0x0000000042100008
XMM[7]=0x0000000000000000 0x0000000044200000
XMM[8]=0x0000000000000000 0x0000000043868001
XMM[9]=0x0000000000000000 0x00000000c2b60000
XMM[10]=0x0000000000000000 0x0000000080000000
XMM[11]=0x0000000000000000 0x0000000043b40001
XMM[12]=0x0000000000000000 0x00000000c2c80000
XMM[13]=0x0000000000000000 0x0000000000000000
XMM[14]=0x0000000000000000 0x00000000c2480000
XMM[15]=0x0000000000000000 0x00000000c2480000
  MXCSR=0x00001fb3


Register to memory mapping:

RAX=0x0000000000000001 is an unknown value
RBX=0x000002adffefe3a0 points into unknown readable memory: 0x00007ffaf7869250 | 50 92 86 f7 fa 7f 00 00
RCX=0x000002ada963b8b0 points into unknown readable memory: 0x000002ad97a0e8c0 | c0 e8 a0 97 ad 02 00 00
RDX=0x000002adea540000 points into unknown readable memory: 0x0000000000000000 | 00 00 00 00 00 00 00 00
RSP=0x000000b2bfbfe920 is pointing into the stack for thread: 0x000002adec4a3df0
RBP=0x00007ffaf7809370 gdx-bullet64.dll
RSI=0x0000000000000001 is an unknown value
RDI=0x000002ad97abdc20 is an unknown value
R8 =0x00000000ffffffff is an unknown heap location
R9 =0x0000000000000001 is an unknown value
R10=0x000002adea540000 points into unknown readable memory: 0x0000000000000000 | 00 00 00 00 00 00 00 00
R11=0x000000b2bfbfe840 is pointing into the stack for thread: 0x000002adec4a3df0
R12=0x000002ad97abee90 points into unknown readable memory: 0x000002ad97a0e8c0 | c0 e8 a0 97 ad 02 00 00
R13=0x00007ffaf7810730 gdx-bullet64.dll
R14=0x000000b2bfbfea50 is pointing into the stack for thread: 0x000002adec4a3df0
R15=0x000002adec4a3df0 is a thread

Top of Stack: (sp=0x000000b2bfbfe920)
0x000000b2bfbfe920:   000002adfabd11b8 0000000000000000   ................
0x000000b2bfbfe930:   000000b2bfbfea28 00007ffaf17c4885   (........H|.....
0x000000b2bfbfe940:   000002adfabd11b8 000002adfabd11b8   ................
0x000000b2bfbfe950:   0000000000000000 0000000000000939   ........9.......
0x000000b2bfbfe960:   000000b2bfbfea28 000002adffefe3a0   (...............
0x000000b2bfbfe970:   000002adfabd11b8 00007ffaf7641ede   ..........d.....
0x000000b2bfbfe980:   000002adfabd11b8 000002adfabd11b8   ................
0x000000b2bfbfe990:   000002adfabd11b8 00007ffaf1aa1795   ................
0x000000b2bfbfe9a0:   0000000000000000 000002ad8753d193   ..........S.....
0x000000b2bfbfe9b0:   000000b2bfbfea50 000002adfabd11b8   P...............
0x000000b2bfbfe9c0:   0000000000000000 0000000000000000   ................
0x000000b2bfbfe9d0:   3ff0000000000000 000002ad8753ce6b   .......?k.S.....
0x000000b2bfbfe9e0:   fffffffffffffff7 000002adfabd11b8   ................
0x000000b2bfbfe9f0:   0000000000000005 000002adfac2f110   ................
0x000000b2bfbfea00:   0000000000000000 00000000922801a0   ..........(.....
0x000000b2bfbfea10:   000002adfabd11b8 0000000000000000   ................
0x000000b2bfbfea20:   000000b2bfbfea48 000000b2bfbfeab0   H...............
0x000000b2bfbfea30:   000002ad87538b18 00000000922801a0   ..S.......(.....
0x000000b2bfbfea40:   000002ad8753a757 000002adffefe3a0   W.S.............
0x000000b2bfbfea50:   0000000000000000 00007ffaf1aa1795   ................
0x000000b2bfbfea60:   000000009210a900 fffffffffffffff5   ................
0x000000b2bfbfea70:   000002adfac2f7c1 0000000000000002   ................
0x000000b2bfbfea80:   000002adfac35218 0000000000000000   .R..............
0x000000b2bfbfea90:   0000000092105df8 000002adfac2f7e8   .]..............
0x000000b2bfbfeaa0:   fffffffffffffff3 000000b2bfbfeac0   ................
0x000000b2bfbfeab0:   000000b2bfbfeb10 000002ad87538b18   ..........S.....
0x000000b2bfbfeac0:   000000009210a900 fffffffffffffff7   ................
0x000000b2bfbfead0:   000002adfa9bff32 0000000000000002   2...............
0x000000b2bfbfeae0:   000002adfaaee278 0000000000000000   x...............
0x000000b2bfbfeaf0:   00000000844fcf60 000002adfa9bff50   `.O.....P.......
0x000000b2bfbfeb00:   fffffffffffffff6 000000b2bfbfeb20   ........ .......
0x000000b2bfbfeb10:   000000b2bfbfeb70 000002ad87538b18   p.........S.....

Instructions: (pc=0x00007ffaf75c59ed)
  0x00007ffaf75c58ed:   8b 4b 60 48 8d 15 39 ae 24 00 48 8b 6b 28 48 8b
  0x00007ffaf75c58fd:   78 40 48 8b 01 48 8b 40 48 48 39 d0 75 35 48 8b
  0x00007ffaf75c590d:   51 30 49 89 e9 49 89 f0 4c 89 e1 ff d7 4c 89 e9
  0x00007ffaf75c591d:   e8 ee b7 0f 00 4c 89 f1 e8 e6 b7 0f 00 90 48 83
  0x00007ffaf75c592d:   c4 30 5b 5e 5f 5d 41 5c 41 5d 41 5e c3 66 0f 1f
  0x00007ffaf75c593d:   44 00 00 ff d0 48 89 c2 eb c8 4c 89 e9 49 89 c4
  0x00007ffaf75c594d:   e8 be b7 0f 00 4c 89 f1 e8 b6 b7 0f 00 4c 89 e1
  0x00007ffaf75c595d:   e8 be 23 22 00 49 89 c4 eb eb 90 0f 1f 84 00 00
  0x00007ffaf75c596d:   00 00 00 41 55 41 54 55 57 56 53 48 83 ec 28 48
  0x00007ffaf75c597d:   8d 05 cd 38 2a 00 48 89 cb 48 89 01 48 8b 49 18
  0x00007ffaf75c598d:   8b 43 0c 85 c0 0f 8e 98 00 00 00 31 f6 4c 8d 2d
  0x00007ffaf75c599d:   8f ad 24 00 48 8d 2d c8 39 24 00 eb 3f 66 0f 1f
  0x00007ffaf75c59ad:   44 00 00 48 8b 49 30 4c 8b 43 28 48 8b 01 48 8b
  0x00007ffaf75c59bd:   40 50 48 39 e8 75 5a 48 8b 4b 60 4c 89 e2 48 8b
  0x00007ffaf75c59cd:   01 ff 50 18 48 c7 87 c0 00 00 00 00 00 00 00 48
  0x00007ffaf75c59dd:   8b 4b 18 48 83 c6 01 39 73 0c 7e 47 48 8b 3c f1
=>0x00007ffaf75c59ed:   4c 8b a7 c0 00 00 00 4d 85 e4 74 e7 48 8b 4b 60
  0x00007ffaf75c59fd:   48 8b 01 48 8b 40 48 4c 39 e8 74 a7 ff d0 4c 8b
  0x00007ffaf75c5a0d:   43 28 48 89 c1 48 8b 01 48 8b 40 50 48 39 e8 74
  0x00007ffaf75c5a1d:   a6 4c 89 e2 ff d0 4c 8b 43 28 eb 9b 0f 1f 80 00
  0x00007ffaf75c5a2d:   00 00 00 48 85 c9 74 06 80 7b 20 00 75 15 48 83
  0x00007ffaf75c5a3d:   c4 28 5b 5e 5f 5d 41 5c 41 5d c3 0f 1f 84 00 00
  0x00007ffaf75c5a4d:   00 00 00 e8 db cb 0e 00 90 48 83 c4 28 5b 5e 5f
  0x00007ffaf75c5a5d:   5d 41 5c 41 5d c3 90 66 66 2e 0f 1f 84 00 00 00
  0x00007ffaf75c5a6d:   00 00 90 41 54 48 83 ec 20 49 89 cc e8 f2 fe ff
  0x00007ffaf75c5a7d:   ff ba 78 00 00 00 4c 89 e1 48 83 c4 20 41 5c e9
  0x00007ffaf75c5a8d:   af ec 27 00 90 66 66 2e 0f 1f 84 00 00 00 00 00
  0x00007ffaf75c5a9d:   0f 1f 00 41 55 41 54 55 57 56 53 48 81 ec a8 00
  0x00007ffaf75c5aad:   00 00 8b 41 0c 48 89 cb 89 82 ec 00 00 00 48 89
  0x00007ffaf75c5abd:   d6 44 89 c7 44 89 cd 3b 41 10 0f 84 ab 00 00 00
  0x00007ffaf75c5acd:   4c 8b 63 18 48 63 43 0c 4c 8d 6c 24 50 48 8d 54
  0x00007ffaf75c5add:   24 60 4d 89 e9 49 89 34 c4 4c 8d 64 24 40 83 43


Stack slot to memory mapping:

stack at sp + 0 slots: {method} {0x000002adfabd11c0} 'delete_btDiscreteDynamicsWorld' '(J)V' in 'com/badlogic/gdx/physics/bullet/dynamics/DynamicsJNI'
stack at sp + 1 slots: 0x0 is null
stack at sp + 2 slots: 0x000000b2bfbfea28 is pointing into the stack for thread: 0x000002adec4a3df0
stack at sp + 3 slots: 0x00007ffaf17c4885 jvm.dll
stack at sp + 4 slots: {method} {0x000002adfabd11c0} 'delete_btDiscreteDynamicsWorld' '(J)V' in 'com/badlogic/gdx/physics/bullet/dynamics/DynamicsJNI'
stack at sp + 5 slots: {method} {0x000002adfabd11c0} 'delete_btDiscreteDynamicsWorld' '(J)V' in 'com/badlogic/gdx/physics/bullet/dynamics/DynamicsJNI'
stack at sp + 6 slots: 0x0 is null
stack at sp + 7 slots: 0x0000000000000939 is an unknown value

Lock stack of current Java thread (top to bottom):
LockStack[0]: com.badlogic.gdx.physics.bullet.dynamics.btDiscreteDynamicsWorld 
{0x000000009210a900} - klass: 'com/badlogic/gdx/physics/bullet/dynamics/btDiscreteDynamicsWorld' - flags: has_finalizer 

 - ---- fields (total size 7 words):
 - private 'refCount' 'I' @12  0 (0x00000000)
 - private 'cPointer' 'J' @16  2946346509216 (0x000002adffefe3a0)
 - protected 'swigCMemOwn' 'Z' @24  false (0x00)
 - private 'disposed' 'Z' @25  true (0x01)
 - protected 'destroyed' 'Z' @26  false (0x00)
 - public final 'className' 'Ljava/lang/String;' @28  "btDiscreteDynamicsWorld"{0x0000000092106af8} (0x92106af8)
 - private 'swigCPtr' 'J' @32  2946346509216 (0x000002adffefe3a0)
 - private 'swigCPtr' 'J' @40  2946346509216 (0x000002adffefe3a0)
 - private 'swigCPtr' 'J' @48  2946346509216 (0x000002adffefe3a0)

native method entry point (kind = native)  [0x000002ad8753cdc0, 0x000002ad8753d8b8]  2808 bytes
[MachCode]
  0x000002ad8753cdc0: 488b 4b08 | 0fb7 492e | 584c 8d74 | ccf8 6800 | 0000 0068 | 0000 0000 | 5055 488b | ec41 5548 
  0x000002ad8753cde0: 8b43 084c | 8d68 3848 | 8b40 0868 | 0000 0000 | 5348 8b50 | 1848 8b52 | 7048 8b12 | 5248 8b53 
  0x000002ad8753ce00: 1048 85d2 | 7407 4881 | c2d0 0000 | 0052 488b | 5010 5249 | 8bc6 482b | c548 c1e8 | 0350 6800 
  0x000002ad8753ce20: 0000 0068 | f7ff ffff | 41c6 87f1 | 0400 0001 | 488b 4310 | 4885 c074 | 208b 8890 | 0000 0083 
  0x000002ad8753ce40: c102 8988 | 9000 0000 | 2388 a400 | 0000 0f84 | b209 0000 | e9cf 0000 | 0048 8b43 | 1848 85c0 
  0x000002ad8753ce60: 0f85 b000 | 0000 e805 | 0000 00e9 | 9900 0000 | 488b d348 | 8d44 2408 | 4c89 6dc0 | 498b cfc5 
  0x000002ad8753ce80: f877 4989 | af38 0400 | 0049 8987 | 2804 0000 | 4883 ec20 | 40f6 c40f | 0f84 1900 | 0000 4883 
  0x000002ad8753cea0: ec08 48b8 | e01e 7cf1 | fa7f 0000 | ffd0 4883 | c408 e90c | 0000 0048 | b8e0 1e7c | f1fa 7f00 
  0x000002ad8753cec0: 00ff d048 | 83c4 2049 | c787 2804 | 0000 0000 | 0000 49c7 | 8738 0400 | 0000 0000 | 0049 c787 
  0x000002ad8753cee0: 3004 0000 | 0000 0000 | c5f8 7749 | 837f 0800 | 0f84 0500 | 0000 e9e5 | 42ff ff4c | 8b6d c04c 
  0x000002ad8753cf00: 8b75 c84e | 8d74 f500 | c348 8b43 | 1848 85c0 | 0f84 1200 | 0000 8b48 | 0883 c102 | 8948 0823 
  0x000002ad8753cf20: 482c 0f84 | de08 0000 | 493b a770 | 0500 000f | 8748 0000 | 0089 8424 | 00f0 ffff | 8984 2400 
  0x000002ad8753cf40: e0ff ff89 | 8424 00d0 | ffff 8984 | 2400 c0ff | ff89 8424 | 00b0 ffff | 8984 2400 | a0ff ff89 
  0x000002ad8753cf60: 8424 0090 | ffff 8984 | 2400 80ff | ff49 3ba7 | 6805 0000 | 7607 4989 | a770 0500 | 0041 c687 
  0x000002ad8753cf80: f104 0000 | 0048 8b5d | e84c 8b5b | 0845 0fb7 | 5b2e 41c1 | e303 492b | e348 83ec | 2048 83e4 
  0x000002ad8753cfa0: f04c 8b5b | 604d 85db | 0f85 ab00 | 0000 e805 | 0000 00e9 | 9900 0000 | 488b d348 | 8d44 2408 
  0x000002ad8753cfc0: 4c89 6dc0 | 498b cfc5 | f877 4989 | af38 0400 | 0049 8987 | 2804 0000 | 4883 ec20 | 40f6 c40f 
  0x000002ad8753cfe0: 0f84 1900 | 0000 4883 | ec08 48b8 | 1048 7cf1 | fa7f 0000 | ffd0 4883 | c408 e90c | 0000 0048 
  0x000002ad8753d000: b810 487c | f1fa 7f00 | 00ff d048 | 83c4 2049 | c787 2804 | 0000 0000 | 0000 49c7 | 8738 0400 
  0x000002ad8753d020: 0000 0000 | 0049 c787 | 3004 0000 | 0000 0000 | c5f8 7749 | 837f 0800 | 0f84 0500 | 0000 e99d 
  0x000002ad8753d040: 41ff ff4c | 8b6d c04c | 8b75 c84e | 8d74 f500 | c348 8b5d | e84c 8b5b | 6041 ffd3 | 488b 5de8 
  0x000002ad8753d060: 4889 4518 | 440f b75b | 2c41 f6c3 | 080f 841b | 0000 004c | 8b5b 084d | 8b5b 084d | 8b5b 184d 
  0x000002ad8753d080: 8b5b 704d | 8b1b 4c89 | 5d10 488d | 5510 488b | 4358 49ba | 800e b7f1 | fa7f 0000 | 493b c20f 
  0x000002ad8753d0a0: 85ab 0000 | 00e8 0500 | 0000 e999 | 0000 0048 | 8bd3 488d | 4424 084c | 896d c049 | 8bcf c5f8 
  0x000002ad8753d0c0: 7749 89af | 3804 0000 | 4989 8728 | 0400 0048 | 83ec 2040 | f6c4 0f0f | 8419 0000 | 0048 83ec 
  0x000002ad8753d0e0: 0848 b810 | 487c f1fa | 7f00 00ff | d048 83c4 | 08e9 0c00 | 0000 48b8 | 1048 7cf1 | fa7f 0000 
  0x000002ad8753d100: ffd0 4883 | c420 49c7 | 8728 0400 | 0000 0000 | 0049 c787 | 3804 0000 | 0000 0000 | 49c7 8730 
  0x000002ad8753d120: 0400 0000 | 0000 00c5 | f877 4983 | 7f08 000f | 8405 0000 | 00e9 a640 | ffff 4c8b | 6dc0 4c8b 
  0x000002ad8753d140: 75c8 4e8d | 74f5 00c3 | 488b 5de8 | 488b 4358 | 498d 8f48 | 0400 004c | 8d15 d500 | 0000 4d89 
  0x000002ad8753d160: 9730 0400 | 00c5 f877 | 4989 af38 | 0400 0049 | 89a7 2804 | 0000 41c7 | 87d4 0400 | 0004 0000 
  0x000002ad8753d180: 0049 3ba7 | c805 0000 | 7607 4989 | a7c8 0500 | 00ff d049 | 3ba7 c805 | 0000 720b | 49c7 87c8 
  0x000002ad8753d1a0: 0500 0000 | 0000 00c5 | f877 4883 | ec10 c5fb | 1104 2448 | 83ec 1048 | 8904 2448 | c744 2408 
  0x000002ad8753d1c0: 0000 0000 | 41c7 87d4 | 0400 0005 | 0000 00f0 | 8344 24c0 | 0049 3b6f | 280f 870e | 0000 0041 
  0x000002ad8753d1e0: 83bf d004 | 0000 000f | 8420 0000 | 0049 8bcf | 4c8b e448 | 83ec 2048 | 83e4 f048 | b840 ac7d 
  0x000002ad8753d200: f1fa 7f00 | 00ff d049 | 8be4 4d33 | e441 c787 | d404 0000 | 0800 0000 | 4d8b 97f0 | 0500 0049 
  0x000002ad8753d220: 83fa 0074 | 3549 c787 | f005 0000 | 0000 0000 | 41ff e249 | ba60 be53 | 87ad 0200 | 0041 ffd2 
  0x000002ad8753d240: 4883 ec10 | c5fb 1104 | 2448 83ec | 1048 8904 | 2448 c744 | 2408 0000 | 0000 49c7 | 8728 0400 
  0x000002ad8753d260: 0000 0000 | 0049 c787 | 3804 0000 | 0000 0000 | 49c7 8730 | 0400 0000 | 0000 00c5 | f877 4d8b 
  0x000002ad8753d280: 9fb8 0400 | 0041 c783 | 0001 0000 | 0000 0000 | 49bb 5aa7 | 5387 ad02 | 0000 4c3b | 5d18 0f85 
  0x000002ad8753d2a0: 5501 0000 | 488b 0424 | 4883 c410 | 4885 c00f | 842f 0100 | 00a8 030f | 8508 0000 | 0048 8b00 
  0x000002ad8753d2c0: e91f 0100 | 00a8 010f | 8509 0000 | 0048 8b40 | fee9 0e01 | 0000 488b | 40ff 4180 | 7f48 000f 
  0x000002ad8753d2e0: 84ff 0000 | 0048 83f8 | 000f 84f5 | 0000 004d | 8b5f 384d | 85db 0f84 | 1400 0000 | 4983 eb08 
  0x000002ad8753d300: 4d89 5f38 | 4d03 5f40 | 4989 03e9 | d400 0000 | 4883 ec70 | 4889 0424 | 4889 4c24 | 0848 8954 
  0x000002ad8753d320: 2410 4c89 | 4424 184c | 894c 2420 | 4c89 5424 | 284c 895c | 2430 c5fb | 1144 2440 | c5fb 114c 
  0x000002ad8753d340: 2448 c5fb | 1154 2450 | c5fb 115c | 2458 c5fb | 1164 2460 | c5fb 116c | 2468 498b | d748 8bc8 
  0x000002ad8753d360: 4883 ec20 | 40f6 c40f | 0f84 1900 | 0000 4883 | ec08 48b8 | 2076 70f1 | fa7f 0000 | ffd0 4883 
  0x000002ad8753d380: c408 e90c | 0000 0048 | b820 7670 | f1fa 7f00 | 00ff d048 | 83c4 20c5 | fb10 6c24 | 68c5 fb10 
  0x000002ad8753d3a0: 6424 60c5 | fb10 5c24 | 58c5 fb10 | 5424 50c5 | fb10 4c24 | 48c5 fb10 | 4424 404c | 8b5c 2430 
  0x000002ad8753d3c0: 4c8b 5424 | 284c 8b4c | 2420 4c8b | 4424 1848 | 8b54 2410 | 488b 4c24 | 0848 8b04 | 2448 83c4 
  0x000002ad8753d3e0: 70c5 f877 | 4889 4510 | 4883 ec10 | 4889 0424 | 48c7 4424 | 0800 0000 | 0041 83bf | 5005 0000 
  0x000002ad8753d400: 020f 85bf | 0000 0048 | 81ec 8000 | 0000 4889 | 4424 7848 | 894c 2470 | 4889 5424 | 6848 895c 
  0x000002ad8753d420: 2460 4889 | 6c24 5048 | 8974 2448 | 4889 7c24 | 404c 8944 | 2438 4c89 | 4c24 304c | 8954 2428 
  0x000002ad8753d440: 4c89 5c24 | 204c 8964 | 2418 4c89 | 6c24 104c | 8974 2408 | 4c89 3c24 | 4c8b e448 | 83ec 2048 
  0x000002ad8753d460: 83e4 f048 | b8f0 f5b6 | f1fa 7f00 | 00ff d049 | 8be4 4c8b | 3c24 4c8b | 7424 084c | 8b6c 2410 
  0x000002ad8753d480: 4c8b 6424 | 184c 8b5c | 2420 4c8b | 5424 284c | 8b4c 2430 | 4c8b 4424 | 3848 8b7c | 2440 488b 
  0x000002ad8753d4a0: 7424 4848 | 8b6c 2450 | 488b 5c24 | 6048 8b54 | 2468 488b | 4c24 7048 | 8b44 2478 | 4881 c480 
  0x000002ad8753d4c0: 0000 004d | 33e4 488b | 5de8 4c8b | 6b08 4d8d | 6d38 4983 | 7f08 000f | 84bb 0000 | 00e8 0500 
  0x000002ad8753d4e0: 0000 e996 | 0000 0048 | 8d44 2408 | 4c89 6dc0 | 498b cfc5 | f877 4989 | af38 0400 | 0049 8987 
  0x000002ad8753d500: 2804 0000 | 4883 ec20 | 40f6 c40f | 0f84 1900 | 0000 4883 | ec08 48b8 | 5066 7cf1 | fa7f 0000 
  0x000002ad8753d520: ffd0 4883 | c408 e90c | 0000 0048 | b850 667c | f1fa 7f00 | 00ff d048 | 83c4 2049 | c787 2804 
  0x000002ad8753d540: 0000 0000 | 0000 49c7 | 8738 0400 | 0000 0000 | 0049 c787 | 3004 0000 | 0000 0000 | c5f8 7749 
  0x000002ad8753d560: 837f 0800 | 0f84 0500 | 0000 e971 | 3cff ff4c | 8b6d c04c | 8b75 c84e | 8d74 f500 | c348 b928 
  0x000002ad8753d580: 08e0 f1fa | 7f00 0048 | 83e4 f048 | b850 8ca3 | f1fa 7f00 | 00ff d0f4 | 440f b75b | 2c41 f6c3 
  0x000002ad8753d5a0: 200f 8472 | 0100 0048 | 8d55 a84c | 8b5a 084d | 85db 0f85 | bb00 0000 | e805 0000 | 00e9 9600 
  0x000002ad8753d5c0: 0000 488d | 4424 084c | 896d c049 | 8bcf c5f8 | 7749 89af | 3804 0000 | 4989 8728 | 0400 0048 
  0x000002ad8753d5e0: 83ec 2040 | f6c4 0f0f | 8419 0000 | 0048 83ec | 0848 b880 | 657c f1fa | 7f00 00ff | d048 83c4 
  0x000002ad8753d600: 08e9 0c00 | 0000 48b8 | 8065 7cf1 | fa7f 0000 | ffd0 4883 | c420 49c7 | 8728 0400 | 0000 0000 
  0x000002ad8753d620: 0049 c787 | 3804 0000 | 0000 0000 | 49c7 8730 | 0400 0000 | 0000 00c5 | f877 4983 | 7f08 000f 
  0x000002ad8753d640: 8405 0000 | 00e9 963b | ffff 4c8b | 6dc0 4c8b | 75c8 4e8d | 74f5 00c3 | 48b9 2808 | e0f1 fa7f 
  0x000002ad8753d660: 0000 4883 | e4f0 48b8 | 508c a3f1 | fa7f 0000 | ffd0 f44c | 896d c04c | 8b4a 0848 | c742 0800 
  0x000002ad8753d680: 0000 0045 | 8b87 d806 | 0000 4f3b | 4c07 f80f | 8542 0000 | 0041 83af | d806 0000 | 084f 3b4c 
  0x000002ad8753d6a0: 07f0 0f84 | 2a00 0000 | 498b 01a8 | 020f 8512 | 0000 004c | 8bc0 4983 | c801 f04d | 0fb1 010f 
  0x000002ad8753d6c0: 840d 0000 | 0041 8387 | d806 0000 | 08e9 0500 | 0000 e93e | 0000 004c | 894a 0848 | 8bca 4883 
  0x000002ad8753d6e0: ec20 40f6 | c40f 0f84 | 1900 0000 | 4883 ec08 | 48b8 d037 | 7cf1 fa7f | 0000 ffd0 | 4883 c408 
  0x000002ad8753d700: e90c 0000 | 0048 b8d0 | 377c f1fa | 7f00 00ff | d048 83c4 | 204c 8b6d | c041 c687 | 9603 0000 
  0x000002ad8753d720: 0149 3b6f | 280f 8705 | 0000 00e9 | ab00 0000 | 4883 ec10 | c5fb 1104 | 2448 83ec | 1048 8904 
  0x000002ad8753d740: 2448 c744 | 2408 0000 | 0000 c5f8 | 7749 89af | 3804 0000 | 49ba 4ad7 | 5387 ad02 | 0000 4d89 
  0x000002ad8753d760: 9730 0400 | 0049 89a7 | 2804 0000 | 498b cf48 | 83ec 2040 | f6c4 0f0f | 8419 0000 | 0048 83ec 
  0x000002ad8753d780: 0848 b870 | 1e7c f1fa | 7f00 00ff | d048 83c4 | 08e9 0c00 | 0000 48b8 | 701e 7cf1 | fa7f 0000 
  0x000002ad8753d7a0: ffd0 4883 | c420 49c7 | 8728 0400 | 0000 0000 | 0049 c787 | 3804 0000 | 0000 0000 | 49c7 8730 
  0x000002ad8753d7c0: 0400 0000 | 0000 00c5 | f877 488b | 0424 4883 | c410 c5fb | 1004 2448 | 83c4 1048 | 8b04 2448 
  0x000002ad8753d7e0: 83c4 10c5 | fb10 0424 | 4883 c410 | 4c8b 5d18 | 41ff d34c | 8b5d f8c9 | 41c6 8796 | 0300 0000 
  0x000002ad8753d800: 5f49 8be3 | ffe7 ba00 | 0000 00e8 | 0500 0000 | e996 0000 | 0048 8d44 | 2408 4c89 | 6dc0 498b 
  0x000002ad8753d820: cfc5 f877 | 4989 af38 | 0400 0049 | 8987 2804 | 0000 4883 | ec20 40f6 | c40f 0f84 | 1900 0000 
  0x000002ad8753d840: 4883 ec08 | 48b8 c02d | 7cf1 fa7f | 0000 ffd0 | 4883 c408 | e90c 0000 | 0048 b8c0 | 2d7c f1fa 
  0x000002ad8753d860: 7f00 00ff | d048 83c4 | 2049 c787 | 2804 0000 | 0000 0000 | 49c7 8738 | 0400 0000 | 0000 0049 
  0x000002ad8753d880: c787 3004 | 0000 0000 | 0000 c5f8 | 7749 837f | 0800 0f84 | 0500 0000 | e943 39ff | ff4c 8b6d 
  0x000002ad8753d8a0: c04c 8b75 | c84e 8d74 | f500 c348 | 8b5d e8e9 | 74f6 ffff | 0f1f 4000 
[/MachCode]

Compiled method (c1) 49195 2031   !   3       com.badlogic.gdx.scenes.scene2d.Actor::notify (183 bytes)
 total in heap  [0x000002ad802dda08,0x000002ad802df340] = 6456
 main code      [0x000002ad802ddb00,0x000002ad802df250] = 5968
 stub code      [0x000002ad802df250,0x000002ad802df330] = 224
 oops           [0x000002ad802df330,0x000002ad802df340] = 16
 mutable data [0x000002adff5c69c0,0x000002adff5c6c18] = 600
 relocation     [0x000002adff5c69c0,0x000002adff5c6b70] = 432
 metadata       [0x000002adff5c6b70,0x000002adff5c6c18] = 168
 immutable data [0x000002adff71fa30,0x000002adff71ffe8] = 1464
 dependencies   [0x000002adff71fa30,0x000002adff71fa80] = 80
 nul chk table  [0x000002adff71fa80,0x000002adff71fab0] = 48
 handler table  [0x000002adff71fab0,0x000002adff71fb28] = 120
 scopes pcs     [0x000002adff71fb28,0x000002adff71fd98] = 624
 scopes data    [0x000002adff71fd98,0x000002adff71ffe8] = 592

[Constant Pool (empty)]

[MachCode]
[Instructions begin]
  0x000002ad802ddb00: 6666 660f | 1f84 0000 | 0000 0066 | 6666 9066 | 6690 448b | 5208 443b 

  0x000002ad802ddb18: ;   {runtime_call Shared Runtime ic_miss_blob}
  0x000002ad802ddb18: 5008 0f85 | c00f 2a07 
[Verified Entry Point]
  0x000002ad802ddb20: 8984 2400 | 80ff ff55 | 4881 ece0 | 0000 0090 | 4181 7f20 | 0800 0000 

  0x000002ad802ddb38: ;   {runtime_call Stub::method_entry_barrier}
  0x000002ad802ddb38: 7405 e8c1 | 6628 0748 | 8994 24a0 | 0000 004c | 8984 2488 

  0x000002ad802ddb4c: ;   {metadata(method data for {method} {0x000002adfa7f7e70} 'notify' '(Lcom/badlogic/gdx/scenes/scene2d/Event;Z)Z' in 'com/badlogic/gdx/scenes/scene2d/Actor')}
  0x000002ad802ddb4c: 0000 0048 | be58 6d99 | faad 0200 | 008b be90 | 0000 0083 | c702 89be | 9000 0000 | 81e7 fe07 
  0x000002ad802ddb6c: 0000 85ff | 0f84 eb13 | 0000 493b | 0049 8bf0 

  0x000002ad802ddb7c: ;   {metadata(method data for {method} {0x000002adfa7f7e70} 'notify' '(Lcom/badlogic/gdx/scenes/scene2d/Event;Z)Z' in 'com/badlogic/gdx/scenes/scene2d/Actor')}
  0x000002ad802ddb7c: 48bf 586d | 99fa ad02 | 0000 8b76 | 0841 ba00 | 0000 3849 | 03f2 483b | b7e0 0000 | 0075 0d48 
  0x000002ad802ddb9c: 8387 e800 | 0000 01e9 | 6000 0000 | 483b b7f0 | 0000 0075 | 0d48 8387 | f800 0000 | 01e9 4a00 
  0x000002ad802ddbbc: 0000 4883 | bfe0 0000 | 0000 7517 | 4889 b7e0 | 0000 0048 | c787 e800 | 0000 0100 | 0000 e929 
  0x000002ad802ddbdc: 0000 0048 | 83bf f000 | 0000 0075 | 1748 89b7 | f000 0000 | 48c7 87f8 | 0000 0001 | 0000 00e9 
  0x000002ad802ddbfc: 0800 0000 | 4883 87d8 | 0000 0001 | 418b 7018 

  0x000002ad802ddc0c: ;   {metadata(method data for {method} {0x000002adfa7f7e70} 'notify' '(Lcom/badlogic/gdx/scenes/scene2d/Event;Z)Z' in 'com/badlogic/gdx/scenes/scene2d/Actor')}
  0x000002ad802ddc0c: 4885 f648 | be58 6d99 | faad 0200 | 00bf 1801 | 0000 7405 | bf08 0100 | 0048 8b1c | 3e48 8d5b 
  0x000002ad802ddc2c: 0148 891c | 3e0f 848a | 1200 0045 

  0x000002ad802ddc38: ;   {metadata(method data for {method} {0x000002adfa7f7e70} 'notify' '(Lcom/badlogic/gdx/scenes/scene2d/Event;Z)Z' in 'com/badlogic/gdx/scenes/scene2d/Actor')}
  0x000002ad802ddc38: 85c9 48be | 586d 99fa | ad02 0000 | bf38 0100 | 0074 05bf | 4801 0000 | 488b 1c3e | 488d 5b01 
  0x000002ad802ddc58: 4889 1c3e | 0f84 1800 | 0000 8b72 

  0x000002ad802ddc64: ;   {metadata(method data for {method} {0x000002adfa7f7e70} 'notify' '(Lcom/badlogic/gdx/scenes/scene2d/Event;Z)Z' in 'com/badlogic/gdx/scenes/scene2d/Actor')}
  0x000002ad802ddc64: 4048 bf58 | 6d99 faad | 0200 00ff | 8758 0100 | 00e9 0300 | 0000 8b72 | 3c8b 7e0c | 89bc 2494 
  0x000002ad802ddc84: 0000 0085 

  0x000002ad802ddc88: ;   {metadata(method data for {method} {0x000002adfa7f7e70} 'notify' '(Lcom/badlogic/gdx/scenes/scene2d/Event;Z)Z' in 'com/badlogic/gdx/scenes/scene2d/Actor')}
  0x000002ad802ddc88: ff48 bb58 | 6d99 faad | 0200 00b8 | 8001 0000 | 7405 b870 | 0100 0048 | 8b0c 0348 | 8d49 0148 
  0x000002ad802ddca8: 890c 030f | 8483 1000 | 0049 8bd8 

  0x000002ad802ddcb4: ;   {metadata(method data for {method} {0x000002adfa7f7e70} 'notify' '(Lcom/badlogic/gdx/scenes/scene2d/Event;Z)Z' in 'com/badlogic/gdx/scenes/scene2d/Actor')}
  0x000002ad802ddcb4: 48b8 586d | 99fa ad02 | 0000 8b5b | 0841 ba00 | 0000 3849 | 03da 483b | 98c8 0100 | 0075 0d48 
  0x000002ad802ddcd4: 8380 d001 | 0000 01e9 | 6000 0000 | 483b 98d8 | 0100 0075 | 0d48 8380 | e001 0000 | 01e9 4a00 
  0x000002ad802ddcf4: 0000 4883 | b8c8 0100 | 0000 7517 | 4889 98c8 | 0100 0048 | c780 d001 | 0000 0100 | 0000 e929 
  0x000002ad802ddd14: 0000 0048 | 83b8 d801 | 0000 0075 | 1748 8998 | d801 0000 | 48c7 80e0 | 0100 0001 | 0000 00e9 
  0x000002ad802ddd34: 0800 0000 | 4883 80c0 | 0100 0001 | 410f be5f | 4885 db0f | 853f 1200 | 004c 8bd2 | 4589 501c 
  0x000002ad802ddd54: 498b d848 | 33da 48c1 | eb14 4883 | fb00 0f85 | 4012 0000 

  0x000002ad802ddd68: ;   {metadata(method data for {method} {0x000002adfa7f7e70} 'notify' '(Lcom/badlogic/gdx/scenes/scene2d/Event;Z)Z' in 'com/badlogic/gdx/scenes/scene2d/Actor')}
  0x000002ad802ddd68: 498b d848 | b858 6d99 | faad 0200 | 008b 5b08 | 41ba 0000 | 0038 4903 | da48 3b98 | f801 0000 
  0x000002ad802ddd88: 750d 4883 | 8000 0200 | 0001 e960 | 0000 0048 | 3b98 0802 | 0000 750d | 4883 8010 | 0200 0001 
  0x000002ad802ddda8: e94a 0000 | 0048 83b8 | f801 0000 | 0075 1748 | 8998 f801 | 0000 48c7 | 8000 0200 | 0001 0000 
  0x000002ad802dddc8: 00e9 2900 | 0000 4883 | b808 0200 | 0000 7517 | 4889 9808 | 0200 0048 | c780 1002 | 0000 0100 
  0x000002ad802ddde8: 0000 e908 | 0000 0048 | 8380 f001 | 0000 0141 | 83e1 0145 | 8848 0c49 

  0x000002ad802dde00: ;   {metadata(method data for {method} {0x000002adfa7f7e70} 'notify' '(Lcom/badlogic/gdx/scenes/scene2d/Event;Z)Z' in 'com/badlogic/gdx/scenes/scene2d/Actor')}
  0x000002ad802dde00: 8bd8 48b8 | 586d 99fa | ad02 0000 | 8b5b 0841 | ba00 0000 | 3849 03da | 483b 9828 | 0200 0075 
  0x000002ad802dde20: 0d48 8380 | 3002 0000 | 01e9 6000 | 0000 483b | 9838 0200 | 0075 0d48 | 8380 4002 | 0000 01e9 
  0x000002ad802dde40: 4a00 0000 | 4883 b828 | 0200 0000 | 7517 4889 | 9828 0200 | 0048 c780 | 3002 0000 | 0100 0000 
  0x000002ad802dde60: e929 0000 | 0048 83b8 | 3802 0000 | 0075 1748 | 8998 3802 | 0000 48c7 | 8040 0200 | 0001 0000 
  0x000002ad802dde80: 00e9 0800 | 0000 4883 | 8020 0200 | 0001 418b | 5814 4885 

  0x000002ad802dde94: ;   {metadata(method data for {method} {0x000002adfa7f7e70} 'notify' '(Lcom/badlogic/gdx/scenes/scene2d/Event;Z)Z' in 'com/badlogic/gdx/scenes/scene2d/Actor')}
  0x000002ad802dde94: db48 bb58 | 6d99 faad | 0200 00b8 | 5002 0000 | 7505 b860 | 0200 0048 | 8b0c 0348 | 8d49 0148 
  0x000002ad802ddeb4: 890c 030f | 85ba 0000 | 008b 5a34 

  0x000002ad802ddec0: ;   {metadata(method data for {method} {0x000002adfa7f7e70} 'notify' '(Lcom/badlogic/gdx/scenes/scene2d/Event;Z)Z' in 'com/badlogic/gdx/scenes/scene2d/Actor')}
  0x000002ad802ddec0: 498b c048 | b958 6d99 | faad 0200 | 008b 4008 | 41ba 0000 | 0038 4903 | c248 3b81 | 7802 0000 
  0x000002ad802ddee0: 750d 4883 | 8180 0200 | 0001 e960 | 0000 0048 | 3b81 8802 | 0000 750d | 4883 8190 | 0200 0001 
  0x000002ad802ddf00: e94a 0000 | 0048 83b9 | 7802 0000 | 0075 1748 | 8981 7802 | 0000 48c7 | 8180 0200 | 0001 0000 
  0x000002ad802ddf20: 00e9 2900 | 0000 4883 | b988 0200 | 0000 7517 | 4889 8188 | 0200 0048 | c781 9002 | 0000 0100 
  0x000002ad802ddf40: 0000 e908 | 0000 0048 | 8381 7002 | 0000 0141 | 0fbe 4748 | 85c0 0f85 | 6410 0000 | 4c8b d345 
  0x000002ad802ddf60: 8950 1449 | 8bc0 4833 | c348 c1e8 | 1448 83f8 | 000f 8565 | 1000 0048 

  0x000002ad802ddf78: ;   {metadata(method data for {method} {0x000002adfa7f7e70} 'notify' '(Lcom/badlogic/gdx/scenes/scene2d/Event;Z)Z' in 'com/badlogic/gdx/scenes/scene2d/Actor')}
  0x000002ad802ddf78: 8bde 48b8 | 586d 99fa | ad02 0000 

  0x000002ad802ddf84: ;   {metadata('com/badlogic/gdx/utils/DelayedRemovalArray')}
  0x000002ad802ddf84: 49ba c00d | 0939 0000 | 0000 4c89 | 90a8 0200 | 0048 8380 | b002 0000 

  0x000002ad802ddf9c: ;   {metadata(method data for {method} {0x000002adfa852458} 'begin' '()V' in 'com/badlogic/gdx/utils/DelayedRemovalArray')}
  0x000002ad802ddf9c: 0148 bb60 | 7399 faad | 0200 008b | 8390 0000 | 0083 c002 | 8983 9000 | 0000 25fe | ff1f 0085 
  0x000002ad802ddfbc: c00f 8431 | 1000 008b | 5e24 ffc3 | 895e 24bb | 0000 0000 | e992 0300 | 0066 6690 

  0x000002ad802ddfd8: ;   {metadata(method data for {method} {0x000002adfa7f7e70} 'notify' '(Lcom/badlogic/gdx/scenes/scene2d/Event;Z)Z' in 'com/badlogic/gdx/scenes/scene2d/Actor')}
  0x000002ad802ddfd8: 488b c648 | b958 6d99 | faad 0200 | 008b 4008 | 41ba 0000 | 0038 4903 | c248 3b81 | f802 0000 
  0x000002ad802ddff8: 750d 4883 | 8100 0300 | 0001 e960 | 0000 0048 | 3b81 0803 | 0000 750d | 4883 8110 | 0300 0001 
  0x000002ad802de018: e94a 0000 | 0048 83b9 | f802 0000 | 0075 1748 | 8981 f802 | 0000 48c7 | 8100 0300 | 0001 0000 
  0x000002ad802de038: 00e9 2900 | 0000 4883 | b908 0300 | 0000 7517 | 4889 8108 | 0300 0048 | c781 1003 | 0000 0100 
  0x000002ad802de058: 0000 e908 | 0000 0048 | 8381 f002 | 0000 014c | 8bc3 488b | d648 89b4 | 2498 0000 | 0089 9c24 
  0x000002ad802de078: 9000 0000 

  0x000002ad802de07c: ;   {optimized virtual_call}
  0x000002ad802de07c: 6666 90e8 

  0x000002ad802de080: ; ImmutableOopMap {[136]=Oop [152]=Oop [160]=Oop }
                      ;*invokevirtual get {reexecute=0 rethrow=0 return_oop=0}
                      ; - com.badlogic.gdx.scenes.scene2d.Actor::notify@93 (line 193)
  0x000002ad802de080: 8c38 8807 

  0x000002ad802de084: ;   {post_call_nop}
  0x000002ad802de084: 0f1f 8400 | 7c06 0000 

  0x000002ad802de08c: ;   {metadata(method data for {method} {0x000002adfa7f7e70} 'notify' '(Lcom/badlogic/gdx/scenes/scene2d/Event;Z)Z' in 'com/badlogic/gdx/scenes/scene2d/Actor')}
  0x000002ad802de08c: 4885 c048 | be58 6d99 | faad 0200 | 0075 0c80 | 8e19 0300 | 0001 e9c1 | 0000 008b | 7808 41ba 
  0x000002ad802de0ac: 0000 0038 | 4903 fa48 | 3bbe 2803 | 0000 750d | 4883 8630 | 0300 0001 | e960 0000 | 0048 3bbe 
  0x000002ad802de0cc: 3803 0000 | 750d 4883 | 8640 0300 | 0001 e94a | 0000 0048 | 83be 2803 | 0000 0075 | 1748 89be 
  0x000002ad802de0ec: 2803 0000 | 48c7 8630 | 0300 0001 | 0000 00e9 | 2900 0000 | 4883 be38 | 0300 0000 | 7517 4889 
  0x000002ad802de10c: be38 0300 | 0048 c786 | 4003 0000 | 0100 0000 | e908 0000 | 0048 8386 | 2003 0000 

  0x000002ad802de128: ;   {metadata('com/badlogic/gdx/scenes/scene2d/EventListener')}
  0x000002ad802de128: 0148 bf88 | de90 faad | 0200 008b | 7008 41ba | 0000 0038 | 4903 f248 | 3b7e 200f | 841f 0000 
  0x000002ad802de148: 0048 3bf7 | 0f84 1600 | 0000 5657 

  0x000002ad802de154: ;   {runtime_call C1 Runtime slow_subtype_check_blob}
  0x000002ad802de154: e887 3437 | 075e 5e85 | f60f 84b2 | 0e00 00e9 | 0000 0000 | 488b d048 | 3b02 4c8b 

  0x000002ad802de170: ;   {metadata(method data for {method} {0x000002adfa7f7e70} 'notify' '(Lcom/badlogic/gdx/scenes/scene2d/Event;Z)Z' in 'com/badlogic/gdx/scenes/scene2d/Actor')}
  0x000002ad802de170: c248 be58 | 6d99 faad | 0200 0045 | 8b40 0841 | ba00 0000 | 384d 03c2 | 4c3b 8658 | 0300 0075 
  0x000002ad802de190: 0d48 8386 | 6003 0000 | 01e9 6000 | 0000 4c3b | 8668 0300 | 0075 0d48 | 8386 7003 | 0000 01e9 
  0x000002ad802de1b0: 4a00 0000 | 4883 be58 | 0300 0000 | 7517 4c89 | 8658 0300 | 0048 c786 | 6003 0000 | 0100 0000 
  0x000002ad802de1d0: e929 0000 | 0048 83be | 6803 0000 | 0075 174c | 8986 6803 | 0000 48c7 | 8670 0300 | 0001 0000 
  0x000002ad802de1f0: 00e9 0800 | 0000 4883 | 8650 0300 | 0001 4c8b | 8424 8800 | 0000 0f1f | 8000 0000 | 0048 b890 
  0x000002ad802de210: 920c ffad 

  0x000002ad802de214: ;   {virtual_call}
  0x000002ad802de214: 0200 00e8 

  0x000002ad802de218: ; ImmutableOopMap {[136]=Oop [152]=Oop [160]=Oop }
                      ;*invokeinterface handle {reexecute=0 rethrow=0 return_oop=0}
                      ; - com.badlogic.gdx.scenes.scene2d.Actor::notify@100 (line 193)
  0x000002ad802de218: cca9 3707 

  0x000002ad802de21c: ;   {post_call_nop}
  0x000002ad802de21c: 0f1f 8400 | 1408 0001 

  0x000002ad802de224: ;   {metadata(method data for {method} {0x000002adfa7f7e70} 'notify' '(Lcom/badlogic/gdx/scenes/scene2d/Event;Z)Z' in 'com/badlogic/gdx/scenes/scene2d/Actor')}
  0x000002ad802de224: 85c0 48ba | 586d 99fa | ad02 0000 | be80 0300 | 0074 05be | 9003 0000 | 488b 3c32 | 488d 7f01 
  0x000002ad802de244: 4889 3c32 | 4c8b 8424 | 8800 0000 | 0f84 bb00 | 0000 498b 

  0x000002ad802de258: ;   {metadata(method data for {method} {0x000002adfa7f7e70} 'notify' '(Lcom/badlogic/gdx/scenes/scene2d/Event;Z)Z' in 'com/badlogic/gdx/scenes/scene2d/Actor')}
  0x000002ad802de258: d048 be58 | 6d99 faad | 0200 008b | 5208 41ba | 0000 0038 | 4903 d248 | 3b96 a803 | 0000 750d 
  0x000002ad802de278: 4883 86b0 | 0300 0001 | e960 0000 | 0048 3b96 | b803 0000 | 750d 4883 | 86c0 0300 | 0001 e94a 
  0x000002ad802de298: 0000 0048 | 83be a803 | 0000 0075 | 1748 8996 | a803 0000 | 48c7 86b0 | 0300 0001 | 0000 00e9 
  0x000002ad802de2b8: 2900 0000 | 4883 beb8 | 0300 0000 | 7517 4889 | 96b8 0300 | 0048 c786 | c003 0000 | 0100 0000 
  0x000002ad802de2d8: e908 0000 | 0048 8386 | a003 0000 

  0x000002ad802de2e4: ;   {metadata(method data for {method} {0x000002adfa82b298} 'handle' '()V' in 'com/badlogic/gdx/scenes/scene2d/Event')}
  0x000002ad802de2e4: 0148 ba68 | 7499 faad | 0200 008b | b290 0000 | 0083 c602 | 89b2 9000 | 0000 81e6 | feff 1f00 
  0x000002ad802de304: 85f6 0f84 | 170d 0000 | 41c6 400e | 018b 9c24 | 9000 0000 

  0x000002ad802de318: ;   {metadata(method data for {method} {0x000002adfa7f7e70} 'notify' '(Lcom/badlogic/gdx/scenes/scene2d/Event;Z)Z' in 'com/badlogic/gdx/scenes/scene2d/Actor')}
  0x000002ad802de318: ffc3 48ba | 586d 99fa | ad02 0000 | 8bb2 9400 | 0000 83c6 | 0289 b294 | 0000 0081 | e6fe 3f00 
  0x000002ad802de338: 0085 f60f | 8403 0d00 | 004d 8b57 

  0x000002ad802de344: ; ImmutableOopMap {r8=Oop [136]=Oop [152]=Oop [160]=Oop }
                      ;*goto {reexecute=1 rethrow=0 return_oop=0}
                      ; - (reexecute) com.badlogic.gdx.scenes.scene2d.Actor::notify@115 (line 192)
                      ;   {poll}
  0x000002ad802de344: 3041 8502 

  0x000002ad802de348: ;   {metadata(method data for {method} {0x000002adfa7f7e70} 'notify' '(Lcom/badlogic/gdx/scenes/scene2d/Event;Z)Z' in 'com/badlogic/gdx/scenes/scene2d/Actor')}
  0x000002ad802de348: 48ba 586d | 99fa ad02 | 0000 ff82 | d003 0000 | 8bbc 2494 | 0000 0048 | 8bb4 2498 | 0000 003b 
  0x000002ad802de368: ;   {metadata(method data for {method} {0x000002adfa7f7e70} 'notify' '(Lcom/badlogic/gdx/scenes/scene2d/Event;Z)Z' in 'com/badlogic/gdx/scenes/scene2d/Actor')}
  0x000002ad802de368: df48 b858 | 6d99 faad | 0200 00b9 | e002 0000 | 7c05 b9d0 | 0200 004c | 8b0c 084d | 8d49 014c 
  0x000002ad802de388: 890c 080f | 8c47 fcff | ff48 8bd6 

  0x000002ad802de394: ;   {metadata(method data for {method} {0x000002adfa7f7e70} 'notify' '(Lcom/badlogic/gdx/scenes/scene2d/Event;Z)Z' in 'com/badlogic/gdx/scenes/scene2d/Actor')}
  0x000002ad802de394: 48bf 586d | 99fa ad02 

  0x000002ad802de39c: ;   {metadata('com/badlogic/gdx/utils/DelayedRemovalArray')}
  0x000002ad802de39c: 0000 49ba | c00d 0939 | 0000 0000 | 4c89 97f0 | 0300 0048 | 8387 f803 | 0000 0148 | 8bd6 0f1f 
  0x000002ad802de3bc: ;   {optimized virtual_call}
  0x000002ad802de3bc: 4400 00e8 

  0x000002ad802de3c0: ; ImmutableOopMap {[136]=Oop [160]=Oop }
                      ;*invokevirtual end {reexecute=0 rethrow=0 return_oop=0}
                      ; - com.badlogic.gdx.scenes.scene2d.Actor::notify@119 (line 194)
  0x000002ad802de3c0: 5cf8 3000 

  0x000002ad802de3c4: ;   {post_call_nop}
  0x000002ad802de3c4: 0f1f 8400 | bc09 0003 | e99e 0800 | 0048 8b94 | 24a0 0000 | 0049 8b87 | 8805 0000 | 4d33 d24d 
  0x000002ad802de3e4: 8997 8805 | 0000 4d33 | d24d 8997 | 9005 0000 

  0x000002ad802de3f4: ;   {metadata(method data for {method} {0x000002adfa7f7e70} 'notify' '(Lcom/badlogic/gdx/scenes/scene2d/Event;Z)Z' in 'com/badlogic/gdx/scenes/scene2d/Actor')}
  0x000002ad802de3f4: 488b f248 | bf58 6d99 | faad 0200 | 008b 7608 | 41ba 0000 | 0038 4903 | f248 3bb7 | 3804 0000 
  0x000002ad802de414: 750d 4883 | 8740 0400 | 0001 e960 | 0000 0048 | 3bb7 4804 | 0000 750d | 4883 8750 | 0400 0001 
  0x000002ad802de434: e94a 0000 | 0048 83bf | 3804 0000 | 0075 1748 | 89b7 3804 | 0000 48c7 | 8740 0400 | 0001 0000 
  0x000002ad802de454: 00e9 2900 | 0000 4883 | bf48 0400 | 0000 7517 | 4889 b748 | 0400 0048 | c787 5004 | 0000 0100 
  0x000002ad802de474: 0000 e908 | 0000 0048 | 8387 3004 | 0000 0148 | 8984 24a8 | 0000 0066 | 9048 b8b8 | 920c ffad 
  0x000002ad802de494: ;   {virtual_call}
  0x000002ad802de494: 0200 00e8 

  0x000002ad802de498: ; ImmutableOopMap {[168]=Oop }
                      ;*invokevirtual toString {reexecute=0 rethrow=0 return_oop=0}
                      ; - com.badlogic.gdx.scenes.scene2d.Actor::notify@128 (line 196)
  0x000002ad802de498: 440c 2a07 

  0x000002ad802de49c: ;   {post_call_nop}
  0x000002ad802de49c: 0f1f 8400 | 940a 0004 | 0f1f 4000 

  0x000002ad802de4a8: ;   {other}
  0x000002ad802de4a8: e9c7 0b00 | 0000 0000 | 0000 4889 | 8424 b800 | 0000 498b | 87c8 0100 | 0048 8d78 | 2849 3bbf 
  0x000002ad802de4c8: d801 0000 | 0f87 ac0b | 0000 4989 | bfc8 0100 | 0048 c700 | 0100 0000 | 488b ca41 | ba00 0000 
  0x000002ad802de4e8: 3849 2bca | 8948 0848 | 33c9 8948 | 0c48 33c9 | 4889 4810 | 4889 4818 | 4889 4820 | 4889 8424 
  0x000002ad802de508: c000 0000 | 0f1f 4000 

  0x000002ad802de510: ;   {other}
  0x000002ad802de510: e985 0b00 | 0000 0000 | 0000 498b | 87c8 0100 | 0048 8d78 | 1849 3bbf | d801 0000 | 0f87 720b 
  0x000002ad802de530: 0000 4989 | bfc8 0100 | 0048 c700 | 0100 0000 | 488b ca41 | ba00 0000 | 3849 2bca | 8948 0848 
  0x000002ad802de550: 33c9 8948 | 0c48 33c9 | 4889 4810 | 4889 8424 | b000 0000 

  0x000002ad802de564: ;   {metadata(method data for {method} {0x000002adfa7f7e70} 'notify' '(Lcom/badlogic/gdx/scenes/scene2d/Event;Z)Z' in 'com/badlogic/gdx/scenes/scene2d/Actor')}
  0x000002ad802de564: 4c8b c048 | ba58 6d99 | faad 0200 | 0048 8382 | 6004 0000 

  0x000002ad802de578: ;   {metadata(method data for {method} {0x00000000381c88a8} '<init>' '()V' in 'java/lang/StringBuilder')}
  0x000002ad802de578: 0149 b888 | 8103 faad | 0200 0041 | 8b90 9000 | 0000 83c2 | 0241 8990 | 9000 0000 | 81e2 feff 
  0x000002ad802de598: 1f00 85d2 | 0f84 0f0b | 0000 4c8b 

  0x000002ad802de5a4: ;   {metadata(method data for {method} {0x00000000381c88a8} '<init>' '()V' in 'java/lang/StringBuilder')}
  0x000002ad802de5a4: c048 ba88 | 8103 faad | 0200 0048 | 8382 d800 | 0000 0141 | b810 0000 | 0048 8bd0 | 0f1f 8000 
  0x000002ad802de5c4: ;   {optimized virtual_call}
  0x000002ad802de5c4: 0000 00e8 

  0x000002ad802de5c8: ; ImmutableOopMap {[168]=Oop [176]=Oop [184]=Oop [192]=Oop }
                      ;*invokespecial <init> {reexecute=0 rethrow=0 return_oop=0}
                      ; - java.lang.StringBuilder::<init>@3 (line 106)
                      ; - com.badlogic.gdx.scenes.scene2d.Actor::notify@141 (line 197)
  0x000002ad802de5c8: 1408 2a07 

  0x000002ad802de5cc: ;   {post_call_nop}
  0x000002ad802de5cc: 0f1f 8400 | c40b 0005 | 488b 8424 | b000 0000 

  0x000002ad802de5dc: ;   {metadata(method data for {method} {0x000002adfa7f7e70} 'notify' '(Lcom/badlogic/gdx/scenes/scene2d/Event;Z)Z' in 'com/badlogic/gdx/scenes/scene2d/Actor')}
  0x000002ad802de5dc: 49b8 586d | 99fa ad02 | 0000 8b40 | 0841 ba00 | 0000 3849 | 03c2 493b | 8078 0400 | 0075 0d49 
  0x000002ad802de5fc: 8380 8004 | 0000 01e9 | 6000 0000 | 493b 8088 | 0400 0075 | 0d49 8380 | 9004 0000 | 01e9 4a00 
  0x000002ad802de61c: 0000 4983 | b878 0400 | 0000 7517 | 4989 8078 | 0400 0049 | c780 8004 | 0000 0100 | 0000 e929 
  0x000002ad802de63c: 0000 0049 | 83b8 8804 | 0000 0075 | 1749 8980 | 8804 0000 | 49c7 8090 | 0400 0001 | 0000 00e9 
  0x000002ad802de65c: 0800 0000 | 4983 8070 | 0400 0001 

  0x000002ad802de668: ;   {metadata(method data for {method} {0x00000000381c8ab8} 'append' '(Ljava/lang/String;)Ljava/lang/StringBuilder;' in 'java/lang/StringBuilder')}
  0x000002ad802de668: 49b8 c886 | 03fa ad02 | 0000 418b | 9090 0000 | 0083 c202 | 4189 9090 | 0000 0081 | e2fe ff1f 
  0x000002ad802de688: 0085 d20f | 8441 0a00 | 0048 8b84 | 24b0 0000 

  0x000002ad802de698: ;   {metadata(method data for {method} {0x00000000381c8ab8} 'append' '(Ljava/lang/String;)Ljava/lang/StringBuilder;' in 'java/lang/StringBuilder')}
  0x000002ad802de698: 0049 b8c8 | 8603 faad | 0200 0049 | 8380 d800 

  0x000002ad802de6a8: ;   {oop("Actor: "{0x000000008445b448})}
  0x000002ad802de6a8: 0000 0149 | b848 b445 | 8400 0000 | 0048 8b94 | 24b0 0000 

  0x000002ad802de6bc: ;   {optimized virtual_call}
  0x000002ad802de6bc: 0066 90e8 

  0x000002ad802de6c0: ; ImmutableOopMap {[168]=Oop [176]=Oop [184]=Oop [192]=Oop }
                      ;*invokespecial append {reexecute=0 rethrow=0 return_oop=0}
                      ; - java.lang.StringBuilder::append@2 (line 179)
                      ; - com.badlogic.gdx.scenes.scene2d.Actor::notify@146 (line 197)
  0x000002ad802de6c0: 1c07 2a07 

  0x000002ad802de6c4: ;   {post_call_nop}
  0x000002ad802de6c4: 0f1f 8400 | bc0c 0006 | 488b 8424 | b800 0000 

  0x000002ad802de6d4: ; implicit exception: dispatches to 0x000002ad802df0f3
  0x000002ad802de6d4: 483b 0048 

  0x000002ad802de6d8: ;   {metadata(method data for {method} {0x000002adfa7f7e70} 'notify' '(Lcom/badlogic/gdx/scenes/scene2d/Event;Z)Z' in 'com/badlogic/gdx/scenes/scene2d/Actor')}
  0x000002ad802de6d8: 8bc8 49b8 | 586d 99fa | ad02 0000 | 8b49 0841 | ba00 0000 | 3849 03ca | 493b 88a8 | 0400 0075 
  0x000002ad802de6f8: 0d49 8380 | b004 0000 | 01e9 6000 | 0000 493b | 88b8 0400 | 0075 0d49 | 8380 c004 | 0000 01e9 
  0x000002ad802de718: 4a00 0000 | 4983 b8a8 | 0400 0000 | 7517 4989 | 88a8 0400 | 0049 c780 | b004 0000 | 0100 0000 
  0x000002ad802de738: e929 0000 | 0049 83b8 | b804 0000 | 0075 1749 | 8988 b804 | 0000 49c7 | 80c0 0400 | 0001 0000 
  0x000002ad802de758: 00e9 0800 | 0000 4983 | 80a0 0400 

  0x000002ad802de764: ;   {metadata(method data for {method} {0x0000000038188050} 'length' '()I' in 'java/lang/String')}
  0x000002ad802de764: 0001 48b9 | e8f4 00fa | ad02 0000 | 448b 8190 | 0000 0041 | 83c0 0244 | 8981 9000 | 0000 4181 
  0x000002ad802de784: e0fe ff1f | 0045 85c0 | 0f84 6609 | 0000 8b48 | 1444 8b41 | 0c48 8bc8 

  0x000002ad802de79c: ;   {metadata(method data for {method} {0x0000000038188050} 'length' '()I' in 'java/lang/String')}
  0x000002ad802de79c: 49b9 e8f4 | 00fa ad02 | 0000 8b49 | 0841 ba00 | 0000 3849 | 03ca 493b | 89e0 0000 | 0075 0d49 
  0x000002ad802de7bc: 8381 e800 | 0000 01e9 | 6000 0000 | 493b 89f0 | 0000 0075 | 0d49 8381 | f800 0000 | 01e9 4a00 
  0x000002ad802de7dc: 0000 4983 | b9e0 0000 | 0000 7517 | 4989 89e0 | 0000 0049 | c781 e800 | 0000 0100 | 0000 e929 
  0x000002ad802de7fc: 0000 0049 | 83b9 f000 | 0000 0075 | 1749 8989 | f000 0000 | 49c7 81f8 | 0000 0001 | 0000 00e9 
  0x000002ad802de81c: 0800 0000 | 4983 81d8 | 0000 0001 

  0x000002ad802de828: ;   {metadata(method data for {method} {0x00000000384ae8c0} 'coder' '()B' in 'java/lang/String')}
  0x000002ad802de828: 48b9 a8f3 | 00fa ad02 | 0000 448b | 8990 0000 | 0041 83c1 | 0244 8989 | 9000 0000 | 4181 e1fe 
  0x000002ad802de848: ff1f 0045 | 85c9 0f84 | ca08 0000 

  0x000002ad802de854: ;   {metadata(method data for {method} {0x00000000384ae8c0} 'coder' '()B' in 'java/lang/String')}
  0x000002ad802de854: 48b9 a8f3 | 00fa ad02 | 0000 ff81 | e800 0000 | 0fbe 4810 

  0x000002ad802de868: ;   {metadata(method data for {method} {0x00000000384ae8c0} 'coder' '()B' in 'java/lang/String')}
  0x000002ad802de868: 49b9 a8f3 | 00fa ad02 | 0000 41ff | 81f8 0000 | 00c1 e118 | c1f9 1841 

  0x000002ad802de880: ;   {metadata(method data for {method} {0x000002adfa7f7e70} 'notify' '(Lcom/badlogic/gdx/scenes/scene2d/Event;Z)Z' in 'com/badlogic/gdx/scenes/scene2d/Actor')}
  0x000002ad802de880: d3f8 49b9 | 586d 99fa | ad02 0000 | 4983 81d0 | 0400 0001 

  0x000002ad802de894: ;   {metadata(method data for {method} {0x000000003849e4e0} 'min' '(II)I' in 'java/lang/Math')}
  0x000002ad802de894: 49b9 3810 | 01fa ad02 | 0000 418b | 9190 0000 | 0083 c202 | 4189 9190 | 0000 0081 | e2fe ff1f 
  0x000002ad802de8b4: 0085 d20f | 8482 0800 | 0041 81f8 | 8000 0000 

  0x000002ad802de8c4: ;   {metadata(method data for {method} {0x000000003849e4e0} 'min' '(II)I' in 'java/lang/Math')}
  0x000002ad802de8c4: 49b9 3810 | 01fa ad02 | 0000 bad8 | 0000 007f | 05ba e800 | 0000 498b | 3411 488d | 7601 4989 
  0x000002ad802de8e4: 3411 0f8f | 1900 0000 

  0x000002ad802de8ec: ;   {metadata(method data for {method} {0x000000003849e4e0} 'min' '(II)I' in 'java/lang/Math')}
  0x000002ad802de8ec: 49b9 3810 | 01fa ad02 | 0000 41ff | 81f8 0000 | 004d 8bc8 | e906 0000 | 0041 b980 | 0000 004c 
  0x000002ad802de90c: ;   {metadata(method data for {method} {0x000002adfa7f7e70} 'notify' '(Lcom/badlogic/gdx/scenes/scene2d/Event;Z)Z' in 'com/badlogic/gdx/scenes/scene2d/Actor')}
  0x000002ad802de90c: 8bc0 48ba | 586d 99fa | ad02 0000 | 458b 4008 | 41ba 0000 | 0038 4d03 | c24c 3b82 | e804 0000 
  0x000002ad802de92c: 750d 4883 | 82f0 0400 | 0001 e960 | 0000 004c | 3b82 f804 | 0000 750d | 4883 8200 | 0500 0001 
  0x000002ad802de94c: e94a 0000 | 0048 83ba | e804 0000 | 0075 174c | 8982 e804 | 0000 48c7 | 82f0 0400 | 0001 0000 
  0x000002ad802de96c: 00e9 2900 | 0000 4883 | baf8 0400 | 0000 7517 | 4c89 82f8 | 0400 0048 | c782 0005 | 0000 0100 
  0x000002ad802de98c: 0000 e908 | 0000 0048 | 8382 e004 | 0000 0141 | b800 0000 | 0048 8bd0 

  0x000002ad802de9a4: ;   {optimized virtual_call}
  0x000002ad802de9a4: 6666 90e8 

  0x000002ad802de9a8: ; ImmutableOopMap {[168]=Oop [176]=Oop [192]=Oop }
                      ;*invokevirtual substring {reexecute=0 rethrow=0 return_oop=0}
                      ; - com.badlogic.gdx.scenes.scene2d.Actor::notify@163 (line 197)
  0x000002ad802de9a8: 3404 2a07 

  0x000002ad802de9ac: ;   {post_call_nop}
  0x000002ad802de9ac: 0f1f 8400 | a40f 0007 | 4c8b 8424 | b000 0000 

  0x000002ad802de9bc: ;   {metadata(method data for {method} {0x000002adfa7f7e70} 'notify' '(Lcom/badlogic/gdx/scenes/scene2d/Event;Z)Z' in 'com/badlogic/gdx/scenes/scene2d/Actor')}
  0x000002ad802de9bc: 48ba 586d | 99fa ad02 | 0000 458b | 4008 41ba | 0000 0038 | 4d03 c24c | 3b82 1805 | 0000 750d 
  0x000002ad802de9dc: 4883 8220 | 0500 0001 | e960 0000 | 004c 3b82 | 2805 0000 | 750d 4883 | 8230 0500 | 0001 e94a 
  0x000002ad802de9fc: 0000 0048 | 83ba 1805 | 0000 0075 | 174c 8982 | 1805 0000 | 48c7 8220 | 0500 0001 | 0000 00e9 
  0x000002ad802dea1c: 2900 0000 | 4883 ba28 | 0500 0000 | 7517 4c89 | 8228 0500 | 0048 c782 | 3005 0000 | 0100 0000 
  0x000002ad802dea3c: e908 0000 | 0048 8382 | 1005 0000 

  0x000002ad802dea48: ;   {metadata(method data for {method} {0x00000000381c8ab8} 'append' '(Ljava/lang/String;)Ljava/lang/StringBuilder;' in 'java/lang/StringBuilder')}
  0x000002ad802dea48: 0149 b8c8 | 8603 faad | 0200 0041 | 8b90 9000 | 0000 83c2 | 0241 8990 | 9000 0000 | 81e2 feff 
  0x000002ad802dea68: 1f00 85d2 | 0f84 ee06 | 0000 4c8b | 8424 b000 

  0x000002ad802dea78: ;   {metadata(method data for {method} {0x00000000381c8ab8} 'append' '(Ljava/lang/String;)Ljava/lang/StringBuilder;' in 'java/lang/StringBuilder')}
  0x000002ad802dea78: 0000 48ba | c886 03fa | ad02 0000 | 4883 82d8 | 0000 0001 | 4c8b c048 | 8b94 24b0 

  0x000002ad802dea94: ;   {optimized virtual_call}
  0x000002ad802dea94: 0000 00e8 

  0x000002ad802dea98: ; ImmutableOopMap {[168]=Oop [176]=Oop [192]=Oop }
                      ;*invokespecial append {reexecute=0 rethrow=0 return_oop=0}
                      ; - java.lang.StringBuilder::append@2 (line 179)
                      ; - com.badlogic.gdx.scenes.scene2d.Actor::notify@166 (line 197)
  0x000002ad802dea98: 4403 2a07 

  0x000002ad802dea9c: ;   {post_call_nop}
  0x000002ad802dea9c: 0f1f 8400 | 9410 0008 | 488b 8424 | b000 0000 

  0x000002ad802deaac: ;   {metadata(method data for {method} {0x000002adfa7f7e70} 'notify' '(Lcom/badlogic/gdx/scenes/scene2d/Event;Z)Z' in 'com/badlogic/gdx/scenes/scene2d/Actor')}
  0x000002ad802deaac: 48ba 586d | 99fa ad02 | 0000 8b40 | 0841 ba00 | 0000 3849 | 03c2 483b | 8248 0500 | 0075 0d48 
  0x000002ad802deacc: 8382 5005 | 0000 01e9 | 6000 0000 | 483b 8258 | 0500 0075 | 0d48 8382 | 6005 0000 | 01e9 4a00 
  0x000002ad802deaec: 0000 4883 | ba48 0500 | 0000 7517 | 4889 8248 | 0500 0048 | c782 5005 | 0000 0100 | 0000 e929 
  0x000002ad802deb0c: 0000 0048 | 83ba 5805 | 0000 0075 | 1748 8982 | 5805 0000 | 48c7 8260 | 0500 0001 | 0000 00e9 
  0x000002ad802deb2c: 0800 0000 | 4883 8240 | 0500 0001 

  0x000002ad802deb38: ;   {metadata(method data for {method} {0x00000000381c7348} 'toString' '()Ljava/lang/String;' in 'java/lang/StringBuilder')}
  0x000002ad802deb38: 48b8 208a | 03fa ad02 | 0000 8b90 | 9000 0000 | 83c2 0289 | 9090 0000 | 0081 e2fe | ff1f 0085 
  0x000002ad802deb58: d20f 8422 | 0600 0048 | 8b84 24b0 

  0x000002ad802deb64: ;   {metadata(method data for {method} {0x00000000381c7348} 'toString' '()Ljava/lang/String;' in 'java/lang/StringBuilder')}
  0x000002ad802deb64: 0000 0048 | ba20 8a03 | faad 0200 | 008b 4008 | 41ba 0000 | 0038 4903 | c248 3b82 | e000 0000 
  0x000002ad802deb84: 750d 4883 | 82e8 0000 | 0001 e960 | 0000 0048 | 3b82 f000 | 0000 750d | 4883 82f8 | 0000 0001 
  0x000002ad802deba4: e94a 0000 | 0048 83ba | e000 0000 | 0075 1748 | 8982 e000 | 0000 48c7 | 82e8 0000 | 0001 0000 
  0x000002ad802debc4: 00e9 2900 | 0000 4883 | baf0 0000 | 0000 7517 | 4889 82f0 | 0000 0048 | c782 f800 | 0000 0100 
  0x000002ad802debe4: 0000 e908 | 0000 0048 | 8382 d800 

  0x000002ad802debf0: ;   {metadata(method data for {method} {0x00000000381c7460} 'length' '()I' in 'java/lang/StringBuilder')}
  0x000002ad802debf0: 0000 0148 | b898 8b03 | faad 0200 | 008b 9090 | 0000 0083 | c202 8990 | 9000 0000 | 81e2 feff 
  0x000002ad802dec10: 1f00 85d2 | 0f84 8805 | 0000 488b | 8424 b000 

  0x000002ad802dec20: ;   {metadata(method data for {method} {0x00000000381c7460} 'length' '()I' in 'java/lang/StringBuilder')}
  0x000002ad802dec20: 0000 48ba | 988b 03fa | ad02 0000 | 4883 82d8 | 0000 0001 | 4c8b 8424 | b000 0000 | 418b 400c 
  0x000002ad802dec40: ;   {metadata(method data for {method} {0x00000000381c7348} 'toString' '()Ljava/lang/String;' in 'java/lang/StringBuilder')}
  0x000002ad802dec40: 85c0 48b8 | 208a 03fa | ad02 0000 | ba08 0100 | 0075 05ba | 1801 0000 | 488b 3410 | 488d 7601 
  0x000002ad802dec60: 4889 3410 | 0f85 8601 | 0000 e972 

  0x000002ad802dec6c: ;   {metadata(method data for {method} {0x000002adfa7f7e70} 'notify' '(Lcom/badlogic/gdx/scenes/scene2d/Event;Z)Z' in 'com/badlogic/gdx/scenes/scene2d/Actor')}
  0x000002ad802dec6c: 0100 0048 | b858 6d99 | faad 0200 | 00ff 8018 | 0400 004c | 8b84 2488 | 0000 0049 

  0x000002ad802dec88: ;   {metadata(method data for {method} {0x000002adfa7f7e70} 'notify' '(Lcom/badlogic/gdx/scenes/scene2d/Event;Z)Z' in 'com/badlogic/gdx/scenes/scene2d/Actor')}
  0x000002ad802dec88: 8bc0 48ba | 586d 99fa | ad02 0000 | 8b40 0841 | ba00 0000 | 3849 03c2 | 483b 8288 | 0500 0075 
  0x000002ad802deca8: 0d48 8382 | 9005 0000 | 01e9 6000 | 0000 483b | 8298 0500 | 0075 0d48 | 8382 a005 | 0000 01e9 
  0x000002ad802decc8: 4a00 0000 | 4883 ba88 | 0500 0000 | 7517 4889 | 8288 0500 | 0048 c782 | 9005 0000 | 0100 0000 
  0x000002ad802dece8: e929 0000 | 0048 83ba | 9805 0000 | 0075 1748 | 8982 9805 | 0000 48c7 | 82a0 0500 | 0001 0000 
  0x000002ad802ded08: 00e9 0800 | 0000 4883 | 8280 0500 | 0001 410f | be40 1083 | e001 83e0 | 0148 81c4 | e000 0000 
  0x000002ad802ded28: ;   {poll_return}
  0x000002ad802ded28: 5d49 3b67 | 280f 8790 | 0400 00c3 

  0x000002ad802ded34: ;   {metadata(method data for {method} {0x000002adfa7f7e70} 'notify' '(Lcom/badlogic/gdx/scenes/scene2d/Event;Z)Z' in 'com/badlogic/gdx/scenes/scene2d/Actor')}
  0x000002ad802ded34: 498b c048 | ba58 6d99 | faad 0200 | 008b 4008 | 41ba 0000 | 0038 4903 | c248 3b82 | 9801 0000 
  0x000002ad802ded54: 750d 4883 | 82a0 0100 | 0001 e960 | 0000 0048 | 3b82 a801 | 0000 750d | 4883 82b0 | 0100 0001 
  0x000002ad802ded74: e94a 0000 | 0048 83ba | 9801 0000 | 0075 1748 | 8982 9801 | 0000 48c7 | 82a0 0100 | 0001 0000 
  0x000002ad802ded94: 00e9 2900 | 0000 4883 | baa8 0100 | 0000 7517 | 4889 82a8 | 0100 0048 | c782 b001 | 0000 0100 
  0x000002ad802dedb4: 0000 e908 | 0000 0048 | 8382 9001 | 0000 0141 | 0fbe 4010 | 83e0 0183 | e001 4881 | c4e0 0000 
  0x000002ad802dedd4: ;   {poll_return}
  0x000002ad802dedd4: 005d 493b | 6728 0f87 | f903 0000 

  0x000002ad802dede0: ;   {oop(""{0x00000000ffe044b0})}
  0x000002ad802dede0: c348 beb0 | 44e0 ff00 | 0000 00e9 | 8c00 0000 

  0x000002ad802dedf0: ;   {metadata('java/lang/String')}
  0x000002ad802dedf0: 48ba 1876 | 1838 0000 | 0000 498b | 87c8 0100 | 0048 8d78 | 1849 3bbf | d801 0000 | 0f87 dd03 
  0x000002ad802dee10: 0000 4989 | bfc8 0100 | 0048 c700 | 0100 0000 | 488b ca41 | ba00 0000 | 3849 2bca | 8948 0848 
  0x000002ad802dee30: 33c9 8948 | 0c48 33c9 | 4889 4810 

  0x000002ad802dee3c: ;   {metadata(method data for {method} {0x00000000381c7348} 'toString' '()Ljava/lang/String;' in 'java/lang/StringBuilder')}
  0x000002ad802dee3c: 4c8b c848 | ba20 8a03 | faad 0200 | 0048 8382 | 2801 0000 

  0x000002ad802dee50: ;   {oop(nullptr)}
  0x000002ad802dee50: 0149 b900 | 0000 0000 | 0000 0048 | 8bd0 4889 | 8424 c800 

  0x000002ad802dee64: ;   {optimized virtual_call}
  0x000002ad802dee64: 0000 90e8 

  0x000002ad802dee68: ; ImmutableOopMap {[168]=Oop [192]=Oop [200]=Oop }
                      ;*invokespecial <init> {reexecute=0 rethrow=0 return_oop=0}
                      ; - java.lang.StringBuilder::toString@16 (line 478)
                      ; - com.badlogic.gdx.scenes.scene2d.Actor::notify@169 (line 197)
  0x000002ad802dee68: 74ff 2907 

  0x000002ad802dee6c: ;   {post_call_nop}
  0x000002ad802dee6c: 0f1f 8400 | 6414 0009 | 488b b424 | c800 0000 | 488b 8424 | c000 0000 | 4c8b 8c24 | a800 0000 
  0x000002ad802dee8c: ;   {metadata(method data for {method} {0x000002adfa7f7e70} 'notify' '(Lcom/badlogic/gdx/scenes/scene2d/Event;Z)Z' in 'com/badlogic/gdx/scenes/scene2d/Actor')}
  0x000002ad802dee8c: 4c8b c048 | ba58 6d99 | faad 0200 | 0048 8382 | 7005 0000 | 014c 8bc6 

  0x000002ad802deea4: ;   {optimized virtual_call}
  0x000002ad802deea4: 488b d0e8 

  0x000002ad802deea8: ; ImmutableOopMap {[192]=Oop }
                      ;*invokespecial <init> {reexecute=0 rethrow=0 return_oop=0}
                      ; - com.badlogic.gdx.scenes.scene2d.Actor::notify@174 (line 197)
  0x000002ad802deea8: 34ff 2907 

  0x000002ad802deeac: ;   {post_call_nop}
  0x000002ad802deeac: 0f1f 8400 | a414 000a | 488b 8424 | c000 0000 | e97e 0300 | 000f 1f80 | 0000 0000 

  0x000002ad802deec8: ;   {other}
  0x000002ad802deec8: e93e 0300 | 0000 0000 | 0000 498b | 87c8 0100 | 0048 8d78 | 2849 3bbf | d801 0000 | 0f87 2b03 
  0x000002ad802deee8: 0000 4989 | bfc8 0100 | 0048 c700 | 0100 0000 | 488b ca41 | ba00 0000 | 3849 2bca | 8948 0848 
  0x000002ad802def08: 33c9 8948 | 0c48 33c9 | 4889 4810 | 4889 4818 | 4889 4820 

  0x000002ad802def1c: ;   {metadata(method data for {method} {0x000002adfa7f7e70} 'notify' '(Lcom/badlogic/gdx/scenes/scene2d/Event;Z)Z' in 'com/badlogic/gdx/scenes/scene2d/Actor')}
  0x000002ad802def1c: 4c8b c048 | ba58 6d99 | faad 0200 | 0048 8382 | 2801 0000 

  0x000002ad802def30: ;   {oop("The event target cannot be null."{0x000000008445b460})}
  0x000002ad802def30: 0149 b860 | b445 8400 | 0000 0048 | 8bd0 4889 | 8424 d000 

  0x000002ad802def44: ;   {optimized virtual_call}
  0x000002ad802def44: 0000 90e8 

  0x000002ad802def48: ; ImmutableOopMap {[208]=Oop }
                      ;*invokespecial <init> {reexecute=0 rethrow=0 return_oop=0}
                      ; - com.badlogic.gdx.scenes.scene2d.Actor::notify@13 (line 181)
  0x000002ad802def48: 94fe 2907 

  0x000002ad802def4c: ;   {post_call_nop}
  0x000002ad802def4c: 0f1f 8400 | 4415 000b | 488b 8424 | d000 0000 | e9de 0200 

  0x000002ad802def60: ;   {metadata({method} {0x000002adfa7f7e70} 'notify' '(Lcom/badlogic/gdx/scenes/scene2d/Event;Z)Z' in 'com/badlogic/gdx/scenes/scene2d/Actor')}
  0x000002ad802def60: 0049 ba68 | 7e7f faad | 0200 004c | 8954 2408 | 48c7 0424 | ffff ffff 

  0x000002ad802def78: ;   {runtime_call C1 Runtime counter_overflow_blob}
  0x000002ad802def78: e863 5837 

  0x000002ad802def7c: ; ImmutableOopMap {rdx=Oop r8=Oop [136]=Oop [160]=Oop }
                      ;*synchronization entry
                      ; - com.badlogic.gdx.scenes.scene2d.Actor::notify@-1 (line 181)
  0x000002ad802def7c: 07e9 f4eb 

  0x000002ad802def80: ;   {runtime_call C1 Runtime throw_null_pointer_exception_blob}
  0x000002ad802def80: ffff e859 

  0x000002ad802def84: ; ImmutableOopMap {rdx=Oop r8=Oop [136]=Oop [160]=Oop }
                      ;*invokevirtual getTarget {reexecute=0 rethrow=0 return_oop=0}
                      ; - com.badlogic.gdx.scenes.scene2d.Actor::notify@1 (line 181)
                      ;   {runtime_call C1 Runtime throw_null_pointer_exception_blob}
  0x000002ad802def84: fc36 07e8 

  0x000002ad802def88: ; ImmutableOopMap {rdx=Oop r8=Oop rsi=Oop [136]=Oop [160]=Oop }
                      ;*getfield size {reexecute=1 rethrow=0 return_oop=0}
                      ; - (reexecute) com.badlogic.gdx.scenes.scene2d.Actor::notify@34 (line 184)
  0x000002ad802def88: 54fc 3607 | 418b 581c | 4883 fb00 | 0f84 b3ed | ffff 4889 

  0x000002ad802def9c: ;   {runtime_call g1_pre_barrier_slow}
  0x000002ad802def9c: 1c24 e83d | 5e37 07e9 | a5ed ffff | 4883 fa00 | 0f84 b6ed | ffff 4c89 

  0x000002ad802defb4: ;   {runtime_call g1_post_barrier_slow}
  0x000002ad802defb4: 0424 e825 | 6137 07e9 | a8ed ffff | 418b 4014 | 4883 f800 | 0f84 8eef | ffff 4889 

  0x000002ad802defd0: ;   {runtime_call g1_pre_barrier_slow}
  0x000002ad802defd0: 0424 e809 | 5e37 07e9 | 80ef ffff | 4883 fb00 | 0f84 91ef | ffff 4c89 

  0x000002ad802defe8: ;   {runtime_call g1_post_barrier_slow}
  0x000002ad802defe8: 0424 e8f1 | 6037 07e9 | 83ef ffff 

  0x000002ad802deff4: ;   {metadata({method} {0x000002adfa852458} 'begin' '()V' in 'com/badlogic/gdx/utils/DelayedRemovalArray')}
  0x000002ad802deff4: 49ba 5024 | 85fa ad02 | 0000 4c89 | 5424 0848 | c704 24ff 

  0x000002ad802df008: ;   {runtime_call C1 Runtime counter_overflow_blob}
  0x000002ad802df008: ffff ffe8 

  0x000002ad802df00c: ; ImmutableOopMap {rdx=Oop r8=Oop rsi=Oop [136]=Oop [160]=Oop }
                      ;*synchronization entry
                      ; - com.badlogic.gdx.utils.DelayedRemovalArray::begin@-1 (line 80)
                      ; - com.badlogic.gdx.scenes.scene2d.Actor::notify@71 (line 191)
  0x000002ad802df00c: d057 3707 | e9ae efff | ff48 8904 

  0x000002ad802df018: ;   {runtime_call C1 Runtime throw_class_cast_exception_blob}
  0x000002ad802df018: 24e8 c21f 

  0x000002ad802df01c: ; ImmutableOopMap {[136]=Oop [152]=Oop [160]=Oop }
                      ;*checkcast {reexecute=0 rethrow=0 return_oop=0}
                      ; - com.badlogic.gdx.scenes.scene2d.Actor::notify@96 (line 193)
                      ;   {runtime_call C1 Runtime throw_null_pointer_exception_blob}
  0x000002ad802df01c: 3707 e8bd 

  0x000002ad802df020: ; ImmutableOopMap {rdx=Oop [136]=Oop [152]=Oop [160]=Oop }
                      ;*invokeinterface handle {reexecute=0 rethrow=0 return_oop=0}
                      ; - com.badlogic.gdx.scenes.scene2d.Actor::notify@100 (line 193)
                      ;   {metadata({method} {0x000002adfa82b298} 'handle' '()V' in 'com/badlogic/gdx/scenes/scene2d/Event')}
  0x000002ad802df020: fb36 0749 | ba90 b282 | faad 0200 | 004c 8954 | 2408 48c7 | 0424 ffff 

  0x000002ad802df038: ;   {runtime_call C1 Runtime counter_overflow_blob}
  0x000002ad802df038: ffff e8a1 

  0x000002ad802df03c: ; ImmutableOopMap {r8=Oop [136]=Oop [152]=Oop [160]=Oop }
                      ;*synchronization entry
                      ; - com.badlogic.gdx.scenes.scene2d.Event::handle@-1 (line 50)
                      ; - com.badlogic.gdx.scenes.scene2d.Actor::notify@109 (line 193)
  0x000002ad802df03c: 5737 07e9 | c8f2 ffff 

  0x000002ad802df044: ;   {metadata({method} {0x000002adfa7f7e70} 'notify' '(Lcom/badlogic/gdx/scenes/scene2d/Event;Z)Z' in 'com/badlogic/gdx/scenes/scene2d/Actor')}
  0x000002ad802df044: 49ba 687e | 7ffa ad02 | 0000 4c89 | 5424 0848 | c704 2473 

  0x000002ad802df058: ;   {runtime_call C1 Runtime counter_overflow_blob}
  0x000002ad802df058: 0000 00e8 

  0x000002ad802df05c: ; ImmutableOopMap {r8=Oop [136]=Oop [152]=Oop [160]=Oop }
                      ;*goto {reexecute=1 rethrow=0 return_oop=0}
                      ; - (reexecute) com.badlogic.gdx.scenes.scene2d.Actor::notify@115 (line 192)
  0x000002ad802df05c: 8057 3707 | e9dc f2ff 

  0x000002ad802df064: ;   {metadata(nullptr)}
  0x000002ad802df064: ff48 ba00 | 0000 0000 | 0000 00b8 | 000f 050a 

  0x000002ad802df074: ;   {runtime_call C1 Runtime load_klass_patching_blob}
  0x000002ad802df074: e8e7 4637 

  0x000002ad802df078: ; ImmutableOopMap {rax=Oop [168]=Oop }
                      ;*new {reexecute=1 rethrow=0 return_oop=0}
                      ; - (reexecute) com.badlogic.gdx.scenes.scene2d.Actor::notify@133 (line 197)
  0x000002ad802df078: 07e9 2af4 | ffff 488b 

  0x000002ad802df080: ;   {runtime_call C1 Runtime fast_new_instance_blob}
  0x000002ad802df080: d2e8 5a04 

  0x000002ad802df084: ; ImmutableOopMap {[168]=Oop [184]=Oop }
                      ;*new {reexecute=0 rethrow=0 return_oop=0}
                      ; - com.badlogic.gdx.scenes.scene2d.Actor::notify@133 (line 197)
  0x000002ad802df084: 3707 e979 

  0x000002ad802df088: ;   {metadata(nullptr)}
  0x000002ad802df088: f4ff ff48 | ba00 0000 | 0000 0000 | 00b8 000f 

  0x000002ad802df098: ;   {runtime_call C1 Runtime load_klass_patching_blob}
  0x000002ad802df098: 050a e8c1 

  0x000002ad802df09c: ; ImmutableOopMap {rax=Oop [168]=Oop [184]=Oop [192]=Oop }
                      ;*new {reexecute=1 rethrow=0 return_oop=0}
                      ; - (reexecute) com.badlogic.gdx.scenes.scene2d.Actor::notify@137 (line 197)
  0x000002ad802df09c: 4637 07e9 | 6cf4 ffff 

  0x000002ad802df0a4: ;   {runtime_call C1 Runtime fast_new_instance_blob}
  0x000002ad802df0a4: 488b d2e8 

  0x000002ad802df0a8: ; ImmutableOopMap {[168]=Oop [184]=Oop [192]=Oop }
                      ;*new {reexecute=0 rethrow=0 return_oop=0}
                      ; - com.badlogic.gdx.scenes.scene2d.Actor::notify@137 (line 197)
  0x000002ad802df0a8: 3404 3707 | e9ab f4ff 

  0x000002ad802df0b0: ;   {metadata({method} {0x00000000381c88a8} '<init>' '()V' in 'java/lang/StringBuilder')}
  0x000002ad802df0b0: ff49 baa0 | 881c 3800 | 0000 004c | 8954 2408 | 48c7 0424 | ffff ffff 

  0x000002ad802df0c8: ;   {runtime_call C1 Runtime counter_overflow_blob}
  0x000002ad802df0c8: e813 5737 

  0x000002ad802df0cc: ; ImmutableOopMap {rax=Oop [168]=Oop [176]=Oop [184]=Oop [192]=Oop }
                      ;*synchronization entry
                      ; - java.lang.StringBuilder::<init>@-1 (line 106)
                      ; - com.badlogic.gdx.scenes.scene2d.Actor::notify@141 (line 197)
  0x000002ad802df0cc: 07e9 d0f4 

  0x000002ad802df0d0: ;   {metadata({method} {0x00000000381c8ab8} 'append' '(Ljava/lang/String;)Ljava/lang/StringBuilder;' in 'java/lang/StringBuilder')}
  0x000002ad802df0d0: ffff 49ba | b08a 1c38 | 0000 0000 | 4c89 5424 | 0848 c704 | 24ff ffff 

  0x000002ad802df0e8: ;   {runtime_call C1 Runtime counter_overflow_blob}
  0x000002ad802df0e8: ffe8 f256 

  0x000002ad802df0ec: ; ImmutableOopMap {[168]=Oop [176]=Oop [184]=Oop [192]=Oop }
                      ;*synchronization entry
                      ; - java.lang.StringBuilder::append@-1 (line 179)
                      ; - com.badlogic.gdx.scenes.scene2d.Actor::notify@146 (line 197)
  0x000002ad802df0ec: 3707 e99e 

  0x000002ad802df0f0: ;   {runtime_call C1 Runtime throw_null_pointer_exception_blob}
  0x000002ad802df0f0: f5ff ffe8 

  0x000002ad802df0f4: ; ImmutableOopMap {rax=Oop [168]=Oop [176]=Oop [192]=Oop }
                      ;*invokevirtual length {reexecute=0 rethrow=0 return_oop=0}
                      ; - com.badlogic.gdx.scenes.scene2d.Actor::notify@154 (line 197)
  0x000002ad802df0f4: e8fa 3607 

  0x000002ad802df0f8: ;   {metadata({method} {0x0000000038188050} 'length' '()I' in 'java/lang/String')}
  0x000002ad802df0f8: 49ba 4880 | 1838 0000 | 0000 4c89 | 5424 0848 | c704 24ff 

  0x000002ad802df10c: ;   {runtime_call C1 Runtime counter_overflow_blob}
  0x000002ad802df10c: ffff ffe8 

  0x000002ad802df110: ; ImmutableOopMap {rax=Oop [168]=Oop [176]=Oop [192]=Oop }
                      ;*synchronization entry
                      ; - java.lang.String::length@-1 (line 1583)
                      ; - com.badlogic.gdx.scenes.scene2d.Actor::notify@154 (line 197)
  0x000002ad802df110: cc56 3707 | e979 f6ff 

  0x000002ad802df118: ;   {runtime_call C1 Runtime throw_null_pointer_exception_blob}
  0x000002ad802df118: ffe8 c2fa 

  0x000002ad802df11c: ; ImmutableOopMap {rax=Oop [168]=Oop [176]=Oop [192]=Oop }
                      ;*arraylength {reexecute=0 rethrow=0 return_oop=0}
                      ; - java.lang.String::length@4 (line 1583)
                      ; - com.badlogic.gdx.scenes.scene2d.Actor::notify@154 (line 197)
                      ;   {metadata({method} {0x00000000384ae8c0} 'coder' '()B' in 'java/lang/String')}
  0x000002ad802df11c: 3607 49ba | b8e8 4a38 | 0000 0000 | 4c89 5424 | 0848 c704 | 24ff ffff 

  0x000002ad802df134: ;   {runtime_call C1 Runtime counter_overflow_blob}
  0x000002ad802df134: ffe8 a656 

  0x000002ad802df138: ; ImmutableOopMap {rax=Oop [168]=Oop [176]=Oop [192]=Oop }
                      ;*synchronization entry
                      ; - java.lang.String::coder@-1 (line 4885)
                      ; - java.lang.String::length@6 (line 1583)
                      ; - com.badlogic.gdx.scenes.scene2d.Actor::notify@154 (line 197)
  0x000002ad802df138: 3707 e915 

  0x000002ad802df13c: ;   {metadata({method} {0x000000003849e4e0} 'min' '(II)I' in 'java/lang/Math')}
  0x000002ad802df13c: f7ff ff49 | bad8 e449 | 3800 0000 | 004c 8954 | 2408 48c7 | 0424 ffff 

  0x000002ad802df154: ;   {runtime_call C1 Runtime counter_overflow_blob}
  0x000002ad802df154: ffff e885 

  0x000002ad802df158: ; ImmutableOopMap {rax=Oop [168]=Oop [176]=Oop [192]=Oop }
                      ;*synchronization entry
                      ; - java.lang.Math::min@-1 (line 2120)
                      ; - com.badlogic.gdx.scenes.scene2d.Actor::notify@160 (line 197)
  0x000002ad802df158: 5637 07e9 | 5df7 ffff 

  0x000002ad802df160: ;   {metadata({method} {0x00000000381c8ab8} 'append' '(Ljava/lang/String;)Ljava/lang/StringBuilder;' in 'java/lang/StringBuilder')}
  0x000002ad802df160: 49ba b08a | 1c38 0000 | 0000 4c89 | 5424 0848 | c704 24ff 

  0x000002ad802df174: ;   {runtime_call C1 Runtime counter_overflow_blob}
  0x000002ad802df174: ffff ffe8 

  0x000002ad802df178: ; ImmutableOopMap {rax=Oop [168]=Oop [176]=Oop [192]=Oop }
                      ;*synchronization entry
                      ; - java.lang.StringBuilder::append@-1 (line 179)
                      ; - com.badlogic.gdx.scenes.scene2d.Actor::notify@166 (line 197)
  0x000002ad802df178: 6456 3707 | e9f1 f8ff 

  0x000002ad802df180: ;   {metadata({method} {0x00000000381c7348} 'toString' '()Ljava/lang/String;' in 'java/lang/StringBuilder')}
  0x000002ad802df180: ff49 ba40 | 731c 3800 | 0000 004c | 8954 2408 | 48c7 0424 | ffff ffff 

  0x000002ad802df198: ;   {runtime_call C1 Runtime counter_overflow_blob}
  0x000002ad802df198: e843 5637 

  0x000002ad802df19c: ; ImmutableOopMap {[168]=Oop [176]=Oop [192]=Oop }
                      ;*synchronization entry
                      ; - java.lang.StringBuilder::toString@-1 (line 474)
                      ; - com.badlogic.gdx.scenes.scene2d.Actor::notify@169 (line 197)
  0x000002ad802df19c: 07e9 bdf9 

  0x000002ad802df1a0: ;   {metadata({method} {0x00000000381c7460} 'length' '()I' in 'java/lang/StringBuilder')}
  0x000002ad802df1a0: ffff 49ba | 5874 1c38 | 0000 0000 | 4c89 5424 | 0848 c704 | 24ff ffff 

  0x000002ad802df1b8: ;   {runtime_call C1 Runtime counter_overflow_blob}
  0x000002ad802df1b8: ffe8 2256 

  0x000002ad802df1bc: ; ImmutableOopMap {[168]=Oop [176]=Oop [192]=Oop }
                      ;*synchronization entry
                      ; - java.lang.StringBuilder::length@-1 (line 91)
                      ; - java.lang.StringBuilder::toString@1 (line 474)
                      ; - com.badlogic.gdx.scenes.scene2d.Actor::notify@169 (line 197)
  0x000002ad802df1bc: 3707 e957 

  0x000002ad802df1c0: ;   {internal_word}
  0x000002ad802df1c0: faff ff49 | ba29 ed2d | 80ad 0200 | 004d 8997 | e004 0000 

  0x000002ad802df1d4: ;   {runtime_call SafepointBlob}
  0x000002ad802df1d4: e987 1d2a 

  0x000002ad802df1d8: ;   {internal_word}
  0x000002ad802df1d8: 0749 bad6 | ed2d 80ad | 0200 004d | 8997 e004 

  0x000002ad802df1e8: ;   {runtime_call SafepointBlob}
  0x000002ad802df1e8: 0000 e971 | 1d2a 0748 

  0x000002ad802df1f0: ;   {runtime_call C1 Runtime fast_new_instance_blob}
  0x000002ad802df1f0: 8bd2 e8e9 

  0x000002ad802df1f4: ; ImmutableOopMap {r8=Oop [168]=Oop [176]=Oop [192]=Oop }
                      ;*new {reexecute=0 rethrow=0 return_oop=0}
                      ; - java.lang.StringBuilder::toString@10 (line 478)
                      ; - com.badlogic.gdx.scenes.scene2d.Actor::notify@169 (line 197)
  0x000002ad802df1f4: 0237 07e9 | 40fc ffff 

  0x000002ad802df1fc: ;   {metadata(nullptr)}
  0x000002ad802df1fc: 48ba 0000 | 0000 0000 | 0000 b800 

  0x000002ad802df208: ;   {runtime_call C1 Runtime load_klass_patching_blob}
  0x000002ad802df208: 0f05 0ae8 

  0x000002ad802df20c: ; ImmutableOopMap {}
                      ;*new {reexecute=1 rethrow=0 return_oop=0}
                      ; - (reexecute) com.badlogic.gdx.scenes.scene2d.Actor::notify@7 (line 181)
  0x000002ad802df20c: 5045 3707 | e9b3 fcff | ff48 8bd2 

  0x000002ad802df218: ;   {runtime_call C1 Runtime fast_new_instance_blob}
  0x000002ad802df218: e8c3 0237 

  0x000002ad802df21c: ; ImmutableOopMap {}
                      ;*new {reexecute=0 rethrow=0 return_oop=0}
                      ; - com.badlogic.gdx.scenes.scene2d.Actor::notify@7 (line 181)
  0x000002ad802df21c: 07e9 fafc | ffff 498b | 8788 0500 | 0049 c787 | 8805 0000 | 0000 0000 | 49c7 8790 | 0500 0000 
  0x000002ad802df23c: 0000 0048 | 81c4 e000 

  0x000002ad802df244: ;   {runtime_call C1 Runtime unwind_exception_blob}
  0x000002ad802df244: 0000 5de9 | 94ea 3607 | f4f4 f4f4 
[Stub Code]
  0x000002ad802df250: ;   {other}
  0x000002ad802df250: 0f1f 4400 

  0x000002ad802df254: ;   {static_stub}
  0x000002ad802df254: 0048 bb00 | 0000 0000 

  0x000002ad802df25c: ;   {runtime_call nmethod}
  0x000002ad802df25c: 0000 00e9 | fbff ffff 

  0x000002ad802df264: ;   {static_stub}
  0x000002ad802df264: 9048 bb00 | 0000 0000 

  0x000002ad802df26c: ;   {runtime_call nmethod}
  0x000002ad802df26c: 0000 00e9 | fbff ffff 

  0x000002ad802df274: ;   {static_stub}
  0x000002ad802df274: 9048 bbc0 | 2585 faad 

  0x000002ad802df27c: ;   {runtime_call I2C/C2I adapters}
  0x000002ad802df27c: 0200 00e9 | ae11 2a07 

  0x000002ad802df284: ;   {static_stub}
  0x000002ad802df284: 9048 bb00 | 0000 0000 

  0x000002ad802df28c: ;   {runtime_call nmethod}
  0x000002ad802df28c: 0000 00e9 | fbff ffff 

  0x000002ad802df294: ;   {static_stub}
  0x000002ad802df294: 9048 bb00 | 0000 0000 

  0x000002ad802df29c: ;   {runtime_call nmethod}
  0x000002ad802df29c: 0000 00e9 | fbff ffff 

  0x000002ad802df2a4: ;   {static_stub}
  0x000002ad802df2a4: 9048 bb00 | 0000 0000 

  0x000002ad802df2ac: ;   {runtime_call nmethod}
  0x000002ad802df2ac: 0000 00e9 | fbff ffff 

  0x000002ad802df2b4: ;   {static_stub}
  0x000002ad802df2b4: 48bb 0000 | 0000 0000 

  0x000002ad802df2bc: ;   {runtime_call nmethod}
  0x000002ad802df2bc: 0000 e9fb 

  0x000002ad802df2c0: ;   {static_stub}
  0x000002ad802df2c0: ffff ff48 | bb00 0000 | 0000 0000 

  0x000002ad802df2cc: ;   {runtime_call nmethod}
  0x000002ad802df2cc: 00e9 fbff 

  0x000002ad802df2d0: ;   {static_stub}
  0x000002ad802df2d0: ffff 48bb | 0000 0000 | 0000 0000 

  0x000002ad802df2dc: ;   {runtime_call nmethod}
  0x000002ad802df2dc: e9fb ffff 

  0x000002ad802df2e0: ;   {static_stub}
  0x000002ad802df2e0: ff48 bb00 | 0000 0000 

  0x000002ad802df2e8: ;   {runtime_call nmethod}
  0x000002ad802df2e8: 0000 00e9 | fbff ffff 

  0x000002ad802df2f0: ;   {static_stub}
  0x000002ad802df2f0: 48bb 0000 | 0000 0000 

  0x000002ad802df2f8: ;   {runtime_call nmethod}
  0x000002ad802df2f8: 0000 e9fb 

  0x000002ad802df2fc: ;   {runtime_call C1 Runtime handle_exception_from_callee_blob}
  0x000002ad802df2fc: ffff ffe8 | dc16 3707 

  0x000002ad802df304: ;   {external_word}
  0x000002ad802df304: 48b9 2808 | e0f1 fa7f | 0000 4883 

  0x000002ad802df310: ;   {runtime_call}
  0x000002ad802df310: e4f0 48b8 | 508c a3f1 | fa7f 0000 

  0x000002ad802df31c: ;   {section_word}
  0x000002ad802df31c: ffd0 f449 | ba1f f32d | 80ad 0200 

  0x000002ad802df328: ;   {runtime_call DeoptimizationBlob}
  0x000002ad802df328: 0041 52e9 | 301f 2a07 
[/MachCode]


Compiled method (c1) 49256 3796   !   3       com.badlogic.gdx.scenes.scene2d.Actor::fire (318 bytes)
 total in heap  [0x000002ad805be108,0x000002ad805c0048] = 8000
 main code      [0x000002ad805be200,0x000002ad805bfec8] = 7368
 stub code      [0x000002ad805bfec8,0x000002ad805c0040] = 376
 oops           [0x000002ad805c0040,0x000002ad805c0048] = 8
 mutable data [0x000002adff48deb0,0x000002adff48e188] = 728
 relocation     [0x000002adff48deb0,0x000002adff48e110] = 608
 metadata       [0x000002adff48e110,0x000002adff48e188] = 120
 immutable data [0x000002adff5a9600,0x000002adff5a9f38] = 2360
 dependencies   [0x000002adff5a9600,0x000002adff5a9640] = 64
 nul chk table  [0x000002adff5a9640,0x000002adff5a96e0] = 160
 handler table  [0x000002adff5a96e0,0x000002adff5a9848] = 360
 scopes pcs     [0x000002adff5a9848,0x000002adff5a9b98] = 848
 scopes data    [0x000002adff5a9b98,0x000002adff5a9f38] = 928

[Constant Pool (empty)]

[MachCode]
[Instructions begin]
  0x000002ad805be200: 6666 660f | 1f84 0000 | 0000 0066 | 6666 9066 | 6690 448b | 5208 443b 

  0x000002ad805be218: ;   {runtime_call Shared Runtime ic_miss_blob}
  0x000002ad805be218: 5008 0f85 | c008 fc06 
[Verified Entry Point]
  0x000002ad805be220: 8984 2400 | 80ff ff55 | 4881 eca0 | 0000 0090 | 4181 7f20 | 0800 0000 

  0x000002ad805be238: ;   {runtime_call Stub::method_entry_barrier}
  0x000002ad805be238: 7405 e8c1 | 5ffa 0648 | 8954 2438 | 4c89 4424 

  0x000002ad805be248: ;   {metadata(method data for {method} {0x000002adfa7f7c58} 'fire' '(Lcom/badlogic/gdx/scenes/scene2d/Event;)Z' in 'com/badlogic/gdx/scenes/scene2d/Actor')}
  0x000002ad805be248: 4048 beb0 | 5f99 faad | 0200 008b | be90 0000 | 0083 c702 | 89be 9000 | 0000 81e7 | fe07 0000 
  0x000002ad805be268: 85ff 0f84 | 211a 0000 

  0x000002ad805be270: ; implicit exception: dispatches to 0x000002ad805bfcb2
  0x000002ad805be270: 493b 0049 

  0x000002ad805be274: ;   {metadata(method data for {method} {0x000002adfa7f7c58} 'fire' '(Lcom/badlogic/gdx/scenes/scene2d/Event;)Z' in 'com/badlogic/gdx/scenes/scene2d/Actor')}
  0x000002ad805be274: 8bf0 48bf | b05f 99fa | ad02 0000 | 8b76 0841 | ba00 0000 | 3849 03f2 | 483b b7e0 | 0000 0075 
  0x000002ad805be294: 0d48 8387 | e800 0000 | 01e9 6000 | 0000 483b | b7f0 0000 | 0075 0d48 | 8387 f800 | 0000 01e9 
  0x000002ad805be2b4: 4a00 0000 | 4883 bfe0 | 0000 0000 | 7517 4889 | b7e0 0000 | 0048 c787 | e800 0000 | 0100 0000 
  0x000002ad805be2d4: e929 0000 | 0048 83bf | f000 0000 | 0075 1748 | 89b7 f000 | 0000 48c7 | 87f8 0000 | 0001 0000 
  0x000002ad805be2f4: 00e9 0800 | 0000 4883 | 87d8 0000 | 0001 418b | 7014 4885 

  0x000002ad805be308: ;   {metadata(method data for {method} {0x000002adfa7f7c58} 'fire' '(Lcom/badlogic/gdx/scenes/scene2d/Event;)Z' in 'com/badlogic/gdx/scenes/scene2d/Actor')}
  0x000002ad805be308: f648 beb0 | 5f99 faad | 0200 00bf | 0801 0000 | 7505 bf18 | 0100 0048 | 8b1c 3e48 | 8d5b 0148 
  0x000002ad805be328: 891c 3e0f | 8549 0100 | 0048 8bf2 

  0x000002ad805be334: ;   {metadata(method data for {method} {0x000002adfa7f7c58} 'fire' '(Lcom/badlogic/gdx/scenes/scene2d/Event;)Z' in 'com/badlogic/gdx/scenes/scene2d/Actor')}
  0x000002ad805be334: 48bf b05f | 99fa ad02 | 0000 8b76 | 0841 ba00 | 0000 3849 | 03f2 483b | b730 0100 | 0075 0d48 
  0x000002ad805be354: 8387 3801 | 0000 01e9 | 6000 0000 | 483b b740 | 0100 0075 | 0d48 8387 | 4801 0000 | 01e9 4a00 
  0x000002ad805be374: 0000 4883 | bf30 0100 | 0000 7517 | 4889 b730 | 0100 0048 | c787 3801 | 0000 0100 | 0000 e929 
  0x000002ad805be394: 0000 0048 | 83bf 4001 | 0000 0075 | 1748 89b7 | 4001 0000 | 48c7 8748 | 0100 0001 | 0000 00e9 
  0x000002ad805be3b4: 0800 0000 | 4883 8728 | 0100 0001 | 8b72 3449 

  0x000002ad805be3c4: ;   {metadata(method data for {method} {0x000002adfa7f7c58} 'fire' '(Lcom/badlogic/gdx/scenes/scene2d/Event;)Z' in 'com/badlogic/gdx/scenes/scene2d/Actor')}
  0x000002ad805be3c4: 8bf8 48bb | b05f 99fa | ad02 0000 | 8b7f 0841 | ba00 0000 | 3849 03fa | 483b bb60 | 0100 0075 
  0x000002ad805be3e4: 0d48 8383 | 6801 0000 | 01e9 6000 | 0000 483b | bb70 0100 | 0075 0d48 | 8383 7801 | 0000 01e9 
  0x000002ad805be404: 4a00 0000 | 4883 bb60 | 0100 0000 | 7517 4889 | bb60 0100 | 0048 c783 | 6801 0000 | 0100 0000 
  0x000002ad805be424: e929 0000 | 0048 83bb | 7001 0000 | 0075 1748 | 89bb 7001 | 0000 48c7 | 8378 0100 | 0001 0000 
  0x000002ad805be444: 00e9 0800 | 0000 4883 | 8358 0100 | 0001 410f | be7f 4885 | ff0f 8558 | 1800 004c | 8bd6 4589 
  0x000002ad805be464: 5014 498b | f848 33fe | 48c1 ef14 | 4883 ff00 | 0f85 5918 | 0000 498b 

  0x000002ad805be47c: ;   {metadata(method data for {method} {0x000002adfa7f7c58} 'fire' '(Lcom/badlogic/gdx/scenes/scene2d/Event;)Z' in 'com/badlogic/gdx/scenes/scene2d/Actor')}
  0x000002ad805be47c: f048 bfb0 | 5f99 faad | 0200 008b | 7608 41ba | 0000 0038 | 4903 f248 | 3bb7 9001 | 0000 750d 
  0x000002ad805be49c: 4883 8798 | 0100 0001 | e960 0000 | 0048 3bb7 | a001 0000 | 750d 4883 | 87a8 0100 | 0001 e94a 
  0x000002ad805be4bc: 0000 0048 | 83bf 9001 | 0000 0075 | 1748 89b7 | 9001 0000 | 48c7 8798 | 0100 0001 | 0000 00e9 
  0x000002ad805be4dc: 2900 0000 | 4883 bfa0 | 0100 0000 | 7517 4889 | b7a0 0100 | 0048 c787 | a801 0000 | 0100 0000 
  0x000002ad805be4fc: e908 0000 | 0048 8387 | 8801 0000 | 0141 0fbe | 7748 85f6 | 0f85 d517 | 0000 4c8b | d245 8950 
  0x000002ad805be51c: 1849 8bf0 | 4833 f248 | c1ee 1448 | 83fe 000f | 85d6 1700 

  0x000002ad805be530: ;   {oop(a 'java/lang/Class'{0x000000008445b478} = 'com/badlogic/gdx/scenes/scene2d/Actor')}
  0x000002ad805be530: 0048 be78 | b445 8400 | 0000 008b | 7678 483b | 0648 8bfe 

  0x000002ad805be544: ;   {metadata(method data for {method} {0x000002adfa7f7c58} 'fire' '(Lcom/badlogic/gdx/scenes/scene2d/Event;)Z' in 'com/badlogic/gdx/scenes/scene2d/Actor')}
  0x000002ad805be544: 48bb b05f | 99fa ad02 | 0000 4883 | 83c8 0100 

  0x000002ad805be554: ;   {oop(a 'java/lang/Class'{0x0000000084c748b0} = 'com/badlogic/gdx/utils/Array')}
  0x000002ad805be554: 0001 49b8 | b048 c784 | 0000 0000 | 488b d60f 

  0x000002ad805be564: ;   {optimized virtual_call}
  0x000002ad805be564: 1f40 00e8 

  0x000002ad805be568: ; ImmutableOopMap {[56]=Oop [64]=Oop }
                      ;*invokevirtual obtain {reexecute=0 rethrow=0 return_oop=0}
                      ; - com.badlogic.gdx.scenes.scene2d.Actor::fire@25 (line 136)
  0x000002ad805be568: 34f6 fbff 

  0x000002ad805be56c: ;   {post_call_nop}
  0x000002ad805be56c: 0f1f 8400 | 6404 0000 

  0x000002ad805be574: ;   {metadata(method data for {method} {0x000002adfa7f7c58} 'fire' '(Lcom/badlogic/gdx/scenes/scene2d/Event;)Z' in 'com/badlogic/gdx/scenes/scene2d/Actor')}
  0x000002ad805be574: 4885 c048 | bab0 5f99 | faad 0200 | 0075 0c80 | 8ae1 0100 | 0001 e9a7 | 0000 008b | 7808 41ba 
  0x000002ad805be594: 0000 0038 | 4903 fa48 | 3bba f001 | 0000 750d | 4883 82f8 | 0100 0001 | e960 0000 | 0048 3bba 
  0x000002ad805be5b4: 0002 0000 | 750d 4883 | 8208 0200 | 0001 e94a | 0000 0048 | 83ba f001 | 0000 0075 | 1748 89ba 
  0x000002ad805be5d4: f001 0000 | 48c7 82f8 | 0100 0001 | 0000 00e9 | 2900 0000 | 4883 ba00 | 0200 0000 | 7517 4889 
  0x000002ad805be5f4: ba00 0200 | 0048 c782 | 0802 0000 | 0100 0000 | e908 0000 | 0048 8382 | e801 0000 

  0x000002ad805be610: ;   {metadata('com/badlogic/gdx/utils/Array')}
  0x000002ad805be610: 0148 bf70 | 7604 3900 | 0000 008b | 5008 41ba | 0000 0038 | 4903 d248 | 3b7a 380f | 85f3 1600 
  0x000002ad805be630: 00e9 0000 | 0000 488b | f048 8974 | 2450 488b | 5424 3844 | 8b42 38e9 | 0701 0000 | 0f1f 4000 
  0x000002ad805be650: ; implicit exception: dispatches to 0x000002ad805bfd2d
  0x000002ad805be650: 483b 0648 

  0x000002ad805be654: ;   {metadata(method data for {method} {0x000002adfa7f7c58} 'fire' '(Lcom/badlogic/gdx/scenes/scene2d/Event;)Z' in 'com/badlogic/gdx/scenes/scene2d/Actor')}
  0x000002ad805be654: 8bfe 48bb | b05f 99fa | ad02 0000 | 8b7f 0841 | ba00 0000 | 3849 03fa | 483b bb40 | 0200 0075 
  0x000002ad805be674: 0d48 8383 | 4802 0000 | 01e9 6000 | 0000 483b | bb50 0200 | 0075 0d48 | 8383 5802 | 0000 01e9 
  0x000002ad805be694: 4a00 0000 | 4883 bb40 | 0200 0000 | 7517 4889 | bb40 0200 | 0048 c783 | 4802 0000 | 0100 0000 
  0x000002ad805be6b4: e929 0000 | 0048 83bb | 5002 0000 | 0075 1748 | 89bb 5002 | 0000 48c7 | 8358 0200 | 0001 0000 
  0x000002ad805be6d4: 00e9 0800 | 0000 4883 | 8338 0200 | 0001 498b | f84c 8bc7 | 488b d648 | 897c 2448 | 0f1f 8000 
  0x000002ad805be6f4: ;   {optimized virtual_call}
  0x000002ad805be6f4: 0000 00e8 

  0x000002ad805be6f8: ; ImmutableOopMap {[56]=Oop [64]=Oop [72]=Oop [80]=Oop }
                      ;*invokevirtual add {reexecute=0 rethrow=0 return_oop=0}
                      ; - com.badlogic.gdx.scenes.scene2d.Actor::fire@43 (line 139)
  0x000002ad805be6f8: b439 6707 

  0x000002ad805be6fc: ;   {post_call_nop}
  0x000002ad805be6fc: 0f1f 8400 | f405 0001 | 4c8b 4424 | 4845 8b40 

  0x000002ad805be70c: ;   {metadata(method data for {method} {0x000002adfa7f7c58} 'fire' '(Lcom/badlogic/gdx/scenes/scene2d/Event;)Z' in 'com/badlogic/gdx/scenes/scene2d/Actor')}
  0x000002ad805be70c: 3849 b9b0 | 5f99 faad | 0200 0041 | 8b91 9400 | 0000 83c2 | 0241 8991 | 9400 0000 | 81e2 fe3f 
  0x000002ad805be72c: 0000 85d2 | 0f84 0116 | 0000 4d8b 

  0x000002ad805be738: ; ImmutableOopMap {r8=Oop [56]=Oop [64]=Oop [80]=Oop }
                      ;*goto {reexecute=1 rethrow=0 return_oop=0}
                      ; - (reexecute) com.badlogic.gdx.scenes.scene2d.Actor::fire@51 (line 140)
                      ;   {poll}
  0x000002ad805be738: 5730 4185 

  0x000002ad805be73c: ;   {metadata(method data for {method} {0x000002adfa7f7c58} 'fire' '(Lcom/badlogic/gdx/scenes/scene2d/Event;)Z' in 'com/badlogic/gdx/scenes/scene2d/Actor')}
  0x000002ad805be73c: 0249 b9b0 | 5f99 faad | 0200 0041 | ff81 6802 | 0000 488b | 7424 504d 

  0x000002ad805be754: ;   {metadata(method data for {method} {0x000002adfa7f7c58} 'fire' '(Lcom/badlogic/gdx/scenes/scene2d/Event;)Z' in 'com/badlogic/gdx/scenes/scene2d/Actor')}
  0x000002ad805be754: 85c0 48bf | b05f 99fa | ad02 0000 | bb28 0200 | 0075 05bb | 1802 0000 | 488b 041f | 488d 4001 
  0x000002ad805be774: 4889 041f | 0f85 d2fe | ffff 8b7e | 1448 897c | 2460 448b | 460c 41ff | c848 8b74 | 2440 e9a9 
  0x000002ad805be794: 0200 0090 

  0x000002ad805be798: ; implicit exception: dispatches to 0x000002ad805bfd5d
  0x000002ad805be798: 443b 470c | 0f83 c515 | 0000 4d63 | c846 8b4c | 8f10 4d85 

  0x000002ad805be7ac: ;   {metadata(method data for {method} {0x000002adfa7f7c58} 'fire' '(Lcom/badlogic/gdx/scenes/scene2d/Event;)Z' in 'com/badlogic/gdx/scenes/scene2d/Actor')}
  0x000002ad805be7ac: c948 b8b0 | 5f99 faad | 0200 0075 | 0c80 8899 | 0200 0001 | e9a9 0000 | 0041 8b49 | 0841 ba00 
  0x000002ad805be7cc: 0000 3849 | 03ca 483b | 88a8 0200 | 0075 0d48 | 8380 b002 | 0000 01e9 | 6000 0000 | 483b 88b8 
  0x000002ad805be7ec: 0200 0075 | 0d48 8380 | c002 0000 | 01e9 4a00 | 0000 4883 | b8a8 0200 | 0000 7517 | 4889 88a8 
  0x000002ad805be80c: 0200 0048 | c780 b002 | 0000 0100 | 0000 e929 | 0000 0048 | 83b8 b802 | 0000 0075 | 1748 8988 
  0x000002ad805be82c: b802 0000 | 48c7 80c0 | 0200 0001 | 0000 00e9 | 0800 0000 | 4883 80a0 | 0200 0001 

  0x000002ad805be848: ;   {metadata('com/badlogic/gdx/scenes/scene2d/Group')}
  0x000002ad805be848: 48b9 e071 | 0839 0000 | 0000 418b | 4108 41ba | 0000 0038 | 4903 c248 | 3b48 400f | 850c 1500 
  0x000002ad805be868: 00e9 0000 | 0000 498b | d148 3b02 

  0x000002ad805be874: ;   {metadata(method data for {method} {0x000002adfa7f7c58} 'fire' '(Lcom/badlogic/gdx/scenes/scene2d/Event;)Z' in 'com/badlogic/gdx/scenes/scene2d/Actor')}
  0x000002ad805be874: 4c8b ca48 | b8b0 5f99 | faad 0200 | 0045 8b49 | 0841 ba00 | 0000 384d | 03ca 4c3b | 88d8 0200 
  0x000002ad805be894: 0075 0d48 | 8380 e002 | 0000 01e9 | 6000 0000 | 4c3b 88e8 | 0200 0075 | 0d48 8380 | f002 0000 
  0x000002ad805be8b4: 01e9 4a00 | 0000 4883 | b8d8 0200 | 0000 7517 | 4c89 88d8 | 0200 0048 | c780 e002 | 0000 0100 
  0x000002ad805be8d4: 0000 e929 | 0000 0048 | 83b8 e802 | 0000 0075 | 174c 8988 | e802 0000 | 48c7 80f0 | 0200 0001 
  0x000002ad805be8f4: 0000 00e9 | 0800 0000 | 4883 80d0 | 0200 0001 | 4489 4424 | 584c 8bc6 | 41b9 0100 | 0000 0f1f 
  0x000002ad805be914: ;   {optimized virtual_call}
  0x000002ad805be914: 4400 00e8 

  0x000002ad805be918: ; ImmutableOopMap {[56]=Oop [64]=Oop [80]=Oop [96]=Oop }
                      ;*invokevirtual notify {reexecute=0 rethrow=0 return_oop=0}
                      ; - com.badlogic.gdx.scenes.scene2d.Actor::fire@87 (line 148)
  0x000002ad805be918: 04f2 d1ff 

  0x000002ad805be91c: ;   {post_call_nop}
  0x000002ad805be91c: 0f1f 8400 | 1408 0003 | 4c8b 4424 

  0x000002ad805be928: ;   {metadata(method data for {method} {0x000002adfa7f7c58} 'fire' '(Lcom/badlogic/gdx/scenes/scene2d/Event;)Z' in 'com/badlogic/gdx/scenes/scene2d/Actor')}
  0x000002ad805be928: 4049 b9b0 | 5f99 faad | 0200 0045 | 8b40 0841 | ba00 0000 | 384d 03c2 | 4d3b 8108 | 0300 0075 
  0x000002ad805be948: 0d49 8381 | 1003 0000 | 01e9 6000 | 0000 4d3b | 8118 0300 | 0075 0d49 | 8381 2003 | 0000 01e9 
  0x000002ad805be968: 4a00 0000 | 4983 b908 | 0300 0000 | 7517 4d89 | 8108 0300 | 0049 c781 | 1003 0000 | 0100 0000 
  0x000002ad805be988: e929 0000 | 0049 83b9 | 1803 0000 | 0075 174d | 8981 1803 | 0000 49c7 | 8120 0300 | 0001 0000 
  0x000002ad805be9a8: 00e9 0800 | 0000 4983 | 8100 0300 | 0001 4c8b | 4424 4045 | 0fbe 480f | 4183 e101 

  0x000002ad805be9c4: ;   {metadata(method data for {method} {0x000002adfa7f7c58} 'fire' '(Lcom/badlogic/gdx/scenes/scene2d/Event;)Z' in 'com/badlogic/gdx/scenes/scene2d/Actor')}
  0x000002ad805be9c4: 4585 c949 | b9b0 5f99 | faad 0200 | 00ba 4003 | 0000 7505 | ba30 0300 | 0049 8b34 | 1148 8d76 
  0x000002ad805be9e4: 0149 8934 | 110f 85b2 | 0f00 0044 | 8b4c 2458 

  0x000002ad805be9f4: ;   {metadata(method data for {method} {0x000002adfa7f7c58} 'fire' '(Lcom/badlogic/gdx/scenes/scene2d/Event;)Z' in 'com/badlogic/gdx/scenes/scene2d/Actor')}
  0x000002ad805be9f4: 41ff c948 | bab0 5f99 | faad 0200 | 008b b294 | 0000 0083 | c602 89b2 | 9400 0000 | 81e6 fe3f 
  0x000002ad805bea14: 0000 85f6 | 0f84 6513 | 0000 4d8b 

  0x000002ad805bea20: ; ImmutableOopMap {r8=Oop [56]=Oop [64]=Oop [80]=Oop [96]=Oop }
                      ;*goto {reexecute=1 rethrow=0 return_oop=0}
                      ; - (reexecute) com.badlogic.gdx.scenes.scene2d.Actor::fire@121 (line 146)
                      ;   {poll}
  0x000002ad805bea20: 5730 4185 

  0x000002ad805bea24: ;   {metadata(method data for {method} {0x000002adfa7f7c58} 'fire' '(Lcom/badlogic/gdx/scenes/scene2d/Event;)Z' in 'com/badlogic/gdx/scenes/scene2d/Actor')}
  0x000002ad805bea24: 0248 bab0 | 5f99 faad | 0200 00ff | 82e0 0300 | 0048 8b7c | 2460 498b | f04d 8bc1 

  0x000002ad805bea40: ;   {metadata(method data for {method} {0x000002adfa7f7c58} 'fire' '(Lcom/badlogic/gdx/scenes/scene2d/Event;)Z' in 'com/badlogic/gdx/scenes/scene2d/Actor')}
  0x000002ad805bea40: 4585 c049 | b9b0 5f99 | faad 0200 | 00ba 9002 | 0000 7d05 | ba80 0200 | 0049 8b04 | 1148 8d40 
  0x000002ad805bea60: 0149 8904 | 110f 8d2d | fdff ff4c | 8bc6 488b 

  0x000002ad805bea70: ;   {metadata(method data for {method} {0x000002adfa7f7c58} 'fire' '(Lcom/badlogic/gdx/scenes/scene2d/Event;)Z' in 'com/badlogic/gdx/scenes/scene2d/Actor')}
  0x000002ad805bea70: 5424 3849 | b9b0 5f99 | faad 0200 | 008b 5208 | 41ba 0000 | 0038 4903 | d249 3b91 | 0004 0000 
  0x000002ad805bea90: 750d 4983 | 8108 0400 | 0001 e960 | 0000 0049 | 3b91 1004 | 0000 750d | 4983 8118 | 0400 0001 
  0x000002ad805beab0: e94a 0000 | 0049 83b9 | 0004 0000 | 0075 1749 | 8991 0004 | 0000 49c7 | 8108 0400 | 0001 0000 
  0x000002ad805bead0: 00e9 2900 | 0000 4983 | b910 0400 | 0000 7517 | 4989 9110 | 0400 0049 | c781 1804 | 0000 0100 
  0x000002ad805beaf0: 0000 e908 | 0000 0049 | 8381 f803 | 0000 0149 | 8bf0 4c8b | c641 b901 | 0000 0048 | 8b54 2438 
  0x000002ad805beb10: 0f1f 8000 

  0x000002ad805beb14: ;   {optimized virtual_call}
  0x000002ad805beb14: 0000 00e8 

  0x000002ad805beb18: ; ImmutableOopMap {[56]=Oop [64]=Oop [80]=Oop [96]=Oop }
                      ;*invokevirtual notify {reexecute=0 rethrow=0 return_oop=0}
                      ; - com.badlogic.gdx.scenes.scene2d.Actor::fire@127 (line 153)
  0x000002ad805beb18: 04f0 d1ff 

  0x000002ad805beb1c: ;   {post_call_nop}
  0x000002ad805beb1c: 0f1f 8400 | 140a 0005 | 4c8b 4424 

  0x000002ad805beb28: ;   {metadata(method data for {method} {0x000002adfa7f7c58} 'fire' '(Lcom/badlogic/gdx/scenes/scene2d/Event;)Z' in 'com/badlogic/gdx/scenes/scene2d/Actor')}
  0x000002ad805beb28: 4049 b9b0 | 5f99 faad | 0200 0045 | 8b40 0841 | ba00 0000 | 384d 03c2 | 4d3b 8130 | 0400 0075 
  0x000002ad805beb48: 0d49 8381 | 3804 0000 | 01e9 6000 | 0000 4d3b | 8140 0400 | 0075 0d49 | 8381 4804 | 0000 01e9 
  0x000002ad805beb68: 4a00 0000 | 4983 b930 | 0400 0000 | 7517 4d89 | 8130 0400 | 0049 c781 | 3804 0000 | 0100 0000 
  0x000002ad805beb88: e929 0000 | 0049 83b9 | 4004 0000 | 0075 174d | 8981 4004 | 0000 49c7 | 8148 0400 | 0001 0000 
  0x000002ad805beba8: 00e9 0800 | 0000 4983 | 8128 0400 | 0001 4c8b | 4424 4045 | 0fbe 480f | 4183 e101 

  0x000002ad805bebc4: ;   {metadata(method data for {method} {0x000002adfa7f7c58} 'fire' '(Lcom/badlogic/gdx/scenes/scene2d/Event;)Z' in 'com/badlogic/gdx/scenes/scene2d/Actor')}
  0x000002ad805bebc4: 4585 c949 | b9b0 5f99 | faad 0200 | 00ba 6804 | 0000 7505 | ba58 0400 | 0049 8b34 | 1148 8d76 
  0x000002ad805bebe4: 0149 8934 | 110f 85fa | 0b00 0048 | 8b54 2438 

  0x000002ad805bebf4: ;   {metadata(method data for {method} {0x000002adfa7f7c58} 'fire' '(Lcom/badlogic/gdx/scenes/scene2d/Event;)Z' in 'com/badlogic/gdx/scenes/scene2d/Actor')}
  0x000002ad805bebf4: 4c8b ca48 | beb0 5f99 | faad 0200 | 0045 8b49 | 0841 ba00 | 0000 384d | 03ca 4c3b | 8e10 0500 
  0x000002ad805bec14: 0075 0d48 | 8386 1805 | 0000 01e9 | 6000 0000 | 4c3b 8e20 | 0500 0075 | 0d48 8386 | 2805 0000 
  0x000002ad805bec34: 01e9 4a00 | 0000 4883 | be10 0500 | 0000 7517 | 4c89 8e10 | 0500 0048 | c786 1805 | 0000 0100 
  0x000002ad805bec54: 0000 e929 | 0000 0048 | 83be 2005 | 0000 0075 | 174c 898e | 2005 0000 | 48c7 8628 | 0500 0001 
  0x000002ad805bec74: 0000 00e9 | 0800 0000 | 4883 8608 | 0500 0001 | 498b f04c | 8bc6 41b9 | 0000 0000 | 0f1f 8000 
  0x000002ad805bec94: ;   {optimized virtual_call}
  0x000002ad805bec94: 0000 00e8 

  0x000002ad805bec98: ; ImmutableOopMap {[64]=Oop [80]=Oop [96]=Oop }
                      ;*invokevirtual notify {reexecute=0 rethrow=0 return_oop=0}
                      ; - com.badlogic.gdx.scenes.scene2d.Actor::fire@161 (line 157)
  0x000002ad805bec98: 84ee d1ff 

  0x000002ad805bec9c: ;   {post_call_nop}
  0x000002ad805bec9c: 0f1f 8400 | 940b 0006 | 4c8b 4424 

  0x000002ad805beca8: ;   {metadata(method data for {method} {0x000002adfa7f7c58} 'fire' '(Lcom/badlogic/gdx/scenes/scene2d/Event;)Z' in 'com/badlogic/gdx/scenes/scene2d/Actor')}
  0x000002ad805beca8: 4049 b9b0 | 5f99 faad | 0200 0045 | 8b40 0841 | ba00 0000 | 384d 03c2 | 4d3b 8140 | 0500 0075 
  0x000002ad805becc8: 0d49 8381 | 4805 0000 | 01e9 6000 | 0000 4d3b | 8150 0500 | 0075 0d49 | 8381 5805 | 0000 01e9 
  0x000002ad805bece8: 4a00 0000 | 4983 b940 | 0500 0000 | 7517 4d89 | 8140 0500 | 0049 c781 | 4805 0000 | 0100 0000 
  0x000002ad805bed08: e929 0000 | 0049 83b9 | 5005 0000 | 0075 174d | 8981 5005 | 0000 49c7 | 8158 0500 | 0001 0000 
  0x000002ad805bed28: 00e9 0800 | 0000 4983 | 8138 0500 | 0001 4c8b | 4424 4045 | 0fbe 480d | 4183 e101 

  0x000002ad805bed44: ;   {metadata(method data for {method} {0x000002adfa7f7c58} 'fire' '(Lcom/badlogic/gdx/scenes/scene2d/Event;)Z' in 'com/badlogic/gdx/scenes/scene2d/Actor')}
  0x000002ad805bed44: 4585 c949 | b9b0 5f99 | faad 0200 | 00ba 7805 | 0000 7405 | ba68 0500 | 0049 8b34 | 1148 8d76 
  0x000002ad805bed64: 0149 8934 | 110f 84c2 | 0800 004d 

  0x000002ad805bed70: ;   {metadata(method data for {method} {0x000002adfa7f7c58} 'fire' '(Lcom/badlogic/gdx/scenes/scene2d/Event;)Z' in 'com/badlogic/gdx/scenes/scene2d/Actor')}
  0x000002ad805bed70: 8bc8 48ba | b05f 99fa | ad02 0000 | 458b 4908 | 41ba 0000 | 0038 4d03 | ca4c 3b8a | 2006 0000 
  0x000002ad805bed90: 750d 4883 | 8228 0600 | 0001 e960 | 0000 004c | 3b8a 3006 | 0000 750d | 4883 8238 | 0600 0001 
  0x000002ad805bedb0: e94a 0000 | 0048 83ba | 2006 0000 | 0075 174c | 898a 2006 | 0000 48c7 | 8228 0600 | 0001 0000 
  0x000002ad805bedd0: 00e9 2900 | 0000 4883 | ba30 0600 | 0000 7517 | 4c89 8a30 | 0600 0048 | c782 3806 | 0000 0100 
  0x000002ad805bedf0: 0000 e908 | 0000 0048 | 8382 1806 | 0000 0145 | 0fbe 480f | 4183 e101 

  0x000002ad805bee08: ;   {metadata(method data for {method} {0x000002adfa7f7c58} 'fire' '(Lcom/badlogic/gdx/scenes/scene2d/Event;)Z' in 'com/badlogic/gdx/scenes/scene2d/Actor')}
  0x000002ad805bee08: 4585 c949 | b9b0 5f99 | faad 0200 | 00ba 5806 | 0000 7505 | ba48 0600 | 0049 8b34 | 1148 8d76 
  0x000002ad805bee28: 0149 8934 | 110f 8546 | 0600 0048 | 8b74 2450 | 8b7e 0c89 | 7c24 68bb | 0000 0000 | e9a4 0200 
  0x000002ad805bee48: 000f 1f80 | 0000 0000 

  0x000002ad805bee50: ; implicit exception: dispatches to 0x000002ad805bfda4
  0x000002ad805bee50: 3b5e 0c0f | 8355 0f00 | 004c 63cb | 468b 4c8e | 104d 85c9 

  0x000002ad805bee64: ;   {metadata(method data for {method} {0x000002adfa7f7c58} 'fire' '(Lcom/badlogic/gdx/scenes/scene2d/Event;)Z' in 'com/badlogic/gdx/scenes/scene2d/Actor')}
  0x000002ad805bee64: 48b9 b05f | 99fa ad02 | 0000 750c | 8089 1107 | 0000 01e9 | a900 0000 | 458b 5908 | 41ba 0000 
  0x000002ad805bee84: 0038 4d03 | da4c 3b99 | 2007 0000 | 750d 4883 | 8128 0700 | 0001 e960 | 0000 004c | 3b99 3007 
  0x000002ad805beea4: 0000 750d | 4883 8138 | 0700 0001 | e94a 0000 | 0048 83b9 | 2007 0000 | 0075 174c | 8999 2007 
  0x000002ad805beec4: 0000 48c7 | 8128 0700 | 0001 0000 | 00e9 2900 | 0000 4883 | b930 0700 | 0000 7517 | 4c89 9930 
  0x000002ad805beee4: 0700 0048 | c781 3807 | 0000 0100 | 0000 e908 | 0000 0048 | 8381 1807 

  0x000002ad805beefc: ;   {metadata('com/badlogic/gdx/scenes/scene2d/Group')}
  0x000002ad805beefc: 0000 0149 | bbe0 7108 | 3900 0000 | 0041 8b49 | 0841 ba00 | 0000 3849 | 03ca 4c3b | 5940 0f85 
  0x000002ad805bef1c: 9c0e 0000 | e900 0000 | 0049 8bd1 

  0x000002ad805bef28: ; implicit exception: dispatches to 0x000002ad805bfdc5
  0x000002ad805bef28: 483b 024c 

  0x000002ad805bef2c: ;   {metadata(method data for {method} {0x000002adfa7f7c58} 'fire' '(Lcom/badlogic/gdx/scenes/scene2d/Event;)Z' in 'com/badlogic/gdx/scenes/scene2d/Actor')}
  0x000002ad805bef2c: 8bca 48b9 | b05f 99fa | ad02 0000 | 458b 4908 | 41ba 0000 | 0038 4d03 | ca4c 3b89 | 5007 0000 
  0x000002ad805bef4c: 750d 4883 | 8158 0700 | 0001 e960 | 0000 004c | 3b89 6007 | 0000 750d | 4883 8168 | 0700 0001 
  0x000002ad805bef6c: e94a 0000 | 0048 83b9 | 5007 0000 | 0075 174c | 8989 5007 | 0000 48c7 | 8158 0700 | 0001 0000 
  0x000002ad805bef8c: 00e9 2900 | 0000 4883 | b960 0700 | 0000 7517 | 4c89 8960 | 0700 0048 | c781 6807 | 0000 0100 
  0x000002ad805befac: 0000 e908 | 0000 0048 | 8381 4807 | 0000 0149 | 8bc8 4c8b | c141 b900 | 0000 0089 | 5c24 5c0f 
  0x000002ad805befcc: ;   {optimized virtual_call}
  0x000002ad805befcc: 1f40 00e8 

  0x000002ad805befd0: ; ImmutableOopMap {[64]=Oop [80]=Oop [96]=Oop }
                      ;*invokevirtual notify {reexecute=0 rethrow=0 return_oop=0}
                      ; - com.badlogic.gdx.scenes.scene2d.Actor::fire@245 (line 163)
  0x000002ad805befd0: 4ceb d1ff 

  0x000002ad805befd4: ;   {post_call_nop}
  0x000002ad805befd4: 0f1f 8400 | cc0e 0007 | 4c8b 4424 

  0x000002ad805befe0: ;   {metadata(method data for {method} {0x000002adfa7f7c58} 'fire' '(Lcom/badlogic/gdx/scenes/scene2d/Event;)Z' in 'com/badlogic/gdx/scenes/scene2d/Actor')}
  0x000002ad805befe0: 4048 bab0 | 5f99 faad | 0200 0045 | 8b40 0841 | ba00 0000 | 384d 03c2 | 4c3b 8280 | 0700 0075 
  0x000002ad805bf000: 0d48 8382 | 8807 0000 | 01e9 6000 | 0000 4c3b | 8290 0700 | 0075 0d48 | 8382 9807 | 0000 01e9 
  0x000002ad805bf020: 4a00 0000 | 4883 ba80 | 0700 0000 | 7517 4c89 | 8280 0700 | 0048 c782 | 8807 0000 | 0100 0000 
  0x000002ad805bf040: e929 0000 | 0048 83ba | 9007 0000 | 0075 174c | 8982 9007 | 0000 48c7 | 8298 0700 | 0001 0000 
  0x000002ad805bf060: 00e9 0800 | 0000 4883 | 8278 0700 | 0001 4c8b | 4424 4041 | 0fbe 500f | 83e2 0185 

  0x000002ad805bf07c: ;   {metadata(method data for {method} {0x000002adfa7f7c58} 'fire' '(Lcom/badlogic/gdx/scenes/scene2d/Event;)Z' in 'com/badlogic/gdx/scenes/scene2d/Actor')}
  0x000002ad805bf07c: d248 bab0 | 5f99 faad | 0200 00be | b807 0000 | 7505 bea8 | 0700 0048 | 8b3c 3248 | 8d7f 0148 
  0x000002ad805bf09c: 893c 320f | 857c 0000 | 008b 5c24 

  0x000002ad805bf0a8: ;   {metadata(method data for {method} {0x000002adfa7f7c58} 'fire' '(Lcom/badlogic/gdx/scenes/scene2d/Event;)Z' in 'com/badlogic/gdx/scenes/scene2d/Actor')}
  0x000002ad805bf0a8: 5cff c348 | bab0 5f99 | faad 0200 | 008b b294 | 0000 0083 | c602 89b2 | 9400 0000 | 81e6 fe3f 
  0x000002ad805bf0c8: 0000 85f6 | 0f84 f80c | 0000 4d8b 

  0x000002ad805bf0d4: ; ImmutableOopMap {r8=Oop [64]=Oop [80]=Oop [96]=Oop }
                      ;*goto {reexecute=1 rethrow=0 return_oop=0}
                      ; - (reexecute) com.badlogic.gdx.scenes.scene2d.Actor::fire@279 (line 162)
                      ;   {poll}
  0x000002ad805bf0d4: 5730 4185 

  0x000002ad805bf0d8: ;   {metadata(method data for {method} {0x000002adfa7f7c58} 'fire' '(Lcom/badlogic/gdx/scenes/scene2d/Event;)Z' in 'com/badlogic/gdx/scenes/scene2d/Actor')}
  0x000002ad805bf0d8: 0248 bab0 | 5f99 faad | 0200 00ff | 8258 0800 | 008b 7c24 | 6848 8b74 | 2460 3bdf 

  0x000002ad805bf0f4: ;   {metadata(method data for {method} {0x000002adfa7f7c58} 'fire' '(Lcom/badlogic/gdx/scenes/scene2d/Event;)Z' in 'com/badlogic/gdx/scenes/scene2d/Actor')}
  0x000002ad805bf0f4: 49b9 b05f | 99fa ad02 | 0000 baf8 | 0600 007d | 05ba 0807 | 0000 498b | 0c11 488d | 4901 4989 
  0x000002ad805bf114: 0c11 0f8d | bd01 0000 | e92f fdff | ff49 8bd0 

  0x000002ad805bf124: ;   {metadata(method data for {method} {0x000002adfa7f7c58} 'fire' '(Lcom/badlogic/gdx/scenes/scene2d/Event;)Z' in 'com/badlogic/gdx/scenes/scene2d/Actor')}
  0x000002ad805bf124: 48be b05f | 99fa ad02 | 0000 8b52 | 0841 ba00 | 0000 3849 | 03d2 483b | 96d0 0700 | 0075 0d48 
  0x000002ad805bf144: 8386 d807 | 0000 01e9 | 6000 0000 | 483b 96e0 | 0700 0075 | 0d48 8386 | e807 0000 | 01e9 4a00 
  0x000002ad805bf164: 0000 4883 | bed0 0700 | 0000 7517 | 4889 96d0 | 0700 0048 | c786 d807 | 0000 0100 | 0000 e929 
  0x000002ad805bf184: 0000 0048 | 83be e007 | 0000 0075 | 1748 8996 | e007 0000 | 48c7 86e8 | 0700 0001 | 0000 00e9 
  0x000002ad805bf1a4: 0800 0000 | 4883 86c8 | 0700 0001 | 410f be50 | 1083 e201 | 8954 246c | 488b 7424 

  0x000002ad805bf1c0: ;   {metadata(method data for {method} {0x000002adfa7f7c58} 'fire' '(Lcom/badlogic/gdx/scenes/scene2d/Event;)Z' in 'com/badlogic/gdx/scenes/scene2d/Actor')}
  0x000002ad805bf1c0: 5048 bfb0 | 5f99 faad | 0200 008b | 7608 41ba | 0000 0038 | 4903 f248 | 3bb7 0008 | 0000 750d 
  0x000002ad805bf1e0: 4883 8708 | 0800 0001 | e960 0000 | 0048 3bb7 | 1008 0000 | 750d 4883 | 8718 0800 | 0001 e94a 
  0x000002ad805bf200: 0000 0048 | 83bf 0008 | 0000 0075 | 1748 89b7 | 0008 0000 | 48c7 8708 | 0800 0001 | 0000 00e9 
  0x000002ad805bf220: 2900 0000 | 4883 bf10 | 0800 0000 | 7517 4889 | b710 0800 | 0048 c787 | 1808 0000 | 0100 0000 
  0x000002ad805bf240: e908 0000 | 0048 8387 | f807 0000 | 0148 8b54 | 2450 6666 | 9048 b880 | 1f99 afad 

  0x000002ad805bf25c: ;   {virtual_call}
  0x000002ad805bf25c: 0200 00e8 

  0x000002ad805bf260: ; ImmutableOopMap {[80]=Oop }
                      ;*invokevirtual clear {reexecute=0 rethrow=0 return_oop=0}
                      ; - com.badlogic.gdx.scenes.scene2d.Actor::fire@263 (line 169)
  0x000002ad805bf260: 7cfe fb06 

  0x000002ad805bf264: ;   {post_call_nop}
  0x000002ad805bf264: 0f1f 8400 | 5c11 0009 

  0x000002ad805bf26c: ;   {oop(a 'java/lang/Class'{0x000000008445b478} = 'com/badlogic/gdx/scenes/scene2d/Actor')}
  0x000002ad805bf26c: 49b8 78b4 | 4584 0000 | 0000 418b | 5078 483b | 024c 8bc2 

  0x000002ad805bf280: ;   {metadata(method data for {method} {0x000002adfa7f7c58} 'fire' '(Lcom/badlogic/gdx/scenes/scene2d/Event;)Z' in 'com/badlogic/gdx/scenes/scene2d/Actor')}
  0x000002ad805bf280: 48be b05f | 99fa ad02 

  0x000002ad805bf288: ;   {metadata('com/badlogic/gdx/utils/PoolManager')}
  0x000002ad805bf288: 0000 49ba | 98da 0839 | 0000 0000 | 4c89 9630 | 0800 0048 | 8386 3808 | 0000 014c | 8b44 2450 
  0x000002ad805bf2a8: 0f1f 8000 

  0x000002ad805bf2ac: ;   {optimized virtual_call}
  0x000002ad805bf2ac: 0000 00e8 

  0x000002ad805bf2b0: ; ImmutableOopMap {}
                      ;*invokevirtual free {reexecute=0 rethrow=0 return_oop=0}
                      ; - com.badlogic.gdx.scenes.scene2d.Actor::fire@270 (line 170)
  0x000002ad805bf2b0: 2cfb fb06 

  0x000002ad805bf2b4: ;   {post_call_nop}
  0x000002ad805bf2b4: 0f1f 8400 | ac11 000a | 8b54 246c | 83e2 0148 | 8bc2 4881 | c4a0 0000 

  0x000002ad805bf2cc: ;   {poll_return}
  0x000002ad805bf2cc: 005d 493b | 6728 0f87 | 180b 0000 | c349 8bd0 

  0x000002ad805bf2dc: ;   {metadata(method data for {method} {0x000002adfa7f7c58} 'fire' '(Lcom/badlogic/gdx/scenes/scene2d/Event;)Z' in 'com/badlogic/gdx/scenes/scene2d/Actor')}
  0x000002ad805bf2dc: 48be b05f | 99fa ad02 | 0000 8b52 | 0841 ba00 | 0000 3849 | 03d2 483b | 9678 0800 | 0075 0d48 
  0x000002ad805bf2fc: 8386 8008 | 0000 01e9 | 6000 0000 | 483b 9688 | 0800 0075 | 0d48 8386 | 9008 0000 | 01e9 4a00 
  0x000002ad805bf31c: 0000 4883 | be78 0800 | 0000 7517 | 4889 9678 | 0800 0048 | c786 8008 | 0000 0100 | 0000 e929 
  0x000002ad805bf33c: 0000 0048 | 83be 8808 | 0000 0075 | 1748 8996 | 8808 0000 | 48c7 8690 | 0800 0001 | 0000 00e9 
  0x000002ad805bf35c: 0800 0000 | 4883 8670 | 0800 0001 | 410f be50 | 1083 e201 | 8954 2470 | 488b 7424 

  0x000002ad805bf378: ;   {metadata(method data for {method} {0x000002adfa7f7c58} 'fire' '(Lcom/badlogic/gdx/scenes/scene2d/Event;)Z' in 'com/badlogic/gdx/scenes/scene2d/Actor')}
  0x000002ad805bf378: 5048 bfb0 | 5f99 faad | 0200 008b | 7608 41ba | 0000 0038 | 4903 f248 | 3bb7 a808 | 0000 750d 
  0x000002ad805bf398: 4883 87b0 | 0800 0001 | e960 0000 | 0048 3bb7 | b808 0000 | 750d 4883 | 87c0 0800 | 0001 e94a 
  0x000002ad805bf3b8: 0000 0048 | 83bf a808 | 0000 0075 | 1748 89b7 | a808 0000 | 48c7 87b0 | 0800 0001 | 0000 00e9 
  0x000002ad805bf3d8: 2900 0000 | 4883 bfb8 | 0800 0000 | 7517 4889 | b7b8 0800 | 0048 c787 | c008 0000 | 0100 0000 
  0x000002ad805bf3f8: e908 0000 | 0048 8387 | a008 0000 | 0148 8b54 | 2450 6666 | 9048 b8a8 | 1f99 afad 

  0x000002ad805bf414: ;   {virtual_call}
  0x000002ad805bf414: 0200 00e8 

  0x000002ad805bf418: ; ImmutableOopMap {[80]=Oop }
                      ;*invokevirtual clear {reexecute=0 rethrow=0 return_oop=0}
                      ; - com.badlogic.gdx.scenes.scene2d.Actor::fire@289 (line 169)
  0x000002ad805bf418: e66b 6807 

  0x000002ad805bf41c: ;   {post_call_nop}
  0x000002ad805bf41c: 0f1f 8400 | 1413 000b 

  0x000002ad805bf424: ;   {oop(a 'java/lang/Class'{0x000000008445b478} = 'com/badlogic/gdx/scenes/scene2d/Actor')}
  0x000002ad805bf424: 49b8 78b4 | 4584 0000 | 0000 418b | 5078 483b | 024c 8bc2 

  0x000002ad805bf438: ;   {metadata(method data for {method} {0x000002adfa7f7c58} 'fire' '(Lcom/badlogic/gdx/scenes/scene2d/Event;)Z' in 'com/badlogic/gdx/scenes/scene2d/Actor')}
  0x000002ad805bf438: 48be b05f | 99fa ad02 | 0000 4883 | 86e0 0800 | 0001 4c8b 

  0x000002ad805bf44c: ;   {optimized virtual_call}
  0x000002ad805bf44c: 4424 50e8 

  0x000002ad805bf450: ; ImmutableOopMap {}
                      ;*invokevirtual free {reexecute=0 rethrow=0 return_oop=0}
                      ; - com.badlogic.gdx.scenes.scene2d.Actor::fire@296 (line 170)
  0x000002ad805bf450: 4cd2 faff 

  0x000002ad805bf454: ;   {post_call_nop}
  0x000002ad805bf454: 0f1f 8400 | 4c13 000c | 8b54 2470 | 83e2 0148 | 8bc2 4881 | c4a0 0000 

  0x000002ad805bf46c: ;   {poll_return}
  0x000002ad805bf46c: 005d 493b | 6728 0f87 | 9309 0000 | c349 8bd0 

  0x000002ad805bf47c: ;   {metadata(method data for {method} {0x000002adfa7f7c58} 'fire' '(Lcom/badlogic/gdx/scenes/scene2d/Event;)Z' in 'com/badlogic/gdx/scenes/scene2d/Actor')}
  0x000002ad805bf47c: 48be b05f | 99fa ad02 | 0000 8b52 | 0841 ba00 | 0000 3849 | 03d2 483b | 9670 0600 | 0075 0d48 
  0x000002ad805bf49c: 8386 7806 | 0000 01e9 | 6000 0000 | 483b 9680 | 0600 0075 | 0d48 8386 | 8806 0000 | 01e9 4a00 
  0x000002ad805bf4bc: 0000 4883 | be70 0600 | 0000 7517 | 4889 9670 | 0600 0048 | c786 7806 | 0000 0100 | 0000 e929 
  0x000002ad805bf4dc: 0000 0048 | 83be 8006 | 0000 0075 | 1748 8996 | 8006 0000 | 48c7 8688 | 0600 0001 | 0000 00e9 
  0x000002ad805bf4fc: 0800 0000 | 4883 8668 | 0600 0001 | 410f be50 | 1083 e201 | 8954 2474 | 488b 7424 

  0x000002ad805bf518: ;   {metadata(method data for {method} {0x000002adfa7f7c58} 'fire' '(Lcom/badlogic/gdx/scenes/scene2d/Event;)Z' in 'com/badlogic/gdx/scenes/scene2d/Actor')}
  0x000002ad805bf518: 5048 bfb0 | 5f99 faad | 0200 008b | 7608 41ba | 0000 0038 | 4903 f248 | 3bb7 a006 | 0000 750d 
  0x000002ad805bf538: 4883 87a8 | 0600 0001 | e960 0000 | 0048 3bb7 | b006 0000 | 750d 4883 | 87b8 0600 | 0001 e94a 
  0x000002ad805bf558: 0000 0048 | 83bf a006 | 0000 0075 | 1748 89b7 | a006 0000 | 48c7 87a8 | 0600 0001 | 0000 00e9 
  0x000002ad805bf578: 2900 0000 | 4883 bfb0 | 0600 0000 | 7517 4889 | b7b0 0600 | 0048 c787 | b806 0000 | 0100 0000 
  0x000002ad805bf598: e908 0000 | 0048 8387 | 9806 0000 | 0148 8b54 | 2450 6666 | 9048 b8d0 | 1f99 afad 

  0x000002ad805bf5b4: ;   {virtual_call}
  0x000002ad805bf5b4: 0200 00e8 

  0x000002ad805bf5b8: ; ImmutableOopMap {[80]=Oop }
                      ;*invokevirtual clear {reexecute=0 rethrow=0 return_oop=0}
                      ; - com.badlogic.gdx.scenes.scene2d.Actor::fire@206 (line 169)
  0x000002ad805bf5b8: 24fb fb06 

  0x000002ad805bf5bc: ;   {post_call_nop}
  0x000002ad805bf5bc: 0f1f 8400 | b414 000d 

  0x000002ad805bf5c4: ;   {oop(a 'java/lang/Class'{0x000000008445b478} = 'com/badlogic/gdx/scenes/scene2d/Actor')}
  0x000002ad805bf5c4: 49b8 78b4 | 4584 0000 | 0000 418b | 5078 483b | 024c 8bc2 

  0x000002ad805bf5d8: ;   {metadata(method data for {method} {0x000002adfa7f7c58} 'fire' '(Lcom/badlogic/gdx/scenes/scene2d/Event;)Z' in 'com/badlogic/gdx/scenes/scene2d/Actor')}
  0x000002ad805bf5d8: 48be b05f | 99fa ad02 

  0x000002ad805bf5e0: ;   {metadata('com/badlogic/gdx/utils/PoolManager')}
  0x000002ad805bf5e0: 0000 49ba | 98da 0839 | 0000 0000 | 4c89 96d0 | 0600 0048 | 8386 d806 | 0000 014c | 8b44 2450 
  0x000002ad805bf600: 0f1f 8000 

  0x000002ad805bf604: ;   {optimized virtual_call}
  0x000002ad805bf604: 0000 00e8 

  0x000002ad805bf608: ; ImmutableOopMap {}
                      ;*invokevirtual free {reexecute=0 rethrow=0 return_oop=0}
                      ; - com.badlogic.gdx.scenes.scene2d.Actor::fire@213 (line 170)
  0x000002ad805bf608: d4f7 fb06 

  0x000002ad805bf60c: ;   {post_call_nop}
  0x000002ad805bf60c: 0f1f 8400 | 0415 000e | 8b54 2474 | 83e2 0148 | 8bc2 4881 | c4a0 0000 

  0x000002ad805bf624: ;   {poll_return}
  0x000002ad805bf624: 005d 493b | 6728 0f87 | f607 0000 | c349 8bd0 

  0x000002ad805bf634: ;   {metadata(method data for {method} {0x000002adfa7f7c58} 'fire' '(Lcom/badlogic/gdx/scenes/scene2d/Event;)Z' in 'com/badlogic/gdx/scenes/scene2d/Actor')}
  0x000002ad805bf634: 48be b05f | 99fa ad02 | 0000 8b52 | 0841 ba00 | 0000 3849 | 03d2 483b | 9690 0500 | 0075 0d48 
  0x000002ad805bf654: 8386 9805 | 0000 01e9 | 6000 0000 | 483b 96a0 | 0500 0075 | 0d48 8386 | a805 0000 | 01e9 4a00 
  0x000002ad805bf674: 0000 4883 | be90 0500 | 0000 7517 | 4889 9690 | 0500 0048 | c786 9805 | 0000 0100 | 0000 e929 
  0x000002ad805bf694: 0000 0048 | 83be a005 | 0000 0075 | 1748 8996 | a005 0000 | 48c7 86a8 | 0500 0001 | 0000 00e9 
  0x000002ad805bf6b4: 0800 0000 | 4883 8688 | 0500 0001 | 410f be50 | 1083 e201 | 8954 2478 | 488b 7424 

  0x000002ad805bf6d0: ;   {metadata(method data for {method} {0x000002adfa7f7c58} 'fire' '(Lcom/badlogic/gdx/scenes/scene2d/Event;)Z' in 'com/badlogic/gdx/scenes/scene2d/Actor')}
  0x000002ad805bf6d0: 5048 bfb0 | 5f99 faad | 0200 008b | 7608 41ba | 0000 0038 | 4903 f248 | 3bb7 c005 | 0000 750d 
  0x000002ad805bf6f0: 4883 87c8 | 0500 0001 | e960 0000 | 0048 3bb7 | d005 0000 | 750d 4883 | 87d8 0500 | 0001 e94a 
  0x000002ad805bf710: 0000 0048 | 83bf c005 | 0000 0075 | 1748 89b7 | c005 0000 | 48c7 87c8 | 0500 0001 | 0000 00e9 
  0x000002ad805bf730: 2900 0000 | 4883 bfd0 | 0500 0000 | 7517 4889 | b7d0 0500 | 0048 c787 | d805 0000 | 0100 0000 
  0x000002ad805bf750: e908 0000 | 0048 8387 | b805 0000 | 0148 8b54 | 2450 6666 | 9048 b8f8 | 1f99 afad 

  0x000002ad805bf76c: ;   {virtual_call}
  0x000002ad805bf76c: 0200 00e8 

  0x000002ad805bf770: ; ImmutableOopMap {[80]=Oop }
                      ;*invokevirtual clear {reexecute=0 rethrow=0 return_oop=0}
                      ; - com.badlogic.gdx.scenes.scene2d.Actor::fire@179 (line 169)
  0x000002ad805bf770: 6cf9 fb06 

  0x000002ad805bf774: ;   {post_call_nop}
  0x000002ad805bf774: 0f1f 8400 | 6c16 000f 

  0x000002ad805bf77c: ;   {oop(a 'java/lang/Class'{0x000000008445b478} = 'com/badlogic/gdx/scenes/scene2d/Actor')}
  0x000002ad805bf77c: 49b8 78b4 | 4584 0000 | 0000 418b | 5078 483b | 024c 8bc2 

  0x000002ad805bf790: ;   {metadata(method data for {method} {0x000002adfa7f7c58} 'fire' '(Lcom/badlogic/gdx/scenes/scene2d/Event;)Z' in 'com/badlogic/gdx/scenes/scene2d/Actor')}
  0x000002ad805bf790: 48be b05f | 99fa ad02 

  0x000002ad805bf798: ;   {metadata('com/badlogic/gdx/utils/PoolManager')}
  0x000002ad805bf798: 0000 49ba | 98da 0839 | 0000 0000 | 4c89 96f0 | 0500 0048 | 8386 f805 | 0000 014c | 8b44 2450 
  0x000002ad805bf7b8: 0f1f 8000 

  0x000002ad805bf7bc: ;   {optimized virtual_call}
  0x000002ad805bf7bc: 0000 00e8 

  0x000002ad805bf7c0: ; ImmutableOopMap {}
                      ;*invokevirtual free {reexecute=0 rethrow=0 return_oop=0}
                      ; - com.badlogic.gdx.scenes.scene2d.Actor::fire@186 (line 170)
  0x000002ad805bf7c0: 1cf6 fb06 

  0x000002ad805bf7c4: ;   {post_call_nop}
  0x000002ad805bf7c4: 0f1f 8400 | bc16 0010 | 8b54 2478 | 83e2 0148 | 8bc2 4881 | c4a0 0000 

  0x000002ad805bf7dc: ;   {poll_return}
  0x000002ad805bf7dc: 005d 493b | 6728 0f87 | 5906 0000 | c349 8bd0 

  0x000002ad805bf7ec: ;   {metadata(method data for {method} {0x000002adfa7f7c58} 'fire' '(Lcom/badlogic/gdx/scenes/scene2d/Event;)Z' in 'com/badlogic/gdx/scenes/scene2d/Actor')}
  0x000002ad805bf7ec: 48be b05f | 99fa ad02 | 0000 8b52 | 0841 ba00 | 0000 3849 | 03d2 483b | 9680 0400 | 0075 0d48 
  0x000002ad805bf80c: 8386 8804 | 0000 01e9 | 6000 0000 | 483b 9690 | 0400 0075 | 0d48 8386 | 9804 0000 | 01e9 4a00 
  0x000002ad805bf82c: 0000 4883 | be80 0400 | 0000 7517 | 4889 9680 | 0400 0048 | c786 8804 | 0000 0100 | 0000 e929 
  0x000002ad805bf84c: 0000 0048 | 83be 9004 | 0000 0075 | 1748 8996 | 9004 0000 | 48c7 8698 | 0400 0001 | 0000 00e9 
  0x000002ad805bf86c: 0800 0000 | 4883 8678 | 0400 0001 | 410f be50 | 1083 e201 | 8954 247c | 488b 7424 

  0x000002ad805bf888: ;   {metadata(method data for {method} {0x000002adfa7f7c58} 'fire' '(Lcom/badlogic/gdx/scenes/scene2d/Event;)Z' in 'com/badlogic/gdx/scenes/scene2d/Actor')}
  0x000002ad805bf888: 5048 bfb0 | 5f99 faad | 0200 008b | 7608 41ba | 0000 0038 | 4903 f248 | 3bb7 b004 | 0000 750d 
  0x000002ad805bf8a8: 4883 87b8 | 0400 0001 | e960 0000 | 0048 3bb7 | c004 0000 | 750d 4883 | 87c8 0400 | 0001 e94a 
  0x000002ad805bf8c8: 0000 0048 | 83bf b004 | 0000 0075 | 1748 89b7 | b004 0000 | 48c7 87b8 | 0400 0001 | 0000 00e9 
  0x000002ad805bf8e8: 2900 0000 | 4883 bfc0 | 0400 0000 | 7517 4889 | b7c0 0400 | 0048 c787 | c804 0000 | 0100 0000 
  0x000002ad805bf908: e908 0000 | 0048 8387 | a804 0000 | 0148 8b54 | 2450 6666 | 9048 b820 | 2099 afad 

  0x000002ad805bf924: ;   {virtual_call}
  0x000002ad805bf924: 0200 00e8 

  0x000002ad805bf928: ; ImmutableOopMap {[80]=Oop }
                      ;*invokevirtual clear {reexecute=0 rethrow=0 return_oop=0}
                      ; - com.badlogic.gdx.scenes.scene2d.Actor::fire@145 (line 169)
  0x000002ad805bf928: b4f7 fb06 

  0x000002ad805bf92c: ;   {post_call_nop}
  0x000002ad805bf92c: 0f1f 8400 | 2418 0011 

  0x000002ad805bf934: ;   {oop(a 'java/lang/Class'{0x000000008445b478} = 'com/badlogic/gdx/scenes/scene2d/Actor')}
  0x000002ad805bf934: 49b8 78b4 | 4584 0000 | 0000 418b | 5078 483b | 024c 8bc2 

  0x000002ad805bf948: ;   {metadata(method data for {method} {0x000002adfa7f7c58} 'fire' '(Lcom/badlogic/gdx/scenes/scene2d/Event;)Z' in 'com/badlogic/gdx/scenes/scene2d/Actor')}
  0x000002ad805bf948: 48be b05f | 99fa ad02 

  0x000002ad805bf950: ;   {metadata('com/badlogic/gdx/utils/PoolManager')}
  0x000002ad805bf950: 0000 49ba | 98da 0839 | 0000 0000 | 4c89 96e0 | 0400 0048 | 8386 e804 | 0000 014c | 8b44 2450 
  0x000002ad805bf970: 0f1f 8000 

  0x000002ad805bf974: ;   {optimized virtual_call}
  0x000002ad805bf974: 0000 00e8 

  0x000002ad805bf978: ; ImmutableOopMap {}
                      ;*invokevirtual free {reexecute=0 rethrow=0 return_oop=0}
                      ; - com.badlogic.gdx.scenes.scene2d.Actor::fire@152 (line 170)
  0x000002ad805bf978: 64f4 fb06 

  0x000002ad805bf97c: ;   {post_call_nop}
  0x000002ad805bf97c: 0f1f 8400 | 7418 0012 | 8b54 247c | 83e2 0148 | 8bc2 4881 | c4a0 0000 

  0x000002ad805bf994: ;   {poll_return}
  0x000002ad805bf994: 005d 493b | 6728 0f87 | bc04 0000 | c349 8bd0 

  0x000002ad805bf9a4: ;   {metadata(method data for {method} {0x000002adfa7f7c58} 'fire' '(Lcom/badlogic/gdx/scenes/scene2d/Event;)Z' in 'com/badlogic/gdx/scenes/scene2d/Actor')}
  0x000002ad805bf9a4: 48be b05f | 99fa ad02 | 0000 8b52 | 0841 ba00 | 0000 3849 | 03d2 483b | 9658 0300 | 0075 0d48 
  0x000002ad805bf9c4: 8386 6003 | 0000 01e9 | 6000 0000 | 483b 9668 | 0300 0075 | 0d48 8386 | 7003 0000 | 01e9 4a00 
  0x000002ad805bf9e4: 0000 4883 | be58 0300 | 0000 7517 | 4889 9658 | 0300 0048 | c786 6003 | 0000 0100 | 0000 e929 
  0x000002ad805bfa04: 0000 0048 | 83be 6803 | 0000 0075 | 1748 8996 | 6803 0000 | 48c7 8670 | 0300 0001 | 0000 00e9 
  0x000002ad805bfa24: 0800 0000 | 4883 8650 | 0300 0001 | 410f be50 | 1083 e201 | 8994 2480 | 0000 0048 | 8b74 2450 
  0x000002ad805bfa44: ;   {metadata(method data for {method} {0x000002adfa7f7c58} 'fire' '(Lcom/badlogic/gdx/scenes/scene2d/Event;)Z' in 'com/badlogic/gdx/scenes/scene2d/Actor')}
  0x000002ad805bfa44: 48bf b05f | 99fa ad02 | 0000 8b76 | 0841 ba00 | 0000 3849 | 03f2 483b | b788 0300 | 0075 0d48 
  0x000002ad805bfa64: 8387 9003 | 0000 01e9 | 6000 0000 | 483b b798 | 0300 0075 | 0d48 8387 | a003 0000 | 01e9 4a00 
  0x000002ad805bfa84: 0000 4883 | bf88 0300 | 0000 7517 | 4889 b788 | 0300 0048 | c787 9003 | 0000 0100 | 0000 e929 
  0x000002ad805bfaa4: 0000 0048 | 83bf 9803 | 0000 0075 | 1748 89b7 | 9803 0000 | 48c7 87a0 | 0300 0001 | 0000 00e9 
  0x000002ad805bfac4: 0800 0000 | 4883 8780 | 0300 0001 | 488b 5424 | 5048 b848 | 2099 afad 

  0x000002ad805bfadc: ;   {virtual_call}
  0x000002ad805bfadc: 0200 00e8 

  0x000002ad805bfae0: ; ImmutableOopMap {[80]=Oop }
                      ;*invokevirtual clear {reexecute=0 rethrow=0 return_oop=0}
                      ; - com.badlogic.gdx.scenes.scene2d.Actor::fire@105 (line 169)
  0x000002ad805bfae0: fcf5 fb06 

  0x000002ad805bfae4: ;   {post_call_nop}
  0x000002ad805bfae4: 0f1f 8400 | dc19 0013 

  0x000002ad805bfaec: ;   {oop(a 'java/lang/Class'{0x000000008445b478} = 'com/badlogic/gdx/scenes/scene2d/Actor')}
  0x000002ad805bfaec: 49b8 78b4 | 4584 0000 | 0000 418b | 5078 483b | 024c 8bc2 

  0x000002ad805bfb00: ;   {metadata(method data for {method} {0x000002adfa7f7c58} 'fire' '(Lcom/badlogic/gdx/scenes/scene2d/Event;)Z' in 'com/badlogic/gdx/scenes/scene2d/Actor')}
  0x000002ad805bfb00: 48be b05f | 99fa ad02 

  0x000002ad805bfb08: ;   {metadata('com/badlogic/gdx/utils/PoolManager')}
  0x000002ad805bfb08: 0000 49ba | 98da 0839 | 0000 0000 | 4c89 96b8 | 0300 0048 | 8386 c003 | 0000 014c | 8b44 2450 
  0x000002ad805bfb28: 0f1f 8000 

  0x000002ad805bfb2c: ;   {optimized virtual_call}
  0x000002ad805bfb2c: 0000 00e8 

  0x000002ad805bfb30: ; ImmutableOopMap {}
                      ;*invokevirtual free {reexecute=0 rethrow=0 return_oop=0}
                      ; - com.badlogic.gdx.scenes.scene2d.Actor::fire@112 (line 170)
  0x000002ad805bfb30: acf2 fb06 

  0x000002ad805bfb34: ;   {post_call_nop}
  0x000002ad805bfb34: 0f1f 8400 | 2c1a 0014 | 8b94 2480 | 0000 0083 | e201 488b | c248 81c4 | a000 0000 

  0x000002ad805bfb50: ;   {poll_return}
  0x000002ad805bfb50: 5d49 3b67 | 280f 871c | 0300 00c3 | 498b 8788 | 0500 004d | 33d2 4d89 | 9788 0500 | 004d 33d2 
  0x000002ad805bfb70: 4d89 9790 | 0500 0048 | 8984 2488 | 0000 0048 | 8b74 2450 

  0x000002ad805bfb84: ; implicit exception: dispatches to 0x000002ad805bfe8d
  0x000002ad805bfb84: 483b 0648 

  0x000002ad805bfb88: ;   {metadata(method data for {method} {0x000002adfa7f7c58} 'fire' '(Lcom/badlogic/gdx/scenes/scene2d/Event;)Z' in 'com/badlogic/gdx/scenes/scene2d/Actor')}
  0x000002ad805bfb88: 8bd6 48bf | b05f 99fa | ad02 0000 | 8b52 0841 | ba00 0000 | 3849 03d2 | 483b 9708 | 0900 0075 
  0x000002ad805bfba8: 0d48 8387 | 1009 0000 | 01e9 6000 | 0000 483b | 9718 0900 | 0075 0d48 | 8387 2009 | 0000 01e9 
  0x000002ad805bfbc8: 4a00 0000 | 4883 bf08 | 0900 0000 | 7517 4889 | 9708 0900 | 0048 c787 | 1009 0000 | 0100 0000 
  0x000002ad805bfbe8: e929 0000 | 0048 83bf | 1809 0000 | 0075 1748 | 8997 1809 | 0000 48c7 | 8720 0900 | 0001 0000 
  0x000002ad805bfc08: 00e9 0800 | 0000 4883 | 8700 0900 | 0001 488b | d60f 1f40 | 0048 b870 | 2099 afad 

  0x000002ad805bfc24: ;   {virtual_call}
  0x000002ad805bfc24: 0200 00e8 

  0x000002ad805bfc28: ; ImmutableOopMap {[80]=Oop [136]=Oop }
                      ;*invokevirtual clear {reexecute=0 rethrow=0 return_oop=0}
                      ; - com.badlogic.gdx.scenes.scene2d.Actor::fire@305 (line 169)
  0x000002ad805bfc28: b4f4 fb06 

  0x000002ad805bfc2c: ;   {post_call_nop}
  0x000002ad805bfc2c: 0f1f 8400 | 241b 0015 

  0x000002ad805bfc34: ;   {oop(a 'java/lang/Class'{0x000000008445b478} = 'com/badlogic/gdx/scenes/scene2d/Actor')}
  0x000002ad805bfc34: 49b8 78b4 | 4584 0000 | 0000 418b | 5078 483b | 024c 8bc2 

  0x000002ad805bfc48: ;   {metadata(method data for {method} {0x000002adfa7f7c58} 'fire' '(Lcom/badlogic/gdx/scenes/scene2d/Event;)Z' in 'com/badlogic/gdx/scenes/scene2d/Actor')}
  0x000002ad805bfc48: 48be b05f | 99fa ad02 

  0x000002ad805bfc50: ;   {metadata('com/badlogic/gdx/utils/PoolManager')}
  0x000002ad805bfc50: 0000 49ba | 98da 0839 | 0000 0000 | 4c89 9638 | 0900 0048 | 8386 4009 | 0000 014c | 8b44 2450 
  0x000002ad805bfc70: 0f1f 8000 

  0x000002ad805bfc74: ;   {optimized virtual_call}
  0x000002ad805bfc74: 0000 00e8 

  0x000002ad805bfc78: ; ImmutableOopMap {[136]=Oop }
                      ;*invokevirtual free {reexecute=0 rethrow=0 return_oop=0}
                      ; - com.badlogic.gdx.scenes.scene2d.Actor::fire@312 (line 170)
  0x000002ad805bfc78: 64f1 fb06 

  0x000002ad805bfc7c: ;   {post_call_nop}
  0x000002ad805bfc7c: 0f1f 8400 | 741b 0016 | 488b 8424 | 8800 0000 | e923 0200 

  0x000002ad805bfc90: ;   {metadata({method} {0x000002adfa7f7c58} 'fire' '(Lcom/badlogic/gdx/scenes/scene2d/Event;)Z' in 'com/badlogic/gdx/scenes/scene2d/Actor')}
  0x000002ad805bfc90: 0049 ba50 | 7c7f faad | 0200 004c | 8954 2408 | 48c7 0424 | ffff ffff 

  0x000002ad805bfca8: ;   {runtime_call C1 Runtime counter_overflow_blob}
  0x000002ad805bfca8: e833 4b09 

  0x000002ad805bfcac: ; ImmutableOopMap {rdx=Oop r8=Oop [56]=Oop [64]=Oop }
                      ;*synchronization entry
                      ; - com.badlogic.gdx.scenes.scene2d.Actor::fire@-1 (line 132)
  0x000002ad805bfcac: 07e9 bee5 

  0x000002ad805bfcb0: ;   {runtime_call C1 Runtime throw_null_pointer_exception_blob}
  0x000002ad805bfcb0: ffff e829 

  0x000002ad805bfcb4: ; ImmutableOopMap {rdx=Oop r8=Oop [56]=Oop [64]=Oop }
                      ;*invokevirtual getStage {reexecute=0 rethrow=0 return_oop=0}
                      ; - com.badlogic.gdx.scenes.scene2d.Actor::fire@1 (line 132)
  0x000002ad805bfcb4: ef08 0741 | 8b78 1448 | 83ff 000f | 849a e7ff | ff48 893c 

  0x000002ad805bfcc8: ;   {runtime_call g1_pre_barrier_slow}
  0x000002ad805bfcc8: 24e8 1251 | 0907 e98c | e7ff ff48 | 83fe 000f | 849d e7ff | ff4c 8904 

  0x000002ad805bfce0: ;   {runtime_call g1_post_barrier_slow}
  0x000002ad805bfce0: 24e8 fa53 | 0907 e98f | e7ff ff41 | 8b70 1848 | 83fe 000f | 841d e8ff | ff48 8934 

  0x000002ad805bfcfc: ;   {runtime_call g1_pre_barrier_slow}
  0x000002ad805bfcfc: 24e8 de50 | 0907 e90f | e8ff ff48 | 83fa 000f | 8420 e8ff | ff4c 8904 

  0x000002ad805bfd14: ;   {runtime_call g1_post_barrier_slow}
  0x000002ad805bfd14: 24e8 c653 | 0907 e912 

  0x000002ad805bfd1c: ;   {runtime_call C1 Runtime throw_null_pointer_exception_blob}
  0x000002ad805bfd1c: e8ff ffe8 

  0x000002ad805bfd20: ; ImmutableOopMap {rdx=Oop r8=Oop rsi=Oop [56]=Oop [64]=Oop }
                      ;*invokevirtual obtain {reexecute=0 rethrow=0 return_oop=0}
                      ; - com.badlogic.gdx.scenes.scene2d.Actor::fire@25 (line 136)
  0x000002ad805bfd20: bcee 0807 | 4889 0424 

  0x000002ad805bfd28: ;   {runtime_call C1 Runtime throw_class_cast_exception_blob}
  0x000002ad805bfd28: e8b3 1209 

  0x000002ad805bfd2c: ; ImmutableOopMap {[56]=Oop [64]=Oop }
                      ;*checkcast {reexecute=0 rethrow=0 return_oop=0}
                      ; - com.badlogic.gdx.scenes.scene2d.Actor::fire@28 (line 136)
                      ;   {runtime_call C1 Runtime throw_null_pointer_exception_blob}
  0x000002ad805bfd2c: 07e8 aeee 

  0x000002ad805bfd30: ; ImmutableOopMap {rsi=Oop r8=Oop [56]=Oop [64]=Oop [80]=Oop }
                      ;*invokevirtual add {reexecute=0 rethrow=0 return_oop=0}
                      ; - com.badlogic.gdx.scenes.scene2d.Actor::fire@43 (line 139)
                      ;   {runtime_call C1 Runtime throw_null_pointer_exception_blob}
  0x000002ad805bfd30: 0807 e8a9 

  0x000002ad805bfd34: ; ImmutableOopMap {[56]=Oop [64]=Oop [80]=Oop }
                      ;*getfield parent {reexecute=1 rethrow=0 return_oop=0}
                      ; - (reexecute) com.badlogic.gdx.scenes.scene2d.Actor::fire@47 (line 140)
                      ;   {metadata({method} {0x000002adfa7f7c58} 'fire' '(Lcom/badlogic/gdx/scenes/scene2d/Event;)Z' in 'com/badlogic/gdx/scenes/scene2d/Actor')}
  0x000002ad805bfd34: ee08 0749 | ba50 7c7f | faad 0200 | 004c 8954 | 2408 48c7 | 0424 3300 

  0x000002ad805bfd4c: ;   {runtime_call C1 Runtime counter_overflow_blob}
  0x000002ad805bfd4c: 0000 e88d 

  0x000002ad805bfd50: ; ImmutableOopMap {r8=Oop [56]=Oop [64]=Oop [80]=Oop }
                      ;*goto {reexecute=1 rethrow=0 return_oop=0}
                      ; - (reexecute) com.badlogic.gdx.scenes.scene2d.Actor::fire@51 (line 140)
  0x000002ad805bfd50: 4a09 07e9 | dee9 ffff 

  0x000002ad805bfd58: ;   {runtime_call C1 Runtime throw_null_pointer_exception_blob}
  0x000002ad805bfd58: e883 ee08 

  0x000002ad805bfd5c: ; ImmutableOopMap {rsi=Oop [56]=Oop [64]=Oop [80]=Oop }
                      ;*getfield items {reexecute=1 rethrow=0 return_oop=0}
                      ; - (reexecute) com.badlogic.gdx.scenes.scene2d.Actor::fire@55 (line 145)
                      ;   {runtime_call C1 Runtime throw_null_pointer_exception_blob}
  0x000002ad805bfd5c: 07e8 7eee 

  0x000002ad805bfd60: ; ImmutableOopMap {rdi=Oop rsi=Oop [56]=Oop [64]=Oop [80]=Oop [96]=Oop }
                      ;*aaload {reexecute=0 rethrow=0 return_oop=0}
                      ; - com.badlogic.gdx.scenes.scene2d.Actor::fire@77 (line 147)
                      ;   {runtime_call C1 Runtime throw_null_pointer_exception_blob}
  0x000002ad805bfd60: 0807 e879 

  0x000002ad805bfd64: ; ImmutableOopMap {rdi=Oop rsi=Oop [56]=Oop [64]=Oop [80]=Oop [96]=Oop }
                      ;*aaload {reexecute=0 rethrow=0 return_oop=0}
                      ; - com.badlogic.gdx.scenes.scene2d.Actor::fire@77 (line 147)
  0x000002ad805bfd64: ee08 074c | 8904 2448 | 897c 2408 

  0x000002ad805bfd70: ;   {runtime_call C1 Runtime throw_range_check_failed_blob}
  0x000002ad805bfd70: e86b e508 

  0x000002ad805bfd74: ; ImmutableOopMap {rdi=Oop rsi=Oop [56]=Oop [64]=Oop [80]=Oop [96]=Oop }
                      ;*aaload {reexecute=0 rethrow=0 return_oop=0}
                      ; - com.badlogic.gdx.scenes.scene2d.Actor::fire@77 (line 147)
  0x000002ad805bfd74: 074c 890c 

  0x000002ad805bfd78: ;   {runtime_call C1 Runtime throw_class_cast_exception_blob}
  0x000002ad805bfd78: 24e8 6212 

  0x000002ad805bfd7c: ; ImmutableOopMap {rdi=Oop rsi=Oop [56]=Oop [64]=Oop [80]=Oop [96]=Oop }
                      ;*checkcast {reexecute=0 rethrow=0 return_oop=0}
                      ; - com.badlogic.gdx.scenes.scene2d.Actor::fire@78 (line 147)
                      ;   {runtime_call C1 Runtime throw_null_pointer_exception_blob}
  0x000002ad805bfd7c: 0907 e85d 

  0x000002ad805bfd80: ; ImmutableOopMap {rdi=Oop rsi=Oop rdx=Oop [56]=Oop [64]=Oop [80]=Oop [96]=Oop }
                      ;*invokevirtual notify {reexecute=0 rethrow=0 return_oop=0}
                      ; - com.badlogic.gdx.scenes.scene2d.Actor::fire@87 (line 148)
                      ;   {metadata({method} {0x000002adfa7f7c58} 'fire' '(Lcom/badlogic/gdx/scenes/scene2d/Event;)Z' in 'com/badlogic/gdx/scenes/scene2d/Actor')}
  0x000002ad805bfd80: ee08 0749 | ba50 7c7f | faad 0200 | 004c 8954 | 2408 48c7 | 0424 7900 

  0x000002ad805bfd98: ;   {runtime_call C1 Runtime counter_overflow_blob}
  0x000002ad805bfd98: 0000 e841 

  0x000002ad805bfd9c: ; ImmutableOopMap {r8=Oop [56]=Oop [64]=Oop [80]=Oop [96]=Oop }
                      ;*goto {reexecute=1 rethrow=0 return_oop=0}
                      ; - (reexecute) com.badlogic.gdx.scenes.scene2d.Actor::fire@121 (line 146)
  0x000002ad805bfd9c: 4a09 07e9 | 7aec ffff 

  0x000002ad805bfda4: ;   {runtime_call C1 Runtime throw_null_pointer_exception_blob}
  0x000002ad805bfda4: e837 ee08 

  0x000002ad805bfda8: ; ImmutableOopMap {r8=Oop rsi=Oop [64]=Oop [80]=Oop [96]=Oop }
                      ;*aaload {reexecute=0 rethrow=0 return_oop=0}
                      ; - com.badlogic.gdx.scenes.scene2d.Actor::fire@239 (line 163)
                      ;   {runtime_call C1 Runtime throw_null_pointer_exception_blob}
  0x000002ad805bfda8: 07e8 32ee 

  0x000002ad805bfdac: ; ImmutableOopMap {r8=Oop rsi=Oop [64]=Oop [80]=Oop [96]=Oop }
                      ;*aaload {reexecute=0 rethrow=0 return_oop=0}
                      ; - com.badlogic.gdx.scenes.scene2d.Actor::fire@239 (line 163)
  0x000002ad805bfdac: 0807 4889 | 1c24 4889 

  0x000002ad805bfdb4: ;   {runtime_call C1 Runtime throw_range_check_failed_blob}
  0x000002ad805bfdb4: 7424 08e8 

  0x000002ad805bfdb8: ; ImmutableOopMap {r8=Oop rsi=Oop [64]=Oop [80]=Oop [96]=Oop }
                      ;*aaload {reexecute=0 rethrow=0 return_oop=0}
                      ; - com.badlogic.gdx.scenes.scene2d.Actor::fire@239 (line 163)
  0x000002ad805bfdb8: 24e5 0807 | 4c89 0c24 

  0x000002ad805bfdc0: ;   {runtime_call C1 Runtime throw_class_cast_exception_blob}
  0x000002ad805bfdc0: e81b 1209 

  0x000002ad805bfdc4: ; ImmutableOopMap {r8=Oop rsi=Oop [64]=Oop [80]=Oop [96]=Oop }
                      ;*checkcast {reexecute=0 rethrow=0 return_oop=0}
                      ; - com.badlogic.gdx.scenes.scene2d.Actor::fire@240 (line 163)
                      ;   {runtime_call C1 Runtime throw_null_pointer_exception_blob}
  0x000002ad805bfdc4: 07e8 16ee 

  0x000002ad805bfdc8: ; ImmutableOopMap {r8=Oop rsi=Oop rdx=Oop [64]=Oop [80]=Oop [96]=Oop }
                      ;*invokevirtual notify {reexecute=0 rethrow=0 return_oop=0}
                      ; - com.badlogic.gdx.scenes.scene2d.Actor::fire@245 (line 163)
                      ;   {metadata({method} {0x000002adfa7f7c58} 'fire' '(Lcom/badlogic/gdx/scenes/scene2d/Event;)Z' in 'com/badlogic/gdx/scenes/scene2d/Actor')}
  0x000002ad805bfdc8: 0807 49ba | 507c 7ffa | ad02 0000 | 4c89 5424 | 0848 c704 | 2417 0100 

  0x000002ad805bfde0: ;   {runtime_call C1 Runtime counter_overflow_blob}
  0x000002ad805bfde0: 00e8 fa49 

  0x000002ad805bfde4: ; ImmutableOopMap {r8=Oop [64]=Oop [80]=Oop [96]=Oop }
                      ;*goto {reexecute=1 rethrow=0 return_oop=0}
                      ; - (reexecute) com.badlogic.gdx.scenes.scene2d.Actor::fire@279 (line 162)
  0x000002ad805bfde4: 0907 e9e7 

  0x000002ad805bfde8: ;   {runtime_call C1 Runtime throw_null_pointer_exception_blob}
  0x000002ad805bfde8: f2ff ffe8 

  0x000002ad805bfdec: ; ImmutableOopMap {rdx=Oop [80]=Oop }
                      ;*invokevirtual free {reexecute=0 rethrow=0 return_oop=0}
                      ; - com.badlogic.gdx.scenes.scene2d.Actor::fire@270 (line 170)
  0x000002ad805bfdec: f0ed 0807 

  0x000002ad805bfdf0: ;   {internal_word}
  0x000002ad805bfdf0: 49ba cef2 | 5b80 ad02 | 0000 4d89 | 97e0 0400 

  0x000002ad805bfe00: ;   {runtime_call SafepointBlob}
  0x000002ad805bfe00: 00e9 5a11 

  0x000002ad805bfe04: ;   {runtime_call C1 Runtime throw_null_pointer_exception_blob}
  0x000002ad805bfe04: fc06 e8d5 

  0x000002ad805bfe08: ; ImmutableOopMap {rdx=Oop [80]=Oop }
                      ;*invokevirtual free {reexecute=0 rethrow=0 return_oop=0}
                      ; - com.badlogic.gdx.scenes.scene2d.Actor::fire@296 (line 170)
                      ;   {internal_word}
  0x000002ad805bfe08: ed08 0749 | ba6e f45b | 80ad 0200 | 004d 8997 | e004 0000 

  0x000002ad805bfe1c: ;   {runtime_call SafepointBlob}
  0x000002ad805bfe1c: e93f 11fc 

  0x000002ad805bfe20: ;   {runtime_call C1 Runtime throw_null_pointer_exception_blob}
  0x000002ad805bfe20: 06e8 baed 

  0x000002ad805bfe24: ; ImmutableOopMap {rdx=Oop [80]=Oop }
                      ;*invokevirtual free {reexecute=0 rethrow=0 return_oop=0}
                      ; - com.badlogic.gdx.scenes.scene2d.Actor::fire@213 (line 170)
                      ;   {internal_word}
  0x000002ad805bfe24: 0807 49ba | 26f6 5b80 | ad02 0000 | 4d89 97e0 

  0x000002ad805bfe34: ;   {runtime_call SafepointBlob}
  0x000002ad805bfe34: 0400 00e9 | 2411 fc06 

  0x000002ad805bfe3c: ;   {runtime_call C1 Runtime throw_null_pointer_exception_blob}
  0x000002ad805bfe3c: e89f ed08 

  0x000002ad805bfe40: ; ImmutableOopMap {rdx=Oop [80]=Oop }
                      ;*invokevirtual free {reexecute=0 rethrow=0 return_oop=0}
                      ; - com.badlogic.gdx.scenes.scene2d.Actor::fire@186 (line 170)
                      ;   {internal_word}
  0x000002ad805bfe40: 0749 bade | f75b 80ad | 0200 004d | 8997 e004 

  0x000002ad805bfe50: ;   {runtime_call SafepointBlob}
  0x000002ad805bfe50: 0000 e909 

  0x000002ad805bfe54: ;   {runtime_call C1 Runtime throw_null_pointer_exception_blob}
  0x000002ad805bfe54: 11fc 06e8 

  0x000002ad805bfe58: ; ImmutableOopMap {rdx=Oop [80]=Oop }
                      ;*invokevirtual free {reexecute=0 rethrow=0 return_oop=0}
                      ; - com.badlogic.gdx.scenes.scene2d.Actor::fire@152 (line 170)
  0x000002ad805bfe58: 84ed 0807 

  0x000002ad805bfe5c: ;   {internal_word}
  0x000002ad805bfe5c: 49ba 96f9 | 5b80 ad02 | 0000 4d89 | 97e0 0400 

  0x000002ad805bfe6c: ;   {runtime_call SafepointBlob}
  0x000002ad805bfe6c: 00e9 ee10 

  0x000002ad805bfe70: ;   {runtime_call C1 Runtime throw_null_pointer_exception_blob}
  0x000002ad805bfe70: fc06 e869 

  0x000002ad805bfe74: ; ImmutableOopMap {rdx=Oop [80]=Oop }
                      ;*invokevirtual free {reexecute=0 rethrow=0 return_oop=0}
                      ; - com.badlogic.gdx.scenes.scene2d.Actor::fire@112 (line 170)
                      ;   {internal_word}
  0x000002ad805bfe74: ed08 0749 | ba51 fb5b | 80ad 0200 | 004d 8997 | e004 0000 

  0x000002ad805bfe88: ;   {runtime_call SafepointBlob}
  0x000002ad805bfe88: e9d3 10fc 

  0x000002ad805bfe8c: ;   {runtime_call C1 Runtime throw_null_pointer_exception_blob}
  0x000002ad805bfe8c: 06e8 4eed 

  0x000002ad805bfe90: ; ImmutableOopMap {rsi=Oop [80]=Oop [136]=Oop }
                      ;*invokevirtual clear {reexecute=0 rethrow=0 return_oop=0}
                      ; - com.badlogic.gdx.scenes.scene2d.Actor::fire@305 (line 169)
                      ;   {runtime_call C1 Runtime throw_null_pointer_exception_blob}
  0x000002ad805bfe90: 0807 e849 

  0x000002ad805bfe94: ; ImmutableOopMap {rdx=Oop [80]=Oop [136]=Oop }
                      ;*invokevirtual free {reexecute=0 rethrow=0 return_oop=0}
                      ; - com.badlogic.gdx.scenes.scene2d.Actor::fire@312 (line 170)
  0x000002ad805bfe94: ed08 0749 | 8b87 8805 | 0000 49c7 | 8788 0500 | 0000 0000 | 0049 c787 | 9005 0000 | 0000 0000 
  0x000002ad805bfeb4: 4881 c4a0 | 0000 005d 

  0x000002ad805bfebc: ;   {runtime_call C1 Runtime unwind_exception_blob}
  0x000002ad805bfebc: e91f de08 | 07f4 f4f4 | f4f4 f4f4 
[Stub Code]
  0x000002ad805bfec8: ;   {other}
  0x000002ad805bfec8: 0f1f 4400 

  0x000002ad805bfecc: ;   {static_stub}
  0x000002ad805bfecc: 0048 bb00 | 0000 0000 

  0x000002ad805bfed4: ;   {runtime_call nmethod}
  0x000002ad805bfed4: 0000 00e9 | fbff ffff 

  0x000002ad805bfedc: ;   {static_stub}
  0x000002ad805bfedc: 9048 bb00 | 0000 0000 

  0x000002ad805bfee4: ;   {runtime_call nmethod}
  0x000002ad805bfee4: 0000 00e9 | fbff ffff 

  0x000002ad805bfeec: ;   {static_stub}
  0x000002ad805bfeec: 9048 bb00 | 0000 0000 

  0x000002ad805bfef4: ;   {runtime_call nmethod}
  0x000002ad805bfef4: 0000 00e9 | fbff ffff 

  0x000002ad805bfefc: ;   {static_stub}
  0x000002ad805bfefc: 9048 bb00 | 0000 0000 

  0x000002ad805bff04: ;   {runtime_call nmethod}
  0x000002ad805bff04: 0000 00e9 | fbff ffff 

  0x000002ad805bff0c: ;   {static_stub}
  0x000002ad805bff0c: 9048 bb00 | 0000 0000 

  0x000002ad805bff14: ;   {runtime_call nmethod}
  0x000002ad805bff14: 0000 00e9 | fbff ffff 

  0x000002ad805bff1c: ;   {static_stub}
  0x000002ad805bff1c: 9048 bb00 | 0000 0000 

  0x000002ad805bff24: ;   {runtime_call nmethod}
  0x000002ad805bff24: 0000 00e9 | fbff ffff 

  0x000002ad805bff2c: ;   {static_stub}
  0x000002ad805bff2c: 9048 bb00 | 0000 0000 

  0x000002ad805bff34: ;   {runtime_call nmethod}
  0x000002ad805bff34: 0000 00e9 | fbff ffff 

  0x000002ad805bff3c: ;   {static_stub}
  0x000002ad805bff3c: 9048 bb00 | 0000 0000 

  0x000002ad805bff44: ;   {runtime_call nmethod}
  0x000002ad805bff44: 0000 00e9 | fbff ffff 

  0x000002ad805bff4c: ;   {static_stub}
  0x000002ad805bff4c: 9048 bb00 | 0000 0000 

  0x000002ad805bff54: ;   {runtime_call nmethod}
  0x000002ad805bff54: 0000 00e9 | fbff ffff 

  0x000002ad805bff5c: ;   {static_stub}
  0x000002ad805bff5c: 9048 bb00 | 0000 0000 

  0x000002ad805bff64: ;   {runtime_call nmethod}
  0x000002ad805bff64: 0000 00e9 | fbff ffff 

  0x000002ad805bff6c: ;   {static_stub}
  0x000002ad805bff6c: 9048 bb00 | 0000 0000 

  0x000002ad805bff74: ;   {runtime_call nmethod}
  0x000002ad805bff74: 0000 00e9 | fbff ffff 

  0x000002ad805bff7c: ;   {static_stub}
  0x000002ad805bff7c: 9048 bb00 | 0000 0000 

  0x000002ad805bff84: ;   {runtime_call nmethod}
  0x000002ad805bff84: 0000 00e9 | fbff ffff 

  0x000002ad805bff8c: ;   {static_stub}
  0x000002ad805bff8c: 9048 bb00 | 0000 0000 

  0x000002ad805bff94: ;   {runtime_call nmethod}
  0x000002ad805bff94: 0000 00e9 | fbff ffff 

  0x000002ad805bff9c: ;   {static_stub}
  0x000002ad805bff9c: 9048 bb00 | 0000 0000 

  0x000002ad805bffa4: ;   {runtime_call nmethod}
  0x000002ad805bffa4: 0000 00e9 | fbff ffff 

  0x000002ad805bffac: ;   {static_stub}
  0x000002ad805bffac: 9048 bb00 | 0000 0000 

  0x000002ad805bffb4: ;   {runtime_call nmethod}
  0x000002ad805bffb4: 0000 00e9 | fbff ffff 

  0x000002ad805bffbc: ;   {static_stub}
  0x000002ad805bffbc: 9048 bb00 | 0000 0000 

  0x000002ad805bffc4: ;   {runtime_call nmethod}
  0x000002ad805bffc4: 0000 00e9 | fbff ffff 

  0x000002ad805bffcc: ;   {static_stub}
  0x000002ad805bffcc: 9048 bb00 | 0000 0000 

  0x000002ad805bffd4: ;   {runtime_call nmethod}
  0x000002ad805bffd4: 0000 00e9 | fbff ffff 

  0x000002ad805bffdc: ;   {static_stub}
  0x000002ad805bffdc: 9048 bb00 | 0000 0000 

  0x000002ad805bffe4: ;   {runtime_call nmethod}
  0x000002ad805bffe4: 0000 00e9 | fbff ffff 

  0x000002ad805bffec: ;   {static_stub}
  0x000002ad805bffec: 9048 bb00 | 0000 0000 

  0x000002ad805bfff4: ;   {runtime_call nmethod}
  0x000002ad805bfff4: 0000 00e9 | fbff ffff 

  0x000002ad805bfffc: ;   {static_stub}
  0x000002ad805bfffc: 9048 bb00 | 0000 0000 

  0x000002ad805c0004: ;   {runtime_call nmethod}
  0x000002ad805c0004: 0000 00e9 | fbff ffff 
[Exception Handler]
  0x000002ad805c000c: ;   {runtime_call C1 Runtime handle_exception_from_callee_blob}
  0x000002ad805c000c: e8cf 0909 

  0x000002ad805c0010: ;   {external_word}
  0x000002ad805c0010: 0748 b928 | 08e0 f1fa | 7f00 0048 

  0x000002ad805c001c: ;   {runtime_call}
  0x000002ad805c001c: 83e4 f048 | b850 8ca3 | f1fa 7f00 | 00ff d0f4 
[Deopt Handler Code]
  0x000002ad805c002c: ;   {section_word}
  0x000002ad805c002c: 49ba 2c00 | 5c80 ad02 | 0000 4152 

  0x000002ad805c0038: ;   {runtime_call DeoptimizationBlob}
  0x000002ad805c0038: e923 12fc | 06f4 f4f4 
[/MachCode]


---------------  P R O C E S S  ---------------

Threads class SMR info:
_java_thread_list=0x000002adff16dd80, length=15, elements={
0x000002adec4a3df0, 0x000002adf9a4a670, 0x000002adf9a4b650, 0x000002adf9a4c4b0,
0x000002adf9a4e080, 0x000002adf9a50c50, 0x000002adf9a51810, 0x000002adf9a54710,
0x000002adf9ad5850, 0x000002adf9c4cf70, 0x000002adfe1d7dd0, 0x000002adfe1d8590,
0x000002adfece8310, 0x000002adff5c39e0, 0x000002adff2b0670
}

Java Threads: ( => current thread )
=>0x000002adec4a3df0 JavaThread "main"                              [_thread_in_native, id=11704, stack(0x000000b2bfb00000,0x000000b2bfc00000) (1024K)]
  0x000002adf9a4a670 JavaThread "Reference Handler"          daemon [_thread_blocked, id=15040, stack(0x000000b2c0300000,0x000000b2c0400000) (1024K)]
  0x000002adf9a4b650 JavaThread "Finalizer"                  daemon [_thread_blocked, id=7308, stack(0x000000b2c0400000,0x000000b2c0500000) (1024K)]
  0x000002adf9a4c4b0 JavaThread "Signal Dispatcher"          daemon [_thread_blocked, id=1732, stack(0x000000b2c0500000,0x000000b2c0600000) (1024K)]
  0x000002adf9a4e080 JavaThread "Attach Listener"            daemon [_thread_blocked, id=12264, stack(0x000000b2c0600000,0x000000b2c0700000) (1024K)]
  0x000002adf9a50c50 JavaThread "Service Thread"             daemon [_thread_blocked, id=6944, stack(0x000000b2c0700000,0x000000b2c0800000) (1024K)]
  0x000002adf9a51810 JavaThread "Monitor Deflation Thread"   daemon [_thread_blocked, id=1592, stack(0x000000b2c0800000,0x000000b2c0900000) (1024K)]
  0x000002adf9a54710 JavaThread "C2 CompilerThread0"         daemon [_thread_blocked, id=6544, stack(0x000000b2c0900000,0x000000b2c0a00000) (1024K)]
  0x000002adf9ad5850 JavaThread "C1 CompilerThread0"         daemon [_thread_blocked, id=7200, stack(0x000000b2c0a00000,0x000000b2c0b00000) (1024K)]
  0x000002adf9c4cf70 JavaThread "Common-Cleaner"             daemon [_thread_blocked, id=10944, stack(0x000000b2c0b00000,0x000000b2c0c00000) (1024K)]
  0x000002adfe1d7dd0 JavaThread "Monitor Ctrl-Break"         daemon [_thread_in_native, id=732, stack(0x000000b2c0c00000,0x000000b2c0d00000) (1024K)]
  0x000002adfe1d8590 JavaThread "Notification Thread"        daemon [_thread_blocked, id=4320, stack(0x000000b2c0d00000,0x000000b2c0e00000) (1024K)]
  0x000002adfece8310 JavaThread "Thread-0"                   daemon [_thread_blocked, id=12812, stack(0x000000b2c1400000,0x000000b2c1500000) (1024K)]
  0x000002adff5c39e0 JavaThread "LWJGL3 Timer"               daemon [_thread_blocked, id=15068, stack(0x000000b2c1c00000,0x000000b2c1d00000) (1024K)]
  0x000002adff2b0670 JavaThread "Timer"                      daemon [_thread_blocked, id=13272, stack(0x000000b2c1d00000,0x000000b2c1e00000) (1024K)]
Total: 15

Other Threads:
  0x000002adf9a36990 VMThread "VM Thread"                           [id=760, stack(0x000000b2c0200000,0x000000b2c0300000) (1024K)]
  0x000002adf9a2b0d0 WatcherThread "VM Periodic Task Thread"        [id=12092, stack(0x000000b2c0100000,0x000000b2c0200000) (1024K)]
  0x000002adec4fcf20 WorkerThread "GC Thread#0"                     [id=3496, stack(0x000000b2bfc00000,0x000000b2bfd00000) (1024K)]
  0x000002adff10dbb0 WorkerThread "GC Thread#1"                     [id=11940, stack(0x000000b2c1900000,0x000000b2c1a00000) (1024K)]
  0x000002adff10dfe0 WorkerThread "GC Thread#2"                     [id=804, stack(0x000000b2c1a00000,0x000000b2c1b00000) (1024K)]
  0x000002adff7cd260 WorkerThread "GC Thread#3"                     [id=2336, stack(0x000000b2c1b00000,0x000000b2c1c00000) (1024K)]
  0x000002adec517040 ConcurrentGCThread "G1 Main Marker"            [id=5388, stack(0x000000b2bfd00000,0x000000b2bfe00000) (1024K)]
  0x000002adec517d60 WorkerThread "G1 Conc#0"                       [id=2180, stack(0x000000b2bfe00000,0x000000b2bff00000) (1024K)]
  0x000002adec548ba0 ConcurrentGCThread "G1 Refine#0"               [id=8828, stack(0x000000b2bff00000,0x000000b2c0000000) (1024K)]
  0x000002adec549930 ConcurrentGCThread "G1 Service"                [id=8036, stack(0x000000b2c0000000,0x000000b2c0100000) (1024K)]
Total: 10

Threads with active compile tasks:
Total: 0

VM state: not at safepoint (normal execution)

VM Mutex/Monitor currently owned by a thread: None

Heap address: 0x0000000081400000, size: 2028 MB, Compressed Oops mode: 32-bit

CDS archive(s) mapped at: [0x0000000038000000-0x0000000038dd0000-0x0000000038dd0000), size 14483456, SharedBaseAddress: 0x0000000038000000, ArchiveRelocationMode: 1.
Compressed class space mapped at: 0x0000000039000000-0x0000000079000000, reserved size: 1073741824
UseCompressedClassPointers 1, UseCompactObjectHeaders 0
Narrow klass pointer bits 32, Max shift 3
Narrow klass base: 0x0000000038000000, Narrow klass shift: 0
Encoding Range: [0x0000000038000000 - 0x0000000138000000), (4294967296 bytes)
Klass Range:    [0x0000000038010000 - 0x0000000079000000), (1090453504 bytes)
Klass ID Range:  [65536 - 1090519033) (1090453497)
Protection zone: [0x0000000038000000 - 0x0000000038010000), (65536 bytes)

GC Precious Log:
 CardTable entry size: 512
 Card Set container configuration: InlinePtr #cards 5 size 8 Array Of Cards #cards 10 size 36 Howl #buckets 4 coarsen threshold 1843 Howl Bitmap #cards 512 size 80 coarsen threshold 460 Card regions per heap region 1 cards per card region 2048
 CPUs: 4 total, 4 available
 Memory: 8106M
 Large Page Support: Disabled
 NUMA Support: Disabled
 Compressed Oops: Enabled (32-bit)
 Heap Region Size: 1M
 Heap Min Capacity: 8M
 Heap Initial Capacity: 128M
 Heap Max Capacity: 2028M
 Pre-touch: Disabled
 Parallel Workers: 4
 Concurrent Workers: 1
 Concurrent Refinement Workers: 4
 Periodic GC: Disabled

Heap:
 garbage-first heap   total reserved 2076672K, committed 325632K, used 153235K [0x0000000081400000, 0x0000000100000000)
  region size 1024K, 27 young (27648K), 9 survivors (9216K)

Heap Regions: E=young(eden), S=young(survivor), O=old, HS=humongous(starts), HC=humongous(continues), CS=collection set, F=free, TAMS=top-at-mark-start, PB=parsable bottom
|   0|0x0000000081400000, 0x0000000081500000, 0x0000000081500000|100%|HS|  |TAMS 0x0000000081400000| PB 0x0000000081400000| Complete |  0
|   1|0x0000000081500000, 0x0000000081600000, 0x0000000081600000|100%|HC|  |TAMS 0x0000000081500000| PB 0x0000000081500000| Complete |  0
|   2|0x0000000081600000, 0x0000000081700000, 0x0000000081700000|100%|HS|  |TAMS 0x0000000081600000| PB 0x0000000081600000| Complete |  0
|   3|0x0000000081700000, 0x0000000081800000, 0x0000000081800000|100%|HC|  |TAMS 0x0000000081700000| PB 0x0000000081700000| Complete |  0
|   4|0x0000000081800000, 0x0000000081900000, 0x0000000081900000|100%|HC|  |TAMS 0x0000000081800000| PB 0x0000000081800000| Complete |  0
|   5|0x0000000081900000, 0x0000000081a00000, 0x0000000081a00000|100%|HS|  |TAMS 0x0000000081900000| PB 0x0000000081900000| Complete |  0
|   6|0x0000000081a00000, 0x0000000081b00000, 0x0000000081b00000|100%|HC|  |TAMS 0x0000000081a00000| PB 0x0000000081a00000| Complete |  0
|   7|0x0000000081b00000, 0x0000000081c00000, 0x0000000081c00000|100%|HC|  |TAMS 0x0000000081b00000| PB 0x0000000081b00000| Complete |  0
|   8|0x0000000081c00000, 0x0000000081d00000, 0x0000000081d00000|100%|HC|  |TAMS 0x0000000081c00000| PB 0x0000000081c00000| Complete |  0
|   9|0x0000000081d00000, 0x0000000081d00000, 0x0000000081e00000|  0%| F|  |TAMS 0x0000000081d00000| PB 0x0000000081d00000| Untracked |  0
|  10|0x0000000081e00000, 0x0000000081e00000, 0x0000000081f00000|  0%| F|  |TAMS 0x0000000081e00000| PB 0x0000000081e00000| Untracked |  0
|  11|0x0000000081f00000, 0x0000000081f00000, 0x0000000082000000|  0%| F|  |TAMS 0x0000000081f00000| PB 0x0000000081f00000| Untracked |  0
|  12|0x0000000082000000, 0x0000000082000000, 0x0000000082100000|  0%| F|  |TAMS 0x0000000082000000| PB 0x0000000082000000| Untracked |  0
|  13|0x0000000082100000, 0x0000000082100000, 0x0000000082200000|  0%| F|  |TAMS 0x0000000082100000| PB 0x0000000082100000| Untracked |  0
|  14|0x0000000082200000, 0x0000000082200000, 0x0000000082300000|  0%| F|  |TAMS 0x0000000082200000| PB 0x0000000082200000| Untracked |  0
|  15|0x0000000082300000, 0x0000000082300000, 0x0000000082400000|  0%| F|  |TAMS 0x0000000082300000| PB 0x0000000082300000| Untracked |  0
|  16|0x0000000082400000, 0x0000000082400000, 0x0000000082500000|  0%| F|  |TAMS 0x0000000082400000| PB 0x0000000082400000| Untracked |  0
|  17|0x0000000082500000, 0x0000000082500000, 0x0000000082600000|  0%| F|  |TAMS 0x0000000082500000| PB 0x0000000082500000| Untracked |  0
|  18|0x0000000082600000, 0x0000000082600000, 0x0000000082700000|  0%| F|  |TAMS 0x0000000082600000| PB 0x0000000082600000| Untracked |  0
|  19|0x0000000082700000, 0x0000000082700000, 0x0000000082800000|  0%| F|  |TAMS 0x0000000082700000| PB 0x0000000082700000| Untracked |  0
|  20|0x0000000082800000, 0x0000000082800000, 0x0000000082900000|  0%| F|  |TAMS 0x0000000082800000| PB 0x0000000082800000| Untracked |  0
|  21|0x0000000082900000, 0x0000000082900000, 0x0000000082a00000|  0%| F|  |TAMS 0x0000000082900000| PB 0x0000000082900000| Untracked |  0
|  22|0x0000000082a00000, 0x0000000082b00000, 0x0000000082b00000|100%| O|  |TAMS 0x0000000082a00000| PB 0x0000000082a00000| Untracked |  0
|  23|0x0000000082b00000, 0x0000000082c00000, 0x0000000082c00000|100%| O|  |TAMS 0x0000000082b00000| PB 0x0000000082b00000| Untracked |  0
|  24|0x0000000082c00000, 0x0000000082d00000, 0x0000000082d00000|100%| O|  |TAMS 0x0000000082c00000| PB 0x0000000082c00000| Untracked |  0
|  25|0x0000000082d00000, 0x0000000082e00000, 0x0000000082e00000|100%| O|  |TAMS 0x0000000082d00000| PB 0x0000000082d00000| Untracked |  0
|  26|0x0000000082e00000, 0x0000000082f00000, 0x0000000082f00000|100%| O|  |TAMS 0x0000000082e00000| PB 0x0000000082e00000| Untracked |  0
|  27|0x0000000082f00000, 0x0000000083000000, 0x0000000083000000|100%| O|Cm|TAMS 0x0000000082f00000| PB 0x0000000082f00000| Complete |  0
|  28|0x0000000083000000, 0x0000000083100000, 0x0000000083100000|100%| O|Cm|TAMS 0x0000000083000000| PB 0x0000000083000000| Complete |  0
|  29|0x0000000083100000, 0x0000000083200000, 0x0000000083200000|100%| O|Cm|TAMS 0x0000000083100000| PB 0x0000000083100000| Complete |  0
|  30|0x0000000083200000, 0x0000000083300000, 0x0000000083300000|100%| O|Cm|TAMS 0x0000000083200000| PB 0x0000000083200000| Complete |  0
|  31|0x0000000083300000, 0x0000000083400000, 0x0000000083400000|100%| O|  |TAMS 0x0000000083300000| PB 0x0000000083300000| Untracked |  0
|  32|0x0000000083400000, 0x0000000083500000, 0x0000000083500000|100%| O|  |TAMS 0x0000000083400000| PB 0x0000000083400000| Untracked |  0
|  33|0x0000000083500000, 0x0000000083600000, 0x0000000083600000|100%| O|  |TAMS 0x0000000083500000| PB 0x0000000083500000| Untracked |  0
|  34|0x0000000083600000, 0x0000000083700000, 0x0000000083700000|100%| O|  |TAMS 0x0000000083600000| PB 0x0000000083600000| Untracked |  0
|  35|0x0000000083700000, 0x0000000083800000, 0x0000000083800000|100%| O|  |TAMS 0x0000000083700000| PB 0x0000000083700000| Untracked |  0
|  36|0x0000000083800000, 0x0000000083900000, 0x0000000083900000|100%| O|  |TAMS 0x0000000083800000| PB 0x0000000083800000| Untracked |  0
|  37|0x0000000083900000, 0x0000000083a00000, 0x0000000083a00000|100%| O|  |TAMS 0x0000000083900000| PB 0x0000000083900000| Untracked |  0
|  38|0x0000000083a00000, 0x0000000083b00000, 0x0000000083b00000|100%| O|  |TAMS 0x0000000083a00000| PB 0x0000000083a00000| Untracked |  0
|  39|0x0000000083b00000, 0x0000000083c00000, 0x0000000083c00000|100%| O|  |TAMS 0x0000000083b00000| PB 0x0000000083b00000| Untracked |  0
|  40|0x0000000083c00000, 0x0000000083d00000, 0x0000000083d00000|100%| O|  |TAMS 0x0000000083c00000| PB 0x0000000083c00000| Untracked |  0
|  41|0x0000000083d00000, 0x0000000083e00000, 0x0000000083e00000|100%| O|  |TAMS 0x0000000083d00000| PB 0x0000000083d00000| Untracked |  0
|  42|0x0000000083e00000, 0x0000000083f00000, 0x0000000083f00000|100%| O|Cm|TAMS 0x0000000083e00000| PB 0x0000000083e00000| Complete |  0
|  43|0x0000000083f00000, 0x0000000084000000, 0x0000000084000000|100%| O|Cm|TAMS 0x0000000083f00000| PB 0x0000000083f00000| Complete |  0
|  44|0x0000000084000000, 0x0000000084000000, 0x0000000084100000|  0%| F|  |TAMS 0x0000000084000000| PB 0x0000000084000000| Untracked |  0
|  45|0x0000000084100000, 0x0000000084200000, 0x0000000084200000|100%| O|Cm|TAMS 0x0000000084100000| PB 0x0000000084100000| Complete |  0
|  46|0x0000000084200000, 0x0000000084200000, 0x0000000084300000|  0%| F|  |TAMS 0x0000000084200000| PB 0x0000000084200000| Untracked |  0
|  47|0x0000000084300000, 0x0000000084300000, 0x0000000084400000|  0%| F|  |TAMS 0x0000000084300000| PB 0x0000000084300000| Untracked |  0
|  48|0x0000000084400000, 0x0000000084500000, 0x0000000084500000|100%| O|  |TAMS 0x0000000084400000| PB 0x0000000084400000| Untracked |  0
|  49|0x0000000084500000, 0x0000000084600000, 0x0000000084600000|100%| O|  |TAMS 0x0000000084500000| PB 0x0000000084500000| Untracked |  0
|  50|0x0000000084600000, 0x0000000084700000, 0x0000000084700000|100%| O|  |TAMS 0x0000000084600000| PB 0x0000000084600000| Untracked |  0
|  51|0x0000000084700000, 0x0000000084700000, 0x0000000084800000|  0%| F|  |TAMS 0x0000000084700000| PB 0x0000000084700000| Untracked |  0
|  52|0x0000000084800000, 0x0000000084800000, 0x0000000084900000|  0%| F|  |TAMS 0x0000000084800000| PB 0x0000000084800000| Untracked |  0
|  53|0x0000000084900000, 0x0000000084a00000, 0x0000000084a00000|100%| O|  |TAMS 0x0000000084900000| PB 0x0000000084900000| Untracked |  0
|  54|0x0000000084a00000, 0x0000000084b00000, 0x0000000084b00000|100%| O|  |TAMS 0x0000000084a00000| PB 0x0000000084a00000| Untracked |  0
|  55|0x0000000084b00000, 0x0000000084b00000, 0x0000000084c00000|  0%| F|  |TAMS 0x0000000084b00000| PB 0x0000000084b00000| Untracked |  0
|  56|0x0000000084c00000, 0x0000000084d00000, 0x0000000084d00000|100%| O|  |TAMS 0x0000000084c00000| PB 0x0000000084c00000| Untracked |  0
|  57|0x0000000084d00000, 0x0000000084e00000, 0x0000000084e00000|100%| O|  |TAMS 0x0000000084d00000| PB 0x0000000084d00000| Untracked |  0
|  58|0x0000000084e00000, 0x0000000084f00000, 0x0000000084f00000|100%| O|  |TAMS 0x0000000084e00000| PB 0x0000000084e00000| Untracked |  0
|  59|0x0000000084f00000, 0x0000000085000000, 0x0000000085000000|100%| O|  |TAMS 0x0000000084f00000| PB 0x0000000084f00000| Untracked |  0
|  60|0x0000000085000000, 0x0000000085100000, 0x0000000085100000|100%| O|  |TAMS 0x0000000085000000| PB 0x0000000085000000| Untracked |  0
|  61|0x0000000085100000, 0x0000000085200000, 0x0000000085200000|100%| O|  |TAMS 0x0000000085100000| PB 0x0000000085100000| Untracked |  0
|  62|0x0000000085200000, 0x0000000085300000, 0x0000000085300000|100%| O|  |TAMS 0x0000000085200000| PB 0x0000000085200000| Untracked |  0
|  63|0x0000000085300000, 0x0000000085400000, 0x0000000085400000|100%| O|  |TAMS 0x0000000085300000| PB 0x0000000085300000| Untracked |  0
|  64|0x0000000085400000, 0x0000000085500000, 0x0000000085500000|100%| O|  |TAMS 0x0000000085400000| PB 0x0000000085400000| Untracked |  0
|  65|0x0000000085500000, 0x0000000085600000, 0x0000000085600000|100%| O|Cm|TAMS 0x0000000085500000| PB 0x0000000085500000| Complete |  0
|  66|0x0000000085600000, 0x0000000085700000, 0x0000000085700000|100%| O|Cm|TAMS 0x0000000085600000| PB 0x0000000085600000| Complete |  0
|  67|0x0000000085700000, 0x0000000085800000, 0x0000000085800000|100%| O|  |TAMS 0x0000000085700000| PB 0x0000000085700000| Untracked |  0
|  68|0x0000000085800000, 0x0000000085800000, 0x0000000085900000|  0%| F|  |TAMS 0x0000000085800000| PB 0x0000000085800000| Untracked |  0
|  69|0x0000000085900000, 0x0000000085900000, 0x0000000085a00000|  0%| F|  |TAMS 0x0000000085900000| PB 0x0000000085900000| Untracked |  0
|  70|0x0000000085a00000, 0x0000000085a00000, 0x0000000085b00000|  0%| F|  |TAMS 0x0000000085a00000| PB 0x0000000085a00000| Untracked |  0
|  71|0x0000000085b00000, 0x0000000085b00000, 0x0000000085c00000|  0%| F|  |TAMS 0x0000000085b00000| PB 0x0000000085b00000| Untracked |  0
|  72|0x0000000085c00000, 0x0000000085c00000, 0x0000000085d00000|  0%| F|  |TAMS 0x0000000085c00000| PB 0x0000000085c00000| Untracked |  0
|  73|0x0000000085d00000, 0x0000000085e00000, 0x0000000085e00000|100%| O|  |TAMS 0x0000000085d00000| PB 0x0000000085d00000| Untracked |  0
|  74|0x0000000085e00000, 0x0000000085f00000, 0x0000000085f00000|100%| O|  |TAMS 0x0000000085e00000| PB 0x0000000085e00000| Untracked |  0
|  75|0x0000000085f00000, 0x0000000086000000, 0x0000000086000000|100%| O|  |TAMS 0x0000000085f00000| PB 0x0000000085f00000| Untracked |  0
|  76|0x0000000086000000, 0x0000000086100000, 0x0000000086100000|100%| O|  |TAMS 0x0000000086000000| PB 0x0000000086000000| Untracked |  0
|  77|0x0000000086100000, 0x0000000086200000, 0x0000000086200000|100%| O|  |TAMS 0x0000000086100000| PB 0x0000000086100000| Untracked |  0
|  78|0x0000000086200000, 0x0000000086300000, 0x0000000086300000|100%| O|  |TAMS 0x0000000086200000| PB 0x0000000086200000| Untracked |  0
|  79|0x0000000086300000, 0x0000000086400000, 0x0000000086400000|100%| O|  |TAMS 0x0000000086300000| PB 0x0000000086300000| Untracked |  0
|  80|0x0000000086400000, 0x0000000086500000, 0x0000000086500000|100%| O|  |TAMS 0x0000000086400000| PB 0x0000000086400000| Untracked |  0
|  81|0x0000000086500000, 0x0000000086600000, 0x0000000086600000|100%| O|  |TAMS 0x0000000086500000| PB 0x0000000086500000| Untracked |  0
|  82|0x0000000086600000, 0x0000000086700000, 0x0000000086700000|100%| O|  |TAMS 0x0000000086600000| PB 0x0000000086600000| Untracked |  0
|  83|0x0000000086700000, 0x0000000086800000, 0x0000000086800000|100%| O|  |TAMS 0x0000000086700000| PB 0x0000000086700000| Untracked |  0
|  84|0x0000000086800000, 0x0000000086900000, 0x0000000086900000|100%| O|  |TAMS 0x0000000086800000| PB 0x0000000086800000| Untracked |  0
|  85|0x0000000086900000, 0x0000000086a00000, 0x0000000086a00000|100%| O|  |TAMS 0x0000000086900000| PB 0x0000000086900000| Untracked |  0
|  86|0x0000000086a00000, 0x0000000086b00000, 0x0000000086b00000|100%| O|  |TAMS 0x0000000086a00000| PB 0x0000000086a00000| Untracked |  0
|  87|0x0000000086b00000, 0x0000000086c00000, 0x0000000086c00000|100%| O|  |TAMS 0x0000000086b00000| PB 0x0000000086b00000| Untracked |  0
|  88|0x0000000086c00000, 0x0000000086d00000, 0x0000000086d00000|100%| O|  |TAMS 0x0000000086c00000| PB 0x0000000086c00000| Untracked |  0
|  89|0x0000000086d00000, 0x0000000086e00000, 0x0000000086e00000|100%| O|  |TAMS 0x0000000086d00000| PB 0x0000000086d00000| Untracked |  0
|  90|0x0000000086e00000, 0x0000000086f00000, 0x0000000086f00000|100%| O|  |TAMS 0x0000000086e00000| PB 0x0000000086e00000| Untracked |  0
|  91|0x0000000086f00000, 0x0000000087000000, 0x0000000087000000|100%| O|  |TAMS 0x0000000086f00000| PB 0x0000000086f00000| Untracked |  0
|  92|0x0000000087000000, 0x0000000087100000, 0x0000000087100000|100%| O|  |TAMS 0x0000000087000000| PB 0x0000000087000000| Untracked |  0
|  93|0x0000000087100000, 0x0000000087200000, 0x0000000087200000|100%| O|  |TAMS 0x0000000087100000| PB 0x0000000087100000| Untracked |  0
|  94|0x0000000087200000, 0x0000000087300000, 0x0000000087300000|100%| O|  |TAMS 0x0000000087200000| PB 0x0000000087200000| Untracked |  0
|  95|0x0000000087300000, 0x0000000087400000, 0x0000000087400000|100%| O|  |TAMS 0x0000000087300000| PB 0x0000000087300000| Untracked |  0
|  96|0x0000000087400000, 0x0000000087500000, 0x0000000087500000|100%| O|  |TAMS 0x0000000087400000| PB 0x0000000087400000| Untracked |  0
|  97|0x0000000087500000, 0x0000000087600000, 0x0000000087600000|100%| O|  |TAMS 0x0000000087500000| PB 0x0000000087500000| Untracked |  0
|  98|0x0000000087600000, 0x0000000087700000, 0x0000000087700000|100%| O|  |TAMS 0x0000000087600000| PB 0x0000000087600000| Untracked |  0
|  99|0x0000000087700000, 0x0000000087800000, 0x0000000087800000|100%| O|  |TAMS 0x0000000087700000| PB 0x0000000087700000| Untracked |  0
| 100|0x0000000087800000, 0x0000000087900000, 0x0000000087900000|100%| O|  |TAMS 0x0000000087800000| PB 0x0000000087800000| Untracked |  0
| 101|0x0000000087900000, 0x0000000087a00000, 0x0000000087a00000|100%| O|  |TAMS 0x0000000087900000| PB 0x0000000087900000| Untracked |  0
| 102|0x0000000087a00000, 0x0000000087b00000, 0x0000000087b00000|100%| O|  |TAMS 0x0000000087a00000| PB 0x0000000087a00000| Untracked |  0
| 103|0x0000000087b00000, 0x0000000087c00000, 0x0000000087c00000|100%| O|  |TAMS 0x0000000087b00000| PB 0x0000000087b00000| Untracked |  0
| 104|0x0000000087c00000, 0x0000000087d00000, 0x0000000087d00000|100%| O|  |TAMS 0x0000000087c00000| PB 0x0000000087c00000| Untracked |  0
| 105|0x0000000087d00000, 0x0000000087e00000, 0x0000000087e00000|100%| O|  |TAMS 0x0000000087d00000| PB 0x0000000087d00000| Untracked |  0
| 106|0x0000000087e00000, 0x0000000087f00000, 0x0000000087f00000|100%| O|  |TAMS 0x0000000087e00000| PB 0x0000000087e00000| Untracked |  0
| 107|0x0000000087f00000, 0x0000000088000000, 0x0000000088000000|100%| O|  |TAMS 0x0000000087f00000| PB 0x0000000087f00000| Untracked |  0
| 108|0x0000000088000000, 0x0000000088100000, 0x0000000088100000|100%| O|  |TAMS 0x0000000088000000| PB 0x0000000088000000| Untracked |  0
| 109|0x0000000088100000, 0x0000000088200000, 0x0000000088200000|100%| O|  |TAMS 0x0000000088100000| PB 0x0000000088100000| Untracked |  0
| 110|0x0000000088200000, 0x0000000088300000, 0x0000000088300000|100%| O|  |TAMS 0x0000000088200000| PB 0x0000000088200000| Untracked |  0
| 111|0x0000000088300000, 0x0000000088400000, 0x0000000088400000|100%| O|  |TAMS 0x0000000088300000| PB 0x0000000088300000| Untracked |  0
| 112|0x0000000088400000, 0x0000000088500000, 0x0000000088500000|100%| O|  |TAMS 0x0000000088400000| PB 0x0000000088400000| Untracked |  0
| 113|0x0000000088500000, 0x0000000088600000, 0x0000000088600000|100%| O|  |TAMS 0x0000000088500000| PB 0x0000000088500000| Untracked |  0
| 114|0x0000000088600000, 0x0000000088700000, 0x0000000088700000|100%| O|  |TAMS 0x0000000088600000| PB 0x0000000088600000| Untracked |  0
| 115|0x0000000088700000, 0x0000000088800000, 0x0000000088800000|100%| O|  |TAMS 0x0000000088700000| PB 0x0000000088700000| Untracked |  0
| 116|0x0000000088800000, 0x0000000088900000, 0x0000000088900000|100%| O|  |TAMS 0x0000000088800000| PB 0x0000000088800000| Untracked |  0
| 117|0x0000000088900000, 0x0000000088a00000, 0x0000000088a00000|100%| O|  |TAMS 0x0000000088900000| PB 0x0000000088900000| Untracked |  0
| 118|0x0000000088a00000, 0x0000000088b00000, 0x0000000088b00000|100%| O|  |TAMS 0x0000000088a00000| PB 0x0000000088a00000| Untracked |  0
| 119|0x0000000088b00000, 0x0000000088c00000, 0x0000000088c00000|100%| O|  |TAMS 0x0000000088b00000| PB 0x0000000088b00000| Untracked |  0
| 120|0x0000000088c00000, 0x0000000088d00000, 0x0000000088d00000|100%| O|Cm|TAMS 0x0000000088c00000| PB 0x0000000088c00000| Complete |  0
| 121|0x0000000088d00000, 0x0000000088d00000, 0x0000000088e00000|  0%| F|  |TAMS 0x0000000088d00000| PB 0x0000000088d00000| Untracked |  0
| 122|0x0000000088e00000, 0x0000000088f00000, 0x0000000088f00000|100%| O|Cm|TAMS 0x0000000088e00000| PB 0x0000000088e00000| Complete |  0
| 123|0x0000000088f00000, 0x0000000089000000, 0x0000000089000000|100%| O|Cm|TAMS 0x0000000088f00000| PB 0x0000000088f00000| Complete |  0
| 124|0x0000000089000000, 0x0000000089100000, 0x0000000089100000|100%| O|  |TAMS 0x0000000089000000| PB 0x0000000089000000| Untracked |  0
| 125|0x0000000089100000, 0x0000000089200000, 0x0000000089200000|100%| O|Cm|TAMS 0x0000000089100000| PB 0x0000000089100000| Complete |  0
| 126|0x0000000089200000, 0x0000000089300000, 0x0000000089300000|100%| O|Cm|TAMS 0x0000000089200000| PB 0x0000000089200000| Complete |  0
| 127|0x0000000089300000, 0x0000000089400000, 0x0000000089400000|100%| O|  |TAMS 0x0000000089300000| PB 0x0000000089300000| Untracked |  0
| 128|0x0000000089400000, 0x0000000089500000, 0x0000000089500000|100%| O|  |TAMS 0x0000000089400000| PB 0x0000000089400000| Untracked |  0
| 129|0x0000000089500000, 0x0000000089600000, 0x0000000089600000|100%| O|  |TAMS 0x0000000089500000| PB 0x0000000089500000| Untracked |  0
| 130|0x0000000089600000, 0x0000000089700000, 0x0000000089700000|100%| O|  |TAMS 0x0000000089600000| PB 0x0000000089600000| Untracked |  0
| 131|0x0000000089700000, 0x0000000089800000, 0x0000000089800000|100%| O|  |TAMS 0x0000000089700000| PB 0x0000000089700000| Untracked |  0
| 132|0x0000000089800000, 0x0000000089900000, 0x0000000089900000|100%| O|  |TAMS 0x0000000089800000| PB 0x0000000089800000| Untracked |  0
| 133|0x0000000089900000, 0x0000000089980000, 0x0000000089a00000| 50%| O|  |TAMS 0x0000000089900000| PB 0x0000000089900000| Untracked |  0
| 134|0x0000000089a00000, 0x0000000089b00000, 0x0000000089b00000|100%|HS|  |TAMS 0x0000000089a00000| PB 0x0000000089a00000| Complete |  0
| 135|0x0000000089b00000, 0x0000000089b00000, 0x0000000089c00000|  0%| F|  |TAMS 0x0000000089b00000| PB 0x0000000089b00000| Untracked |  0
| 136|0x0000000089c00000, 0x0000000089d00000, 0x0000000089d00000|100%| O|  |TAMS 0x0000000089c00000| PB 0x0000000089c00000| Untracked |  0
| 137|0x0000000089d00000, 0x0000000089d00000, 0x0000000089e00000|  0%| F|  |TAMS 0x0000000089d00000| PB 0x0000000089d00000| Untracked |  0
| 138|0x0000000089e00000, 0x0000000089e00000, 0x0000000089f00000|  0%| F|  |TAMS 0x0000000089e00000| PB 0x0000000089e00000| Untracked |  0
| 139|0x0000000089f00000, 0x000000008a000000, 0x000000008a000000|100%| O|  |TAMS 0x0000000089f00000| PB 0x0000000089f00000| Untracked |  0
| 140|0x000000008a000000, 0x000000008a000000, 0x000000008a100000|  0%| F|  |TAMS 0x000000008a000000| PB 0x000000008a000000| Untracked |  0
| 141|0x000000008a100000, 0x000000008a100000, 0x000000008a200000|  0%| F|  |TAMS 0x000000008a100000| PB 0x000000008a100000| Untracked |  0
| 142|0x000000008a200000, 0x000000008a300000, 0x000000008a300000|100%| O|  |TAMS 0x000000008a200000| PB 0x000000008a200000| Untracked |  0
| 143|0x000000008a300000, 0x000000008a300000, 0x000000008a400000|  0%| F|  |TAMS 0x000000008a300000| PB 0x000000008a300000| Untracked |  0
| 144|0x000000008a400000, 0x000000008a500000, 0x000000008a500000|100%| O|  |TAMS 0x000000008a400000| PB 0x000000008a400000| Untracked |  0
| 145|0x000000008a500000, 0x000000008a500000, 0x000000008a600000|  0%| F|  |TAMS 0x000000008a500000| PB 0x000000008a500000| Untracked |  0
| 146|0x000000008a600000, 0x000000008a700000, 0x000000008a700000|100%| O|Cm|TAMS 0x000000008a600000| PB 0x000000008a600000| Complete |  0
| 147|0x000000008a700000, 0x000000008a800000, 0x000000008a800000|100%| O|  |TAMS 0x000000008a700000| PB 0x000000008a700000| Untracked |  0
| 148|0x000000008a800000, 0x000000008a800000, 0x000000008a900000|  0%| F|  |TAMS 0x000000008a800000| PB 0x000000008a800000| Untracked |  0
| 149|0x000000008a900000, 0x000000008a900000, 0x000000008aa00000|  0%| F|  |TAMS 0x000000008a900000| PB 0x000000008a900000| Untracked |  0
| 150|0x000000008aa00000, 0x000000008aa00000, 0x000000008ab00000|  0%| F|  |TAMS 0x000000008aa00000| PB 0x000000008aa00000| Untracked |  0
| 151|0x000000008ab00000, 0x000000008ab00000, 0x000000008ac00000|  0%| F|  |TAMS 0x000000008ab00000| PB 0x000000008ab00000| Untracked |  0
| 152|0x000000008ac00000, 0x000000008ac00000, 0x000000008ad00000|  0%| F|  |TAMS 0x000000008ac00000| PB 0x000000008ac00000| Untracked |  0
| 153|0x000000008ad00000, 0x000000008ad00000, 0x000000008ae00000|  0%| F|  |TAMS 0x000000008ad00000| PB 0x000000008ad00000| Untracked |  0
| 154|0x000000008ae00000, 0x000000008ae00000, 0x000000008af00000|  0%| F|  |TAMS 0x000000008ae00000| PB 0x000000008ae00000| Untracked |  0
| 155|0x000000008af00000, 0x000000008af00000, 0x000000008b000000|  0%| F|  |TAMS 0x000000008af00000| PB 0x000000008af00000| Untracked |  0
| 156|0x000000008b000000, 0x000000008b000000, 0x000000008b100000|  0%| F|  |TAMS 0x000000008b000000| PB 0x000000008b000000| Untracked |  0
| 157|0x000000008b100000, 0x000000008b100000, 0x000000008b200000|  0%| F|  |TAMS 0x000000008b100000| PB 0x000000008b100000| Untracked |  0
| 158|0x000000008b200000, 0x000000008b200000, 0x000000008b300000|  0%| F|  |TAMS 0x000000008b200000| PB 0x000000008b200000| Untracked |  0
| 159|0x000000008b300000, 0x000000008b400000, 0x000000008b400000|100%| O|Cm|TAMS 0x000000008b300000| PB 0x000000008b300000| Complete |  0
| 160|0x000000008b400000, 0x000000008b500000, 0x000000008b500000|100%|HS|  |TAMS 0x000000008b400000| PB 0x000000008b400000| Complete |  0
| 161|0x000000008b500000, 0x000000008b600000, 0x000000008b600000|100%|HC|  |TAMS 0x000000008b500000| PB 0x000000008b500000| Complete |  0
| 162|0x000000008b600000, 0x000000008b700000, 0x000000008b700000|100%|HC|  |TAMS 0x000000008b600000| PB 0x000000008b600000| Complete |  0
| 163|0x000000008b700000, 0x000000008b800000, 0x000000008b800000|100%|HC|  |TAMS 0x000000008b700000| PB 0x000000008b700000| Complete |  0
| 164|0x000000008b800000, 0x000000008b900000, 0x000000008b900000|100%|HC|  |TAMS 0x000000008b800000| PB 0x000000008b800000| Complete |  0
| 165|0x000000008b900000, 0x000000008ba00000, 0x000000008ba00000|100%|HC|  |TAMS 0x000000008b900000| PB 0x000000008b900000| Complete |  0
| 166|0x000000008ba00000, 0x000000008ba00000, 0x000000008bb00000|  0%| F|  |TAMS 0x000000008ba00000| PB 0x000000008ba00000| Untracked |  0
| 167|0x000000008bb00000, 0x000000008bb00000, 0x000000008bc00000|  0%| F|  |TAMS 0x000000008bb00000| PB 0x000000008bb00000| Untracked |  0
| 168|0x000000008bc00000, 0x000000008bc00000, 0x000000008bd00000|  0%| F|  |TAMS 0x000000008bc00000| PB 0x000000008bc00000| Untracked |  0
| 169|0x000000008bd00000, 0x000000008bd00000, 0x000000008be00000|  0%| F|  |TAMS 0x000000008bd00000| PB 0x000000008bd00000| Untracked |  0
| 170|0x000000008be00000, 0x000000008be00000, 0x000000008bf00000|  0%| F|  |TAMS 0x000000008be00000| PB 0x000000008be00000| Untracked |  0
| 171|0x000000008bf00000, 0x000000008bf00000, 0x000000008c000000|  0%| F|  |TAMS 0x000000008bf00000| PB 0x000000008bf00000| Untracked |  0
| 172|0x000000008c000000, 0x000000008c000000, 0x000000008c100000|  0%| F|  |TAMS 0x000000008c000000| PB 0x000000008c000000| Untracked |  0
| 173|0x000000008c100000, 0x000000008c100000, 0x000000008c200000|  0%| F|  |TAMS 0x000000008c100000| PB 0x000000008c100000| Untracked |  0
| 174|0x000000008c200000, 0x000000008c200000, 0x000000008c300000|  0%| F|  |TAMS 0x000000008c200000| PB 0x000000008c200000| Untracked |  0
| 175|0x000000008c300000, 0x000000008c300000, 0x000000008c400000|  0%| F|  |TAMS 0x000000008c300000| PB 0x000000008c300000| Untracked |  0
| 176|0x000000008c400000, 0x000000008c400000, 0x000000008c500000|  0%| F|  |TAMS 0x000000008c400000| PB 0x000000008c400000| Untracked |  0
| 177|0x000000008c500000, 0x000000008c500000, 0x000000008c600000|  0%| F|  |TAMS 0x000000008c500000| PB 0x000000008c500000| Untracked |  0
| 178|0x000000008c600000, 0x000000008c600000, 0x000000008c700000|  0%| F|  |TAMS 0x000000008c600000| PB 0x000000008c600000| Untracked |  0
| 179|0x000000008c700000, 0x000000008c700000, 0x000000008c800000|  0%| F|  |TAMS 0x000000008c700000| PB 0x000000008c700000| Untracked |  0
| 180|0x000000008c800000, 0x000000008c800000, 0x000000008c900000|  0%| F|  |TAMS 0x000000008c800000| PB 0x000000008c800000| Untracked |  0
| 181|0x000000008c900000, 0x000000008c900000, 0x000000008ca00000|  0%| F|  |TAMS 0x000000008c900000| PB 0x000000008c900000| Untracked |  0
| 182|0x000000008ca00000, 0x000000008ca00000, 0x000000008cb00000|  0%| F|  |TAMS 0x000000008ca00000| PB 0x000000008ca00000| Untracked |  0
| 183|0x000000008cb00000, 0x000000008cb00000, 0x000000008cc00000|  0%| F|  |TAMS 0x000000008cb00000| PB 0x000000008cb00000| Untracked |  0
| 184|0x000000008cc00000, 0x000000008cc00000, 0x000000008cd00000|  0%| F|  |TAMS 0x000000008cc00000| PB 0x000000008cc00000| Untracked |  0
| 185|0x000000008cd00000, 0x000000008cd00000, 0x000000008ce00000|  0%| F|  |TAMS 0x000000008cd00000| PB 0x000000008cd00000| Untracked |  0
| 186|0x000000008ce00000, 0x000000008ce00000, 0x000000008cf00000|  0%| F|  |TAMS 0x000000008ce00000| PB 0x000000008ce00000| Untracked |  0
| 187|0x000000008cf00000, 0x000000008cf00000, 0x000000008d000000|  0%| F|  |TAMS 0x000000008cf00000| PB 0x000000008cf00000| Untracked |  0
| 188|0x000000008d000000, 0x000000008d000000, 0x000000008d100000|  0%| F|  |TAMS 0x000000008d000000| PB 0x000000008d000000| Untracked |  0
| 189|0x000000008d100000, 0x000000008d100000, 0x000000008d200000|  0%| F|  |TAMS 0x000000008d100000| PB 0x000000008d100000| Untracked |  0
| 190|0x000000008d200000, 0x000000008d200000, 0x000000008d300000|  0%| F|  |TAMS 0x000000008d200000| PB 0x000000008d200000| Untracked |  0
| 191|0x000000008d300000, 0x000000008d300000, 0x000000008d400000|  0%| F|  |TAMS 0x000000008d300000| PB 0x000000008d300000| Untracked |  0
| 192|0x000000008d400000, 0x000000008d400000, 0x000000008d500000|  0%| F|  |TAMS 0x000000008d400000| PB 0x000000008d400000| Untracked |  0
| 193|0x000000008d500000, 0x000000008d500000, 0x000000008d600000|  0%| F|  |TAMS 0x000000008d500000| PB 0x000000008d500000| Untracked |  0
| 194|0x000000008d600000, 0x000000008d600000, 0x000000008d700000|  0%| F|  |TAMS 0x000000008d600000| PB 0x000000008d600000| Untracked |  0
| 195|0x000000008d700000, 0x000000008d700000, 0x000000008d800000|  0%| F|  |TAMS 0x000000008d700000| PB 0x000000008d700000| Untracked |  0
| 196|0x000000008d800000, 0x000000008d800000, 0x000000008d900000|  0%| F|  |TAMS 0x000000008d800000| PB 0x000000008d800000| Untracked |  0
| 197|0x000000008d900000, 0x000000008d900000, 0x000000008da00000|  0%| F|  |TAMS 0x000000008d900000| PB 0x000000008d900000| Untracked |  0
| 198|0x000000008da00000, 0x000000008da00000, 0x000000008db00000|  0%| F|  |TAMS 0x000000008da00000| PB 0x000000008da00000| Untracked |  0
| 199|0x000000008db00000, 0x000000008db00000, 0x000000008dc00000|  0%| F|  |TAMS 0x000000008db00000| PB 0x000000008db00000| Untracked |  0
| 200|0x000000008dc00000, 0x000000008dc00000, 0x000000008dd00000|  0%| F|  |TAMS 0x000000008dc00000| PB 0x000000008dc00000| Untracked |  0
| 201|0x000000008dd00000, 0x000000008dd00000, 0x000000008de00000|  0%| F|  |TAMS 0x000000008dd00000| PB 0x000000008dd00000| Untracked |  0
| 202|0x000000008de00000, 0x000000008de00000, 0x000000008df00000|  0%| F|  |TAMS 0x000000008de00000| PB 0x000000008de00000| Untracked |  0
| 203|0x000000008df00000, 0x000000008df00000, 0x000000008e000000|  0%| F|  |TAMS 0x000000008df00000| PB 0x000000008df00000| Untracked |  0
| 204|0x000000008e000000, 0x000000008e000000, 0x000000008e100000|  0%| F|  |TAMS 0x000000008e000000| PB 0x000000008e000000| Untracked |  0
| 205|0x000000008e100000, 0x000000008e100000, 0x000000008e200000|  0%| F|  |TAMS 0x000000008e100000| PB 0x000000008e100000| Untracked |  0
| 206|0x000000008e200000, 0x000000008e200000, 0x000000008e300000|  0%| F|  |TAMS 0x000000008e200000| PB 0x000000008e200000| Untracked |  0
| 207|0x000000008e300000, 0x000000008e300000, 0x000000008e400000|  0%| F|  |TAMS 0x000000008e300000| PB 0x000000008e300000| Untracked |  0
| 208|0x000000008e400000, 0x000000008e400000, 0x000000008e500000|  0%| F|  |TAMS 0x000000008e400000| PB 0x000000008e400000| Untracked |  0
| 209|0x000000008e500000, 0x000000008e500000, 0x000000008e600000|  0%| F|  |TAMS 0x000000008e500000| PB 0x000000008e500000| Untracked |  0
| 210|0x000000008e600000, 0x000000008e600000, 0x000000008e700000|  0%| F|  |TAMS 0x000000008e600000| PB 0x000000008e600000| Untracked |  0
| 211|0x000000008e700000, 0x000000008e700000, 0x000000008e800000|  0%| F|  |TAMS 0x000000008e700000| PB 0x000000008e700000| Untracked |  0
| 212|0x000000008e800000, 0x000000008e800000, 0x000000008e900000|  0%| F|  |TAMS 0x000000008e800000| PB 0x000000008e800000| Untracked |  0
| 213|0x000000008e900000, 0x000000008e900000, 0x000000008ea00000|  0%| F|  |TAMS 0x000000008e900000| PB 0x000000008e900000| Untracked |  0
| 214|0x000000008ea00000, 0x000000008ea00000, 0x000000008eb00000|  0%| F|  |TAMS 0x000000008ea00000| PB 0x000000008ea00000| Untracked |  0
| 215|0x000000008eb00000, 0x000000008eb00000, 0x000000008ec00000|  0%| F|  |TAMS 0x000000008eb00000| PB 0x000000008eb00000| Untracked |  0
| 216|0x000000008ec00000, 0x000000008ec00000, 0x000000008ed00000|  0%| F|  |TAMS 0x000000008ec00000| PB 0x000000008ec00000| Untracked |  0
| 217|0x000000008ed00000, 0x000000008ed00000, 0x000000008ee00000|  0%| F|  |TAMS 0x000000008ed00000| PB 0x000000008ed00000| Untracked |  0
| 218|0x000000008ee00000, 0x000000008ee00000, 0x000000008ef00000|  0%| F|  |TAMS 0x000000008ee00000| PB 0x000000008ee00000| Untracked |  0
| 219|0x000000008ef00000, 0x000000008ef00000, 0x000000008f000000|  0%| F|  |TAMS 0x000000008ef00000| PB 0x000000008ef00000| Untracked |  0
| 220|0x000000008f000000, 0x000000008f000000, 0x000000008f100000|  0%| F|  |TAMS 0x000000008f000000| PB 0x000000008f000000| Untracked |  0
| 221|0x000000008f100000, 0x000000008f100000, 0x000000008f200000|  0%| F|  |TAMS 0x000000008f100000| PB 0x000000008f100000| Untracked |  0
| 222|0x000000008f200000, 0x000000008f200000, 0x000000008f300000|  0%| F|  |TAMS 0x000000008f200000| PB 0x000000008f200000| Untracked |  0
| 223|0x000000008f300000, 0x000000008f300000, 0x000000008f400000|  0%| F|  |TAMS 0x000000008f300000| PB 0x000000008f300000| Untracked |  0
| 224|0x000000008f400000, 0x000000008f400000, 0x000000008f500000|  0%| F|  |TAMS 0x000000008f400000| PB 0x000000008f400000| Untracked |  0
| 225|0x000000008f500000, 0x000000008f500000, 0x000000008f600000|  0%| F|  |TAMS 0x000000008f500000| PB 0x000000008f500000| Untracked |  0
| 226|0x000000008f600000, 0x000000008f600000, 0x000000008f700000|  0%| F|  |TAMS 0x000000008f600000| PB 0x000000008f600000| Untracked |  0
| 227|0x000000008f700000, 0x000000008f700000, 0x000000008f800000|  0%| F|  |TAMS 0x000000008f700000| PB 0x000000008f700000| Untracked |  0
| 228|0x000000008f800000, 0x000000008f800000, 0x000000008f900000|  0%| F|  |TAMS 0x000000008f800000| PB 0x000000008f800000| Untracked |  0
| 229|0x000000008f900000, 0x000000008f900000, 0x000000008fa00000|  0%| F|  |TAMS 0x000000008f900000| PB 0x000000008f900000| Untracked |  0
| 230|0x000000008fa00000, 0x000000008fa00000, 0x000000008fb00000|  0%| F|  |TAMS 0x000000008fa00000| PB 0x000000008fa00000| Untracked |  0
| 231|0x000000008fb00000, 0x000000008fb00000, 0x000000008fc00000|  0%| F|  |TAMS 0x000000008fb00000| PB 0x000000008fb00000| Untracked |  0
| 232|0x000000008fc00000, 0x000000008fc00000, 0x000000008fd00000|  0%| F|  |TAMS 0x000000008fc00000| PB 0x000000008fc00000| Untracked |  0
| 233|0x000000008fd00000, 0x000000008fd00000, 0x000000008fe00000|  0%| F|  |TAMS 0x000000008fd00000| PB 0x000000008fd00000| Untracked |  0
| 234|0x000000008fe00000, 0x000000008fe00000, 0x000000008ff00000|  0%| F|  |TAMS 0x000000008fe00000| PB 0x000000008fe00000| Untracked |  0
| 235|0x000000008ff00000, 0x000000008ff00000, 0x0000000090000000|  0%| F|  |TAMS 0x000000008ff00000| PB 0x000000008ff00000| Untracked |  0
| 236|0x0000000090000000, 0x0000000090000000, 0x0000000090100000|  0%| F|  |TAMS 0x0000000090000000| PB 0x0000000090000000| Untracked |  0
| 237|0x0000000090100000, 0x0000000090100000, 0x0000000090200000|  0%| F|  |TAMS 0x0000000090100000| PB 0x0000000090100000| Untracked |  0
| 238|0x0000000090200000, 0x0000000090200000, 0x0000000090300000|  0%| F|  |TAMS 0x0000000090200000| PB 0x0000000090200000| Untracked |  0
| 239|0x0000000090300000, 0x0000000090300000, 0x0000000090400000|  0%| F|  |TAMS 0x0000000090300000| PB 0x0000000090300000| Untracked |  0
| 240|0x0000000090400000, 0x0000000090400000, 0x0000000090500000|  0%| F|  |TAMS 0x0000000090400000| PB 0x0000000090400000| Untracked |  0
| 241|0x0000000090500000, 0x0000000090500000, 0x0000000090600000|  0%| F|  |TAMS 0x0000000090500000| PB 0x0000000090500000| Untracked |  0
| 242|0x0000000090600000, 0x0000000090600000, 0x0000000090700000|  0%| F|  |TAMS 0x0000000090600000| PB 0x0000000090600000| Untracked |  0
| 243|0x0000000090700000, 0x0000000090700000, 0x0000000090800000|  0%| F|  |TAMS 0x0000000090700000| PB 0x0000000090700000| Untracked |  0
| 244|0x0000000090800000, 0x0000000090800000, 0x0000000090900000|  0%| F|  |TAMS 0x0000000090800000| PB 0x0000000090800000| Untracked |  0
| 245|0x0000000090900000, 0x0000000090900000, 0x0000000090a00000|  0%| F|  |TAMS 0x0000000090900000| PB 0x0000000090900000| Untracked |  0
| 246|0x0000000090a00000, 0x0000000090a00000, 0x0000000090b00000|  0%| F|  |TAMS 0x0000000090a00000| PB 0x0000000090a00000| Untracked |  0
| 247|0x0000000090b00000, 0x0000000090b00000, 0x0000000090c00000|  0%| F|  |TAMS 0x0000000090b00000| PB 0x0000000090b00000| Untracked |  0
| 248|0x0000000090c00000, 0x0000000090c00000, 0x0000000090d00000|  0%| F|  |TAMS 0x0000000090c00000| PB 0x0000000090c00000| Untracked |  0
| 249|0x0000000090d00000, 0x0000000090d00000, 0x0000000090e00000|  0%| F|  |TAMS 0x0000000090d00000| PB 0x0000000090d00000| Untracked |  0
| 250|0x0000000090e00000, 0x0000000090e00000, 0x0000000090f00000|  0%| F|  |TAMS 0x0000000090e00000| PB 0x0000000090e00000| Untracked |  0
| 251|0x0000000090f00000, 0x0000000090f00000, 0x0000000091000000|  0%| F|  |TAMS 0x0000000090f00000| PB 0x0000000090f00000| Untracked |  0
| 252|0x0000000091000000, 0x0000000091000000, 0x0000000091100000|  0%| F|  |TAMS 0x0000000091000000| PB 0x0000000091000000| Untracked |  0
| 253|0x0000000091100000, 0x0000000091100000, 0x0000000091200000|  0%| F|  |TAMS 0x0000000091100000| PB 0x0000000091100000| Untracked |  0
| 254|0x0000000091200000, 0x0000000091200000, 0x0000000091300000|  0%| F|  |TAMS 0x0000000091200000| PB 0x0000000091200000| Untracked |  0
| 255|0x0000000091300000, 0x0000000091300000, 0x0000000091400000|  0%| F|  |TAMS 0x0000000091300000| PB 0x0000000091300000| Untracked |  0
| 256|0x0000000091400000, 0x0000000091400000, 0x0000000091500000|  0%| F|  |TAMS 0x0000000091400000| PB 0x0000000091400000| Untracked |  0
| 257|0x0000000091500000, 0x0000000091500000, 0x0000000091600000|  0%| F|  |TAMS 0x0000000091500000| PB 0x0000000091500000| Untracked |  0
| 258|0x0000000091600000, 0x0000000091600000, 0x0000000091700000|  0%| F|  |TAMS 0x0000000091600000| PB 0x0000000091600000| Untracked |  0
| 259|0x0000000091700000, 0x0000000091700000, 0x0000000091800000|  0%| F|  |TAMS 0x0000000091700000| PB 0x0000000091700000| Untracked |  0
| 260|0x0000000091800000, 0x0000000091800000, 0x0000000091900000|  0%| F|  |TAMS 0x0000000091800000| PB 0x0000000091800000| Untracked |  0
| 261|0x0000000091900000, 0x0000000091900000, 0x0000000091a00000|  0%| F|  |TAMS 0x0000000091900000| PB 0x0000000091900000| Untracked |  0
| 262|0x0000000091a00000, 0x0000000091b00000, 0x0000000091b00000|100%| S|CS|TAMS 0x0000000091a00000| PB 0x0000000091a00000| Complete |  0
| 263|0x0000000091b00000, 0x0000000091c00000, 0x0000000091c00000|100%| S|CS|TAMS 0x0000000091b00000| PB 0x0000000091b00000| Complete |  0
| 264|0x0000000091c00000, 0x0000000091d00000, 0x0000000091d00000|100%| S|CS|TAMS 0x0000000091c00000| PB 0x0000000091c00000| Complete |  0
| 265|0x0000000091d00000, 0x0000000091e00000, 0x0000000091e00000|100%| S|CS|TAMS 0x0000000091d00000| PB 0x0000000091d00000| Complete |  0
| 266|0x0000000091e00000, 0x0000000091f00000, 0x0000000091f00000|100%| S|CS|TAMS 0x0000000091e00000| PB 0x0000000091e00000| Complete |  0
| 267|0x0000000091f00000, 0x0000000092000000, 0x0000000092000000|100%| S|CS|TAMS 0x0000000091f00000| PB 0x0000000091f00000| Complete |  0
| 268|0x0000000092000000, 0x0000000092100000, 0x0000000092100000|100%| S|CS|TAMS 0x0000000092000000| PB 0x0000000092000000| Complete |  0
| 269|0x0000000092100000, 0x0000000092200000, 0x0000000092200000|100%| S|CS|TAMS 0x0000000092100000| PB 0x0000000092100000| Complete |  0
| 270|0x0000000092200000, 0x0000000092300000, 0x0000000092300000|100%| S|CS|TAMS 0x0000000092200000| PB 0x0000000092200000| Complete |  0
| 271|0x0000000092300000, 0x0000000092300000, 0x0000000092400000|  0%| F|  |TAMS 0x0000000092300000| PB 0x0000000092300000| Untracked |  0
| 272|0x0000000092400000, 0x0000000092400000, 0x0000000092500000|  0%| F|  |TAMS 0x0000000092400000| PB 0x0000000092400000| Untracked |  0
| 273|0x0000000092500000, 0x0000000092500000, 0x0000000092600000|  0%| F|  |TAMS 0x0000000092500000| PB 0x0000000092500000| Untracked |  0
| 274|0x0000000092600000, 0x0000000092600000, 0x0000000092700000|  0%| F|  |TAMS 0x0000000092600000| PB 0x0000000092600000| Untracked |  0
| 275|0x0000000092700000, 0x0000000092700000, 0x0000000092800000|  0%| F|  |TAMS 0x0000000092700000| PB 0x0000000092700000| Untracked |  0
| 276|0x0000000092800000, 0x0000000092800000, 0x0000000092900000|  0%| F|  |TAMS 0x0000000092800000| PB 0x0000000092800000| Untracked |  0
| 277|0x0000000092900000, 0x0000000092900000, 0x0000000092a00000|  0%| F|  |TAMS 0x0000000092900000| PB 0x0000000092900000| Untracked |  0
| 278|0x0000000092a00000, 0x0000000092a00000, 0x0000000092b00000|  0%| F|  |TAMS 0x0000000092a00000| PB 0x0000000092a00000| Untracked |  0
| 279|0x0000000092b00000, 0x0000000092b00000, 0x0000000092c00000|  0%| F|  |TAMS 0x0000000092b00000| PB 0x0000000092b00000| Untracked |  0
| 280|0x0000000092c00000, 0x0000000092c00000, 0x0000000092d00000|  0%| F|  |TAMS 0x0000000092c00000| PB 0x0000000092c00000| Untracked |  0
| 281|0x0000000092d00000, 0x0000000092d00000, 0x0000000092e00000|  0%| F|  |TAMS 0x0000000092d00000| PB 0x0000000092d00000| Untracked |  0
| 282|0x0000000092e00000, 0x0000000092e00000, 0x0000000092f00000|  0%| F|  |TAMS 0x0000000092e00000| PB 0x0000000092e00000| Untracked |  0
| 283|0x0000000092f00000, 0x0000000092f00000, 0x0000000093000000|  0%| F|  |TAMS 0x0000000092f00000| PB 0x0000000092f00000| Untracked |  0
| 284|0x0000000093000000, 0x0000000093000000, 0x0000000093100000|  0%| F|  |TAMS 0x0000000093000000| PB 0x0000000093000000| Untracked |  0
| 285|0x0000000093100000, 0x0000000093100000, 0x0000000093200000|  0%| F|  |TAMS 0x0000000093100000| PB 0x0000000093100000| Untracked |  0
| 286|0x0000000093200000, 0x0000000093200000, 0x0000000093300000|  0%| F|  |TAMS 0x0000000093200000| PB 0x0000000093200000| Untracked |  0
| 287|0x0000000093300000, 0x0000000093300000, 0x0000000093400000|  0%| F|  |TAMS 0x0000000093300000| PB 0x0000000093300000| Untracked |  0
| 288|0x0000000093400000, 0x0000000093400000, 0x0000000093500000|  0%| F|  |TAMS 0x0000000093400000| PB 0x0000000093400000| Untracked |  0
| 289|0x0000000093500000, 0x0000000093500000, 0x0000000093600000|  0%| F|  |TAMS 0x0000000093500000| PB 0x0000000093500000| Untracked |  0
| 290|0x0000000093600000, 0x0000000093600000, 0x0000000093700000|  0%| F|  |TAMS 0x0000000093600000| PB 0x0000000093600000| Untracked |  0
| 291|0x0000000093700000, 0x0000000093700000, 0x0000000093800000|  0%| F|  |TAMS 0x0000000093700000| PB 0x0000000093700000| Untracked |  0
| 292|0x0000000093800000, 0x0000000093800000, 0x0000000093900000|  0%| F|  |TAMS 0x0000000093800000| PB 0x0000000093800000| Untracked |  0
| 293|0x0000000093900000, 0x0000000093a00000, 0x0000000093a00000|100%| E|CS|TAMS 0x0000000093900000| PB 0x0000000093900000| Complete |  0
|2004|0x00000000fe800000, 0x00000000fe800000, 0x00000000fe900000|  0%| F|  |TAMS 0x00000000fe800000| PB 0x00000000fe800000| Untracked |  0
|2005|0x00000000fe900000, 0x00000000fe900000, 0x00000000fea00000|  0%| F|  |TAMS 0x00000000fe900000| PB 0x00000000fe900000| Untracked |  0
|2006|0x00000000fea00000, 0x00000000fea00000, 0x00000000feb00000|  0%| F|  |TAMS 0x00000000fea00000| PB 0x00000000fea00000| Untracked |  0
|2007|0x00000000feb00000, 0x00000000feb00000, 0x00000000fec00000|  0%| F|  |TAMS 0x00000000feb00000| PB 0x00000000feb00000| Untracked |  0
|2008|0x00000000fec00000, 0x00000000fec00000, 0x00000000fed00000|  0%| F|  |TAMS 0x00000000fec00000| PB 0x00000000fec00000| Untracked |  0
|2009|0x00000000fed00000, 0x00000000fee00000, 0x00000000fee00000|100%| E|  |TAMS 0x00000000fed00000| PB 0x00000000fed00000| Complete |  0
|2010|0x00000000fee00000, 0x00000000fef00000, 0x00000000fef00000|100%| E|CS|TAMS 0x00000000fee00000| PB 0x00000000fee00000| Complete |  0
|2011|0x00000000fef00000, 0x00000000ff000000, 0x00000000ff000000|100%| E|CS|TAMS 0x00000000fef00000| PB 0x00000000fef00000| Complete |  0
|2012|0x00000000ff000000, 0x00000000ff100000, 0x00000000ff100000|100%| E|CS|TAMS 0x00000000ff000000| PB 0x00000000ff000000| Complete |  0
|2013|0x00000000ff100000, 0x00000000ff200000, 0x00000000ff200000|100%| E|CS|TAMS 0x00000000ff100000| PB 0x00000000ff100000| Complete |  0
|2014|0x00000000ff200000, 0x00000000ff300000, 0x00000000ff300000|100%| E|CS|TAMS 0x00000000ff200000| PB 0x00000000ff200000| Complete |  0
|2015|0x00000000ff300000, 0x00000000ff400000, 0x00000000ff400000|100%| E|CS|TAMS 0x00000000ff300000| PB 0x00000000ff300000| Complete |  0
|2016|0x00000000ff400000, 0x00000000ff500000, 0x00000000ff500000|100%| E|CS|TAMS 0x00000000ff400000| PB 0x00000000ff400000| Complete |  0
|2017|0x00000000ff500000, 0x00000000ff600000, 0x00000000ff600000|100%| E|CS|TAMS 0x00000000ff500000| PB 0x00000000ff500000| Complete |  0
|2018|0x00000000ff600000, 0x00000000ff700000, 0x00000000ff700000|100%| E|CS|TAMS 0x00000000ff600000| PB 0x00000000ff600000| Complete |  0
|2019|0x00000000ff700000, 0x00000000ff800000, 0x00000000ff800000|100%| E|CS|TAMS 0x00000000ff700000| PB 0x00000000ff700000| Complete |  0
|2020|0x00000000ff800000, 0x00000000ff900000, 0x00000000ff900000|100%| E|CS|TAMS 0x00000000ff800000| PB 0x00000000ff800000| Complete |  0
|2021|0x00000000ff900000, 0x00000000ffa00000, 0x00000000ffa00000|100%| E|CS|TAMS 0x00000000ff900000| PB 0x00000000ff900000| Complete |  0
|2022|0x00000000ffa00000, 0x00000000ffb00000, 0x00000000ffb00000|100%| E|CS|TAMS 0x00000000ffa00000| PB 0x00000000ffa00000| Complete |  0
|2023|0x00000000ffb00000, 0x00000000ffc00000, 0x00000000ffc00000|100%| E|CS|TAMS 0x00000000ffb00000| PB 0x00000000ffb00000| Complete |  0
|2024|0x00000000ffc00000, 0x00000000ffd00000, 0x00000000ffd00000|100%| E|CS|TAMS 0x00000000ffc00000| PB 0x00000000ffc00000| Complete |  0
|2025|0x00000000ffd00000, 0x00000000ffe00000, 0x00000000ffe00000|100%| E|CS|TAMS 0x00000000ffd00000| PB 0x00000000ffd00000| Complete |  0
|2026|0x00000000ffe00000, 0x00000000fff00000, 0x00000000fff00000|100%| O|  |TAMS 0x00000000ffe00000| PB 0x00000000ffe00000| Untracked |  0
|2027|0x00000000fff00000, 0x00000000fff24e30, 0x0000000100000000| 14%| O|  |TAMS 0x00000000fff00000| PB 0x00000000fff00000| Untracked |  0

Card table byte_map: [0x000002adf5120000,0x000002adf5520000] _byte_map_base: 0x000002adf4d16000

Marking Bits: (CMBitMap*) 0x000002adec4fd6b0
 Bits: [0x000002adf5520000, 0x000002adf74d0000)

Polling page: 0x000002adea250000

Metaspace:
Metaspace        used 15099K, committed 15360K, reserved 1114112K
 class space     used 1161K, committed 1280K, reserved 1048576K

Usage:
  Non-class:     13.61 MB used.
      Class:      1.13 MB used.
       Both:     14.75 MB used.

Virtual space:
  Non-class space:       64.00 MB reserved,      13.75 MB ( 21%) committed,  1 nodes.
      Class space:        1.00 GB reserved,       1.25 MB ( <1%) committed,  1 nodes.
             Both:        1.06 GB reserved,      15.00 MB (  1%) committed. 

Chunk freelists:
   Non-Class:  1.80 MB
       Class:  14.80 MB
        Both:  16.59 MB

MaxMetaspaceSize: unlimited
CompressedClassSpaceSize: 1.00 GB
Initial GC threshold: 21.00 MB
Current GC threshold: 21.50 MB
CDS: on
 - commit_granule_bytes: 65536.
 - commit_granule_words: 8192.
 - virtual_space_node_default_size: 8388608.
 - enlarge_chunks_in_place: 1.
UseCompressedClassPointers 1, UseCompactObjectHeaders 0
Narrow klass pointer bits 32, Max shift 3
Narrow klass base: 0x0000000038000000, Narrow klass shift: 0
Encoding Range: [0x0000000038000000 - 0x0000000138000000), (4294967296 bytes)
Klass Range:    [0x0000000038010000 - 0x0000000079000000), (1090453504 bytes)
Klass ID Range:  [65536 - 1090519033) (1090453497)
Protection zone: [0x0000000038000000 - 0x0000000038010000), (65536 bytes)


Internal statistics:

num_allocs_failed_limit: 0.
num_arena_births: 192.
num_arena_deaths: 0.
num_vsnodes_births: 2.
num_vsnodes_deaths: 0.
num_space_committed: 239.
num_space_uncommitted: 0.
num_chunks_returned_to_freelist: 0.
num_chunks_taken_from_freelist: 660.
num_chunk_merges: 0.
num_chunk_splits: 486.
num_chunks_enlarged: 376.
num_inconsistent_stats: 0.

CodeHeap 'non-profiled nmethods': size=120064Kb used=2172Kb max_used=2172Kb free=117891Kb
 bounds [0x000002ad87ac0000, 0x000002ad87d30000, 0x000002ad8f000000]
CodeHeap 'profiled nmethods': size=120000Kb used=6092Kb max_used=6092Kb free=113908Kb
 bounds [0x000002ad80000000, 0x000002ad80600000, 0x000002ad87530000]
CodeHeap 'non-nmethods': size=5696Kb used=2357Kb max_used=2427Kb free=3338Kb
 bounds [0x000002ad87530000, 0x000002ad877a0000, 0x000002ad87ac0000]
CodeCache: size=245760Kb, used=10621Kb, max_used=10691Kb, free=235137Kb
 total_blobs=5501, nmethods=3993, adapters=1411, full_count=0
Compilation: enabled, stopped_count=0, restarted_count=0

Compilation events (20 events):
Event: 48.147 Thread 0x000002adf9ad5850 3986       3       com.badlogic.gdx.scenes.scene2d.ui.Table::<init> (6 bytes)
Event: 48.148 Thread 0x000002adf9ad5850 nmethod 3986 0x000002ad805ef408 code [0x000002ad805ef500, 0x000002ad805ef640]
Event: 48.148 Thread 0x000002adf9ad5850 3987       3       com.badlogic.gdx.scenes.scene2d.ui.Table::<init> (104 bytes)
Event: 48.149 Thread 0x000002adf9ad5850 nmethod 3987 0x000002ad805ef708 code [0x000002ad805ef800, 0x000002ad805f0be0]
Event: 48.149 Thread 0x000002adf9ad5850 3990       3       com.badlogic.gdx.scenes.scene2d.Stage::actorRemoved (82 bytes)
Event: 48.149 Thread 0x000002adf9ad5850 nmethod 3990 0x000002ad805f0c08 code [0x000002ad805f0d00, 0x000002ad805f11e8]
Event: 48.149 Thread 0x000002adf9ad5850 3988       3       com.badlogic.gdx.backends.lwjgl3.Lwjgl3GL20::glPixelStorei (6 bytes)
Event: 48.150 Thread 0x000002adf9ad5850 nmethod 3988 0x000002ad805f1208 code [0x000002ad805f1300, 0x000002ad805f1490]
Event: 48.150 Thread 0x000002adf9ad5850 3989       3       org.lwjgl.opengl.GL11::glPixelStorei (6 bytes)
Event: 48.150 Thread 0x000002adf9ad5850 nmethod 3989 0x000002ad805f1508 code [0x000002ad805f1600, 0x000002ad805f1710]
Event: 48.315 Thread 0x000002adf9a54710 3991       4       com.badlogic.gdx.scenes.scene2d.Group::drawDebugChildren (242 bytes)
Event: 48.382 Thread 0x000002adf9a54710 nmethod 3991 0x000002ad87cdc288 code [0x000002ad87cdc380, 0x000002ad87cdecb8]
Event: 48.480 Thread 0x000002adf9ad5850 3992       1       nintendont.amongspirits.ui.game.PauseMenu::access$000 (5 bytes)
Event: 48.480 Thread 0x000002adf9ad5850 nmethod 3992 0x000002ad87cded08 code [0x000002ad87cdee00, 0x000002ad87cdeeb0]
Event: 48.480 Thread 0x000002adf9ad5850 3993       1       nintendont.amongspirits.ui.game.PauseMenu::access$100 (5 bytes)
Event: 48.480 Thread 0x000002adf9ad5850 nmethod 3993 0x000002ad87cdf008 code [0x000002ad87cdf100, 0x000002ad87cdf1b0]
Event: 48.849 Thread 0x000002adf9ad5850 3994       3       com.badlogic.gdx.utils.Array::removeValue (99 bytes)
Event: 48.849 Thread 0x000002adf9ad5850 nmethod 3994 0x000002ad805f1808 code [0x000002ad805f1900, 0x000002ad805f1f28]
Event: 48.849 Thread 0x000002adf9ad5850 3995       3       com.badlogic.gdx.utils.Array::removeIndex (109 bytes)
Event: 48.850 Thread 0x000002adf9ad5850 nmethod 3995 0x000002ad805f1f88 code [0x000002ad805f2080, 0x000002ad805f2fa8]

GC Heap Usage History (20 events):
Event: 1.130 {heap Before GC invocations=0 (full 0):
 garbage-first heap   total reserved 2076672K, committed 133120K, used 29843K [0x0000000081400000, 0x0000000100000000)
  region size 1024K, 28 young (28672K), 0 survivors (0K)
}
Event: 1.135 {heap After GC invocations=1 (full 0):
 garbage-first heap   total reserved 2076672K, committed 133120K, used 3646K [0x0000000081400000, 0x0000000100000000)
  region size 1024K, 3 young (3072K), 3 survivors (3072K)
}
Event: 1.163 {heap Before GC invocations=1 (full 0):
 garbage-first heap   total reserved 2076672K, committed 133120K, used 58942K [0x0000000081400000, 0x0000000100000000)
  region size 1024K, 58 young (59392K), 3 survivors (3072K)
}
Event: 1.166 {heap After GC invocations=2 (full 0):
 garbage-first heap   total reserved 2076672K, committed 133120K, used 3918K [0x0000000081400000, 0x0000000100000000)
  region size 1024K, 3 young (3072K), 3 survivors (3072K)
}
Event: 10.011 {heap Before GC invocations=2 (full 0):
 garbage-first heap   total reserved 2076672K, committed 133120K, used 112462K [0x0000000081400000, 0x0000000100000000)
  region size 1024K, 56 young (57344K), 3 survivors (3072K)
}
Event: 10.014 {heap After GC invocations=3 (full 0):
 garbage-first heap   total reserved 2076672K, committed 133120K, used 7742K [0x0000000081400000, 0x0000000100000000)
  region size 1024K, 5 young (5120K), 5 survivors (5120K)
}
Event: 10.368 {heap Before GC invocations=3 (full 0):
 garbage-first heap   total reserved 2076672K, committed 133120K, used 85566K [0x0000000081400000, 0x0000000100000000)
  region size 1024K, 32 young (32768K), 5 survivors (5120K)
}
Event: 10.380 {heap After GC invocations=4 (full 0):
 garbage-first heap   total reserved 2076672K, committed 133120K, used 14870K [0x0000000081400000, 0x0000000100000000)
  region size 1024K, 10 young (10240K), 10 survivors (10240K)
}
Event: 10.812 {heap Before GC invocations=4 (full 0):
 garbage-first heap   total reserved 2076672K, committed 133120K, used 88598K [0x0000000081400000, 0x0000000100000000)
  region size 1024K, 36 young (36864K), 10 survivors (10240K)
}
Event: 10.831 {heap After GC invocations=5 (full 0):
 garbage-first heap   total reserved 2076672K, committed 133120K, used 31379K [0x0000000081400000, 0x0000000100000000)
  region size 1024K, 10 young (10240K), 10 survivors (10240K)
}
Event: 10.855 {heap Before GC invocations=5 (full 0):
 garbage-first heap   total reserved 2076672K, committed 133120K, used 63123K [0x0000000081400000, 0x0000000100000000)
  region size 1024K, 11 young (11264K), 10 survivors (10240K)
}
Event: 10.863 {heap After GC invocations=6 (full 0):
 garbage-first heap   total reserved 2076672K, committed 133120K, used 46739K [0x0000000081400000, 0x0000000100000000)
  region size 1024K, 0 young (0K), 0 survivors (0K)
}
Event: 10.981 {heap Before GC invocations=6 (full 0):
 garbage-first heap   total reserved 2076672K, committed 133120K, used 131731K [0x0000000081400000, 0x0000000100000000)
  region size 1024K, 50 young (51200K), 0 survivors (0K)
}
Event: 11.010 {heap After GC invocations=7 (full 0):
 garbage-first heap   total reserved 2076672K, committed 325632K, used 93331K [0x0000000081400000, 0x0000000100000000)
  region size 1024K, 7 young (7168K), 7 survivors (7168K)
}
Event: 11.415 {heap Before GC invocations=7 (full 0):
 garbage-first heap   total reserved 2076672K, committed 325632K, used 215187K [0x0000000081400000, 0x0000000100000000)
  region size 1024K, 71 young (72704K), 7 survivors (7168K)
}
Event: 11.449 {heap After GC invocations=8 (full 0):
 garbage-first heap   total reserved 2076672K, committed 325632K, used 127635K [0x0000000081400000, 0x0000000100000000)
  region size 1024K, 17 young (17408K), 17 survivors (17408K)
}
Event: 11.522 {heap Before GC invocations=8 (full 0):
 garbage-first heap   total reserved 2076672K, committed 325632K, used 210579K [0x0000000081400000, 0x0000000100000000)
  region size 1024K, 93 young (95232K), 17 survivors (17408K)
}
Event: 11.569 {heap After GC invocations=9 (full 0):
 garbage-first heap   total reserved 2076672K, committed 325632K, used 180883K [0x0000000081400000, 0x0000000100000000)
  region size 1024K, 12 young (12288K), 12 survivors (12288K)
}
Event: 11.763 {heap Before GC invocations=9 (full 0):
 garbage-first heap   total reserved 2076672K, committed 325632K, used 202387K [0x0000000081400000, 0x0000000100000000)
  region size 1024K, 35 young (35840K), 12 survivors (12288K)
}
Event: 11.778 {heap After GC invocations=10 (full 0):
 garbage-first heap   total reserved 2076672K, committed 325632K, used 195219K [0x0000000081400000, 0x0000000100000000)
  region size 1024K, 9 young (9216K), 9 survivors (9216K)
}

Metaspace Usage History (20 events):
Event: 1.130 {metaspace Before GC invocations=0 (full 0):
 Metaspace       used 6688K, committed 6912K, reserved 1114112K
  class space    used 397K, committed 512K, reserved 1048576K
}
Event: 1.135 {metaspace After GC invocations=1 (full 0):
 Metaspace       used 6688K, committed 6912K, reserved 1114112K
  class space    used 397K, committed 512K, reserved 1048576K
}
Event: 1.163 {metaspace Before GC invocations=1 (full 0):
 Metaspace       used 6692K, committed 6912K, reserved 1114112K
  class space    used 397K, committed 512K, reserved 1048576K
}
Event: 1.166 {metaspace After GC invocations=2 (full 0):
 Metaspace       used 6692K, committed 6912K, reserved 1114112K
  class space    used 397K, committed 512K, reserved 1048576K
}
Event: 10.011 {metaspace Before GC invocations=2 (full 0):
 Metaspace       used 10223K, committed 10432K, reserved 1114112K
  class space    used 779K, committed 896K, reserved 1048576K
}
Event: 10.014 {metaspace After GC invocations=3 (full 0):
 Metaspace       used 10223K, committed 10432K, reserved 1114112K
  class space    used 779K, committed 896K, reserved 1048576K
}
Event: 10.368 {metaspace Before GC invocations=3 (full 0):
 Metaspace       used 10781K, committed 11008K, reserved 1114112K
  class space    used 830K, committed 960K, reserved 1048576K
}
Event: 10.380 {metaspace After GC invocations=4 (full 0):
 Metaspace       used 10781K, committed 11008K, reserved 1114112K
  class space    used 830K, committed 960K, reserved 1048576K
}
Event: 10.812 {metaspace Before GC invocations=4 (full 0):
 Metaspace       used 10812K, committed 11072K, reserved 1114112K
  class space    used 831K, committed 960K, reserved 1048576K
}
Event: 10.831 {metaspace After GC invocations=5 (full 0):
 Metaspace       used 10812K, committed 11072K, reserved 1114112K
  class space    used 831K, committed 960K, reserved 1048576K
}
Event: 10.855 {metaspace Before GC invocations=5 (full 0):
 Metaspace       used 10812K, committed 11072K, reserved 1114112K
  class space    used 831K, committed 960K, reserved 1048576K
}
Event: 10.863 {metaspace After GC invocations=6 (full 0):
 Metaspace       used 10812K, committed 11072K, reserved 1114112K
  class space    used 831K, committed 960K, reserved 1048576K
}
Event: 10.981 {metaspace Before GC invocations=6 (full 0):
 Metaspace       used 10812K, committed 11072K, reserved 1114112K
  class space    used 831K, committed 960K, reserved 1048576K
}
Event: 11.010 {metaspace After GC invocations=7 (full 0):
 Metaspace       used 10812K, committed 11072K, reserved 1114112K
  class space    used 831K, committed 960K, reserved 1048576K
}
Event: 11.415 {metaspace Before GC invocations=7 (full 0):
 Metaspace       used 10813K, committed 11072K, reserved 1114112K
  class space    used 831K, committed 960K, reserved 1048576K
}
Event: 11.449 {metaspace After GC invocations=8 (full 0):
 Metaspace       used 10813K, committed 11072K, reserved 1114112K
  class space    used 831K, committed 960K, reserved 1048576K
}
Event: 11.522 {metaspace Before GC invocations=8 (full 0):
 Metaspace       used 10815K, committed 11072K, reserved 1114112K
  class space    used 831K, committed 960K, reserved 1048576K
}
Event: 11.569 {metaspace After GC invocations=9 (full 0):
 Metaspace       used 10815K, committed 11072K, reserved 1114112K
  class space    used 831K, committed 960K, reserved 1048576K
}
Event: 11.763 {metaspace Before GC invocations=9 (full 0):
 Metaspace       used 12946K, committed 13184K, reserved 1114112K
  class space    used 928K, committed 1088K, reserved 1048576K
}
Event: 11.778 {metaspace After GC invocations=10 (full 0):
 Metaspace       used 12946K, committed 13184K, reserved 1114112K
  class space    used 928K, committed 1088K, reserved 1048576K
}

Dll operation events (15 events):
Event: 0.073 Loaded shared library C:\Users\Kirby\.jdks\openjdk-25\bin\java.dll
Event: 0.274 Loaded shared library C:\Users\Kirby\.jdks\openjdk-25\bin\zip.dll
Event: 0.281 Loaded shared library C:\Users\Kirby\.jdks\openjdk-25\bin\instrument.dll
Event: 0.286 Loaded shared library C:\Users\Kirby\.jdks\openjdk-25\bin\net.dll
Event: 0.288 Loaded shared library C:\Users\Kirby\.jdks\openjdk-25\bin\nio.dll
Event: 0.293 Loaded shared library C:\Users\Kirby\.jdks\openjdk-25\bin\zip.dll
Event: 0.423 Loaded shared library C:\Users\Kirby\.jdks\openjdk-25\bin\jimage.dll
Event: 0.434 Loaded shared library C:\Users\Kirby\.jdks\openjdk-25\bin\extnet.dll
Event: 0.438 Loaded shared library C:\ProgramData\libGDX-temp\libgdxUser_72504843_GDX1_14_0\4c3cbe99\gdx64.dll
Event: 0.543 Loaded shared library C:\Users\Kirby\AppData\Local\Temp\lwjgl_Kirby\3.3.3+5\x64\lwjgl.dll
Event: 0.936 Loaded shared library C:\Users\Kirby\AppData\Local\Temp\lwjgl_Kirby\3.3.3+5\x64\lwjgl_opengl.dll
Event: 9.917 Loaded shared library C:\Users\Kirby\AppData\Local\Temp\libgdxKirby\11105a6b\gdx-bullet64.dll
Event: 11.752 Loaded shared library C:\Users\Kirby\AppData\Local\Temp\lwjgl_Kirby\3.3.3+5\x64\lwjgl_stb.dll
Event: 12.521 Loaded shared library C:\Users\Kirby\AppData\Local\Temp\libgdxKirby\d0673c77\gdx-freetype64.dll
Event: 13.370 Loaded shared library C:\Users\Kirby\.jdks\openjdk-25\bin\verify.dll

Deoptimization events (20 events):
Event: 38.338 Thread 0x000002adec4a3df0 Uncommon trap: trap_request=0xffffff45 fr.pc=0x000002ad87b68f74 relative=0x00000000000000f4
Event: 38.338 Thread 0x000002adec4a3df0 Uncommon trap: reason=unstable_if action=reinterpret pc=0x000002ad87b68f74 method=com.badlogic.gdx.utils.SnapshotArray.end()V @ 18 c2
Event: 38.338 Thread 0x000002adec4a3df0 DEOPT PACKING pc=0x000002ad87b68f74 sp=0x000000b2bfbff240
Event: 38.338 Thread 0x000002adec4a3df0 DEOPT UNPACKING pc=0x000002ad875b8d82 sp=0x000000b2bfbff1d0 mode 2
Event: 48.151 Thread 0x000002adec4a3df0 Uncommon trap: trap_request=0xffffffde fr.pc=0x000002ad87cc4a18 relative=0x0000000000000c98
Event: 48.151 Thread 0x000002adec4a3df0 Uncommon trap: reason=class_check action=maybe_recompile pc=0x000002ad87cc4a18 method=com.badlogic.gdx.scenes.scene2d.Group.drawDebugChildren(Lcom/badlogic/gdx/graphics/glutils/ShapeRenderer;)V @ 63 c2
Event: 48.151 Thread 0x000002adec4a3df0 DEOPT PACKING pc=0x000002ad87cc4a18 sp=0x000000b2bfbff090
Event: 48.151 Thread 0x000002adec4a3df0 DEOPT UNPACKING pc=0x000002ad875b8d82 sp=0x000000b2bfbff058 mode 2
Event: 48.164 Thread 0x000002adec4a3df0 Uncommon trap: trap_request=0xffffffde fr.pc=0x000002ad87cc4a18 relative=0x0000000000000c98
Event: 48.164 Thread 0x000002adec4a3df0 Uncommon trap: reason=class_check action=maybe_recompile pc=0x000002ad87cc4a18 method=com.badlogic.gdx.scenes.scene2d.Group.drawDebugChildren(Lcom/badlogic/gdx/graphics/glutils/ShapeRenderer;)V @ 63 c2
Event: 48.164 Thread 0x000002adec4a3df0 DEOPT PACKING pc=0x000002ad87cc4a18 sp=0x000000b2bfbff090
Event: 48.164 Thread 0x000002adec4a3df0 DEOPT UNPACKING pc=0x000002ad875b8d82 sp=0x000000b2bfbff058 mode 2
Event: 48.180 Thread 0x000002adec4a3df0 Uncommon trap: trap_request=0xffffffde fr.pc=0x000002ad87cc4a18 relative=0x0000000000000c98
Event: 48.180 Thread 0x000002adec4a3df0 Uncommon trap: reason=class_check action=maybe_recompile pc=0x000002ad87cc4a18 method=com.badlogic.gdx.scenes.scene2d.Group.drawDebugChildren(Lcom/badlogic/gdx/graphics/glutils/ShapeRenderer;)V @ 63 c2
Event: 48.180 Thread 0x000002adec4a3df0 DEOPT PACKING pc=0x000002ad87cc4a18 sp=0x000000b2bfbff090
Event: 48.180 Thread 0x000002adec4a3df0 DEOPT UNPACKING pc=0x000002ad875b8d82 sp=0x000000b2bfbff058 mode 2
Event: 48.197 Thread 0x000002adec4a3df0 Uncommon trap: trap_request=0xffffffde fr.pc=0x000002ad87cc4a18 relative=0x0000000000000c98
Event: 48.197 Thread 0x000002adec4a3df0 Uncommon trap: reason=class_check action=maybe_recompile pc=0x000002ad87cc4a18 method=com.badlogic.gdx.scenes.scene2d.Group.drawDebugChildren(Lcom/badlogic/gdx/graphics/glutils/ShapeRenderer;)V @ 63 c2
Event: 48.197 Thread 0x000002adec4a3df0 DEOPT PACKING pc=0x000002ad87cc4a18 sp=0x000000b2bfbff090
Event: 48.197 Thread 0x000002adec4a3df0 DEOPT UNPACKING pc=0x000002ad875b8d82 sp=0x000000b2bfbff058 mode 2

Classes loaded (20 events):
Event: 13.432 Loading class java/security/AlgorithmConstraints
Event: 13.433 Loading class java/security/AlgorithmConstraints done
Event: 13.433 Loading class javax/net/ssl/SSLSocket
Event: 13.433 Loading class javax/net/ssl/SSLSocket done
Event: 13.434 Loading class java/net/ConnectException
Event: 13.434 Loading class java/net/ConnectException done
Event: 13.434 Loading class java/net/SocketTimeoutException
Event: 13.434 Loading class java/io/InterruptedIOException
Event: 13.435 Loading class java/io/InterruptedIOException done
Event: 13.435 Loading class java/net/SocketTimeoutException done
Event: 13.435 Loading class java/lang/StackTraceElement$HashedModules
Event: 13.435 Loading class java/lang/StackTraceElement$HashedModules done
Event: 13.437 Loading class java/lang/Throwable$WrappedPrintStream
Event: 13.438 Loading class java/lang/Throwable$PrintStreamOrWriter
Event: 13.438 Loading class java/lang/Throwable$PrintStreamOrWriter done
Event: 13.438 Loading class java/lang/Throwable$WrappedPrintStream done
Event: 15.011 Loading class java/lang/FdLibm$Acos
Event: 15.012 Loading class java/lang/FdLibm$Acos done
Event: 16.246 Loading class java/lang/FdLibm$Atan
Event: 16.246 Loading class java/lang/FdLibm$Atan done

Classes unloaded (0 events):
No events

Classes redefined (0 events):
No events

Internal exceptions (20 events):
Event: 9.984 Thread 0x000002adf9b024c0 Exception <a 'java/lang/NoSuchMethodError'{0x000000008609b1c0}: 'void java.lang.invoke.Invokers$Holder.invokeExact_MT(java.lang.Object, java.lang.Object, java.lang.Object, java.lang.Object)'> (0x000000008609b1c0) 
thrown [s\open\src\hotspot\share\interpreter\linkResolver.cpp, line 804]
Event: 9.985 Thread 0x000002adf9b024c0 Exception <a 'java/lang/NoSuchMethodError'{0x00000000860aebd8}: 'void java.lang.invoke.DelegatingMethodHandle$Holder.reinvoke_L(java.lang.Object, java.lang.Object, int)'> (0x00000000860aebd8) 
thrown [s\open\src\hotspot\share\interpreter\linkResolver.cpp, line 804]
Event: 9.986 Thread 0x000002adf9b024c0 Exception <a 'java/lang/NoSuchMethodError'{0x00000000860bf018}: 'void java.lang.invoke.Invokers$Holder.invokeExact_MT(java.lang.Object, java.lang.Object, int, java.lang.Object)'> (0x00000000860bf018) 
thrown [s\open\src\hotspot\share\interpreter\linkResolver.cpp, line 804]
Event: 9.994 Thread 0x000002adf9b024c0 Exception <a 'java/lang/NoSuchMethodError'{0x00000000860fd420}: 'float java.lang.invoke.DelegatingMethodHandle$Holder.reinvoke_L(java.lang.Object, java.lang.Object)'> (0x00000000860fd420) 
thrown [s\open\src\hotspot\share\interpreter\linkResolver.cpp, line 804]
Event: 9.995 Thread 0x000002adf9b024c0 Exception <a 'java/lang/NoSuchMethodError'{0x0000000085f16e98}: 'void java.lang.invoke.DelegatingMethodHandle$Holder.reinvoke_L(java.lang.Object, java.lang.Object, float)'> (0x0000000085f16e98) 
thrown [s\open\src\hotspot\share\interpreter\linkResolver.cpp, line 804]
Event: 10.752 Thread 0x000002adec4a3df0 Implicit null exception at 0x000002ad87b92b29 to 0x000002ad87b9458c
Event: 11.684 Thread 0x000002adec4a3df0 Implicit null exception at 0x000002ad87b9788b to 0x000002ad87b9b700
Event: 11.741 Thread 0x000002adf9b024c0 Exception <a 'java/lang/NoSuchMethodError'{0x00000000927a4478}: 'void java.lang.System.load(java.lang.String, java.lang.Class)'> (0x00000000927a4478) 
thrown [s\open\src\hotspot\share\interpreter\linkResolver.cpp, line 804]
Event: 11.744 Thread 0x000002adf9b024c0 Exception <a 'java/lang/NoSuchMethodError'{0x00000000927ac258}: 'void java.lang.System.loadLibrary(java.lang.String, java.lang.Class)'> (0x00000000927ac258) 
thrown [s\open\src\hotspot\share\interpreter\linkResolver.cpp, line 804]
Event: 11.750 Thread 0x000002adf9b024c0 Exception <a 'sun/nio/fs/WindowsException'{0x00000000927c0730}> (0x00000000927c0730) 
thrown [s\open\src\hotspot\share\prims\jni.cpp, line 516]
Event: 11.750 Thread 0x000002adf9b024c0 Exception <a 'sun/nio/fs/WindowsException'{0x00000000927c0ab0}> (0x00000000927c0ab0) 
thrown [s\open\src\hotspot\share\prims\jni.cpp, line 516]
Event: 12.523 Thread 0x000002adec4a3df0 Exception <a 'java/io/FileNotFoundException'{0x0000000093998e20}> (0x0000000093998e20) 
thrown [s\open\src\hotspot\share\prims\jni.cpp, line 516]
Event: 12.616 Thread 0x000002adec4a3df0 Exception <a 'java/io/FileNotFoundException'{0x00000000ffc57970}> (0x00000000ffc57970) 
thrown [s\open\src\hotspot\share\prims\jni.cpp, line 516]
Event: 13.324 Thread 0x000002adec4a3df0 Exception <a 'java/lang/NoSuchMethodError'{0x00000000ff70b268}: 'int java.lang.invoke.DirectMethodHandle$Holder.invokeStatic(java.lang.Object, int, java.lang.Object)'> (0x00000000ff70b268) 
thrown [s\open\src\hotspot\share\interpreter\linkResolver.cpp, line 804]
Event: 13.382 Thread 0x000002adec4a3df0 Exception <a 'java/lang/NoSuchMethodError'{0x00000000ff6380f8}: 'java.lang.Object java.lang.invoke.DirectMethodHandle$Holder.invokeStaticInit(java.lang.Object, int, int, int, int)'> (0x00000000ff6380f8) 
thrown [s\open\src\hotspot\share\interpreter\linkResolver.cpp, line 804]
Event: 13.434 Thread 0x000002adfe6f71f0 Exception <a 'java/net/ConnectException'{0x00000000ff404ec8}: Connection refused: connect> (0x00000000ff404ec8) 
thrown [s\open\src\hotspot\share\prims\jni.cpp, line 534]
Event: 13.436 Thread 0x000002adfe8aafe0 Exception <a 'java/net/ConnectException'{0x00000000ff480578}: Connection refused: connect> (0x00000000ff480578) 
thrown [s\open\src\hotspot\share\prims\jni.cpp, line 534]
Event: 13.533 Thread 0x000002adec4a3df0 Implicit null exception at 0x000002ad87b6f20d to 0x000002ad87b6f3f4
Event: 17.717 Thread 0x000002adec4a3df0 Implicit null exception at 0x000002ad87c58038 to 0x000002ad87c58c04
Event: 17.717 Thread 0x000002adec4a3df0 Implicit null exception at 0x000002ad87c6fad7 to 0x000002ad87c6fbcc

VM Operations (20 events):
Event: 11.903 Executing safepoint VM operation: G1PauseRemark
Event: 11.905 Executing safepoint VM operation: G1PauseRemark done
Event: 11.952 Executing safepoint VM operation: G1PauseCleanup
Event: 11.952 Executing safepoint VM operation: G1PauseCleanup done
Event: 12.511 Executing non-safepoint VM operation: HandshakeAllThreads (Deoptimize)
Event: 12.511 Executing non-safepoint VM operation: HandshakeAllThreads (Deoptimize) done
Event: 12.534 Executing non-safepoint VM operation: HandshakeAllThreads (Deoptimize)
Event: 12.534 Executing non-safepoint VM operation: HandshakeAllThreads (Deoptimize) done
Event: 12.903 Executing non-safepoint VM operation: HandshakeAllThreads (Deoptimize)
Event: 12.904 Executing non-safepoint VM operation: HandshakeAllThreads (Deoptimize) done
Event: 12.917 Executing non-safepoint VM operation: HandshakeAllThreads (Deoptimize)
Event: 12.917 Executing non-safepoint VM operation: HandshakeAllThreads (Deoptimize) done
Event: 12.921 Executing non-safepoint VM operation: HandshakeAllThreads (Deoptimize)
Event: 12.921 Executing non-safepoint VM operation: HandshakeAllThreads (Deoptimize) done
Event: 13.333 Executing non-safepoint VM operation: HandshakeAllThreads (Deoptimize)
Event: 13.333 Executing non-safepoint VM operation: HandshakeAllThreads (Deoptimize) done
Event: 13.334 Executing non-safepoint VM operation: HandshakeAllThreads (Deoptimize)
Event: 13.334 Executing non-safepoint VM operation: HandshakeAllThreads (Deoptimize) done
Event: 13.379 Executing non-safepoint VM operation: HandshakeAllThreads (Deoptimize)
Event: 13.379 Executing non-safepoint VM operation: HandshakeAllThreads (Deoptimize) done

Memory protections (0 events):
No events

Nmethod flushes (0 events):
No events

Events (20 events):
Event: 0.957 Thread 0x000002adf9ad5850 Thread added: 0x000002adff0fa430
Event: 1.785 Thread 0x000002adff0fa430 Thread exited: 0x000002adff0fa430
Event: 1.828 Thread 0x000002adec4a3df0 Thread added: 0x000002adff5c39e0
Event: 7.091 Thread 0x000002adec4a3df0 Thread added: 0x000002adff2b0670
Event: 9.951 Thread 0x000002adec4a3df0 Thread added: 0x000002adf9b024c0
Event: 9.969 Thread 0x000002adf9a54710 Thread added: 0x000002adff647b10
Event: 11.405 Thread 0x000002adff647b10 Thread exited: 0x000002adff647b10
Event: 11.482 Thread 0x000002adf9ad5850 Thread added: 0x000002adff64bb90
Event: 13.116 Thread 0x000002adff64bb90 Thread exited: 0x000002adff64bb90
Event: 13.399 Thread 0x000002adec4a3df0 Thread added: 0x000002adafd4d650
Event: 13.431 Thread 0x000002adafd4d650 Thread added: 0x000002adfe6f71f0
Event: 13.431 Thread 0x000002adafd4d650 Thread added: 0x000002adfe8aafe0
Event: 13.436 Thread 0x000002adfe6f71f0 Thread exited: 0x000002adfe6f71f0
Event: 13.436 Thread 0x000002adfe8aafe0 Thread exited: 0x000002adfe8aafe0
Event: 13.439 Thread 0x000002adafd4d650 Thread exited: 0x000002adafd4d650
Event: 14.898 Thread 0x000002adf9ad5850 Thread added: 0x000002adff64bb90
Event: 15.596 Thread 0x000002adff64bb90 Thread exited: 0x000002adff64bb90
Event: 18.491 Thread 0x000002adf9a54710 Thread added: 0x000002adff647b10
Event: 18.634 Thread 0x000002adff647b10 Thread exited: 0x000002adff647b10
Event: 48.855 Thread 0x000002adf9b024c0 Thread exited: 0x000002adf9b024c0


Dynamic libraries:
0x00007ff6a2380000 - 0x00007ff6a238e000 	C:\Users\Kirby\.jdks\openjdk-25\bin\java.exe
0x00007ffb3c1b0000 - 0x00007ffb3c3a8000 	C:\Windows\SYSTEM32\ntdll.dll
0x00007ffb3a330000 - 0x00007ffb3a3f2000 	C:\Windows\System32\KERNEL32.DLL
0x00007ffb39b70000 - 0x00007ffb39e66000 	C:\Windows\System32\KERNELBASE.dll
0x00007ffb39840000 - 0x00007ffb39940000 	C:\Windows\System32\ucrtbase.dll
0x00007ffb318c0000 - 0x00007ffb318de000 	C:\Users\Kirby\.jdks\openjdk-25\bin\VCRUNTIME140.dll
0x00007ffb34520000 - 0x00007ffb34537000 	C:\Users\Kirby\.jdks\openjdk-25\bin\jli.dll
0x00007ffb3b410000 - 0x00007ffb3b5b1000 	C:\Windows\System32\USER32.dll
0x00007ffb39fd0000 - 0x00007ffb39ff2000 	C:\Windows\System32\win32u.dll
0x00007ffb1f850000 - 0x00007ffb1faeb000 	C:\Windows\WinSxS\amd64_microsoft.windows.common-controls_6595b64144ccf1df_6.0.19041.6456_none_60b8a6cb71f64256\COMCTL32.dll
0x00007ffb3ba30000 - 0x00007ffb3ba5b000 	C:\Windows\System32\GDI32.dll
0x00007ffb3a000000 - 0x00007ffb3a119000 	C:\Windows\System32\gdi32full.dll
0x00007ffb3bd10000 - 0x00007ffb3bdae000 	C:\Windows\System32\msvcrt.dll
0x00007ffb39940000 - 0x00007ffb399dd000 	C:\Windows\System32\msvcp_win.dll
0x00007ffb3a300000 - 0x00007ffb3a32f000 	C:\Windows\System32\IMM32.DLL
0x00007ffb34510000 - 0x00007ffb3451c000 	C:\Users\Kirby\.jdks\openjdk-25\bin\vcruntime140_1.dll
0x00007ffb1ba80000 - 0x00007ffb1bb0d000 	C:\Users\Kirby\.jdks\openjdk-25\bin\msvcp140.dll
0x00007ffaf1350000 - 0x00007ffaf21af000 	C:\Users\Kirby\.jdks\openjdk-25\bin\server\jvm.dll
0x00007ffb3aad0000 - 0x00007ffb3ab81000 	C:\Windows\System32\ADVAPI32.dll
0x00007ffb3b370000 - 0x00007ffb3b40f000 	C:\Windows\System32\sechost.dll
0x00007ffb3bae0000 - 0x00007ffb3bc00000 	C:\Windows\System32\RPCRT4.dll
0x00007ffb3a1a0000 - 0x00007ffb3a1c7000 	C:\Windows\System32\bcrypt.dll
0x00007ffb3ba70000 - 0x00007ffb3badb000 	C:\Windows\System32\WS2_32.dll
0x00007ffb39580000 - 0x00007ffb395cb000 	C:\Windows\SYSTEM32\POWRPROF.dll
0x00007ffb29500000 - 0x00007ffb29527000 	C:\Windows\SYSTEM32\WINMM.dll
0x00007ffb34830000 - 0x00007ffb3483a000 	C:\Windows\SYSTEM32\VERSION.dll
0x00007ffb392b0000 - 0x00007ffb392c2000 	C:\Windows\SYSTEM32\UMPDC.dll
0x00007ffb37690000 - 0x00007ffb376a2000 	C:\Windows\SYSTEM32\kernel.appcore.dll
0x00007ffb2fbc0000 - 0x00007ffb2fbca000 	C:\Users\Kirby\.jdks\openjdk-25\bin\jimage.dll
0x00007ffb247c0000 - 0x00007ffb249c1000 	C:\Windows\SYSTEM32\DBGHELP.DLL
0x00007ffb16db0000 - 0x00007ffb16de4000 	C:\Windows\SYSTEM32\dbgcore.DLL
0x00007ffb399e0000 - 0x00007ffb39a62000 	C:\Windows\System32\bcryptPrimitives.dll
0x00007ffb2fba0000 - 0x00007ffb2fbb0000 	C:\Users\Kirby\.jdks\openjdk-25\bin\instrument.dll
0x00007ffb2fac0000 - 0x00007ffb2fadf000 	C:\Users\Kirby\.jdks\openjdk-25\bin\java.dll
0x00007ffb3a1d0000 - 0x00007ffb3a2fb000 	C:\Windows\System32\ole32.dll
0x00007ffb3bdb0000 - 0x00007ffb3c104000 	C:\Windows\System32\combase.dll
0x00007ffb3ac00000 - 0x00007ffb3b370000 	C:\Windows\System32\SHELL32.dll
0x00007ffb37890000 - 0x00007ffb38035000 	C:\Windows\SYSTEM32\windows.storage.dll
0x00007ffb39120000 - 0x00007ffb3914b000 	C:\Windows\SYSTEM32\Wldp.dll
0x00007ffb3a430000 - 0x00007ffb3a4fd000 	C:\Windows\System32\OLEAUT32.dll
0x00007ffb3bc60000 - 0x00007ffb3bd0d000 	C:\Windows\System32\SHCORE.dll
0x00007ffb3c110000 - 0x00007ffb3c16b000 	C:\Windows\System32\shlwapi.dll
0x00007ffb39770000 - 0x00007ffb39794000 	C:\Windows\SYSTEM32\profapi.dll
0x00007ffb2faa0000 - 0x00007ffb2fab7000 	C:\Users\Kirby\.jdks\openjdk-25\bin\zip.dll
0x00007ffb2fa10000 - 0x00007ffb2fa22000 	C:\Users\Kirby\.jdks\openjdk-25\bin\net.dll
0x00007ffb38e90000 - 0x00007ffb38efa000 	C:\Windows\system32\mswsock.dll
0x00007ffb2a110000 - 0x00007ffb2a126000 	C:\Users\Kirby\.jdks\openjdk-25\bin\nio.dll
0x00007ffb2fb90000 - 0x00007ffb2fb99000 	C:\Users\Kirby\.jdks\openjdk-25\bin\extnet.dll
0x00007ffb1a6f0000 - 0x00007ffb1a717000 	C:\ProgramData\libGDX-temp\libgdxUser_72504843_GDX1_14_0\4c3cbe99\gdx64.dll
0x00007ffb14980000 - 0x00007ffb149fb000 	C:\Users\Kirby\AppData\Local\Temp\lwjgl_Kirby\3.3.3+5\x64\lwjgl.dll
0x00007ffb04470000 - 0x00007ffb046e0000 	C:\Users\Kirby\AppData\Local\Temp\lwjgl_Kirby\3.3.3+5\x64\jemalloc.dll
0x00007ffb12920000 - 0x00007ffb129a2000 	C:\Users\Kirby\AppData\Local\Temp\lwjgl_Kirby\3.3.3+5\x64\glfw.dll
0x00007ffb1ddf0000 - 0x00007ffb1de35000 	C:\Windows\SYSTEM32\dinput8.dll
0x00007ffb251b0000 - 0x00007ffb251c1000 	C:\Windows\SYSTEM32\xinput1_4.dll
0x00007ffb39a70000 - 0x00007ffb39abe000 	C:\Windows\System32\cfgmgr32.dll
0x00007ffb395d0000 - 0x00007ffb39603000 	C:\Windows\SYSTEM32\DEVOBJ.dll
0x00007ffb37390000 - 0x00007ffb373be000 	C:\Windows\SYSTEM32\dwmapi.dll
0x00007ffb302b0000 - 0x00007ffb30402000 	C:\Windows\SYSTEM32\inputhost.dll
0x00007ffb369a0000 - 0x00007ffb36a92000 	C:\Windows\SYSTEM32\CoreMessaging.dll
0x00007ffb34e90000 - 0x00007ffb34f84000 	C:\Windows\SYSTEM32\PROPSYS.dll
0x00007ffb35190000 - 0x00007ffb352e7000 	C:\Windows\SYSTEM32\wintypes.dll
0x00007ffb362c0000 - 0x00007ffb3661b000 	C:\Windows\SYSTEM32\CoreUIComponents.dll
0x00007ffb38a20000 - 0x00007ffb38a53000 	C:\Windows\SYSTEM32\ntmarta.dll
0x00007ffb37180000 - 0x00007ffb3721e000 	C:\Windows\system32\uxtheme.dll
0x00007ffb3b6d0000 - 0x00007ffb3b7e5000 	C:\Windows\System32\MSCTF.dll
0x00007ffb07b70000 - 0x00007ffb07d37000 	C:\Users\Kirby\AppData\Local\Temp\lwjgl_Kirby\3.3.3+5\x64\OpenAL.dll
0x00007ffb3b5c0000 - 0x00007ffb3b669000 	C:\Windows\System32\clbcatq.dll
0x00007ffb34340000 - 0x00007ffb343c5000 	C:\Windows\System32\MMDevApi.dll
0x00007ffb33f70000 - 0x00007ffb340f1000 	C:\Windows\SYSTEM32\AUDIOSES.DLL
0x00007ffb37290000 - 0x00007ffb372a4000 	C:\Windows\SYSTEM32\resourcepolicyclient.dll
0x00007ffb24e30000 - 0x00007ffb24f58000 	C:\Windows\SYSTEM32\opengl32.dll
0x00007ffb28c00000 - 0x00007ffb28c2c000 	C:\Windows\SYSTEM32\GLU32.dll
0x00007ffb33080000 - 0x00007ffb33186000 	C:\Windows\System32\AppXDeploymentClient.dll
0x00007ffaec940000 - 0x00007ffaed9e5000 	C:\Windows\System32\DriverStore\FileRepository\iigd_dch.inf_amd64_51f685305808e3a5\ig9icd64.dll
0x00007ffb38080000 - 0x00007ffb38176000 	C:\Windows\system32\dxgi.dll
0x00007ffb0d820000 - 0x00007ffb0d94c000 	C:\Windows\System32\DriverStore\FileRepository\iigd_dch.inf_amd64_51f685305808e3a5\igdml64.dll
0x00007ffb30760000 - 0x00007ffb30b69000 	C:\Windows\System32\DriverStore\FileRepository\iigd_dch.inf_amd64_51f685305808e3a5\igdgmm64.dll
0x00007ffb2bbf0000 - 0x00007ffb2f384000 	C:\Windows\System32\DriverStore\FileRepository\iigd_dch.inf_amd64_51f685305808e3a5\igc64.dll
0x00007ffb338e0000 - 0x00007ffb3398e000 	C:\Windows\SYSTEM32\mscms.dll
0x00007ffb396f0000 - 0x00007ffb3971e000 	C:\Windows\SYSTEM32\USERENV.dll
0x00007ffb33d90000 - 0x00007ffb33da1000 	C:\Windows\SYSTEM32\ColorAdapterClient.dll
0x00007ffb1dd60000 - 0x00007ffb1dda5000 	C:\Windows\SYSTEM32\icm32.dll
0x00007ffb11d90000 - 0x00007ffb11dee000 	C:\Users\Kirby\AppData\Local\Temp\lwjgl_Kirby\3.3.3+5\x64\lwjgl_opengl.dll
0x00007ffb301b0000 - 0x00007ffb302a9000 	C:\Windows\SYSTEM32\textinputframework.dll
0x00007ffb1c2a0000 - 0x00007ffb1c594000 	C:\Windows\SYSTEM32\uiautomationcore.dll
0x00007ffb39020000 - 0x00007ffb3902c000 	C:\Windows\SYSTEM32\CRYPTBASE.DLL
0x00007ffb2a870000 - 0x00007ffb2a8d6000 	C:\Windows\SYSTEM32\OLEACC.dll
0x00007ffaf75b0000 - 0x00007ffaf79c9000 	C:\Users\Kirby\AppData\Local\Temp\libgdxKirby\11105a6b\gdx-bullet64.dll
0x00007ffb0e9f0000 - 0x00007ffb0ea72000 	C:\Users\Kirby\AppData\Local\Temp\lwjgl_Kirby\3.3.3+5\x64\lwjgl_stb.dll
0x00007ffb0cb90000 - 0x00007ffb0cc4c000 	C:\Users\Kirby\AppData\Local\Temp\libgdxKirby\d0673c77\gdx-freetype64.dll
0x00007ffb29d10000 - 0x00007ffb29d20000 	C:\Users\Kirby\.jdks\openjdk-25\bin\verify.dll
0x00007ffb38bd0000 - 0x00007ffb38c9a000 	C:\Windows\SYSTEM32\DNSAPI.dll
0x00007ffb38b90000 - 0x00007ffb38bcb000 	C:\Windows\SYSTEM32\IPHLPAPI.DLL
0x00007ffb3ba60000 - 0x00007ffb3ba68000 	C:\Windows\System32\NSI.dll
0x00007ffb27c40000 - 0x00007ffb27c4a000 	C:\Windows\System32\rasadhlp.dll
0x00007ffb2b650000 - 0x00007ffb2b6d0000 	C:\Windows\System32\fwpuclnt.dll

JVMTI agents:
C:\Program Files\JetBrains\IntelliJ IDEA 2025.2.2\lib\idea_rt.jar path:C:\Users\Kirby\.jdks\openjdk-25\bin\instrument.dll, loaded, initialized, instrumentlib options:59387

dbghelp: loaded successfully - version: 4.0.5 - missing functions: none
symbol engine: initialized successfully - sym options: 0x614 - pdb path: .;C:\Users\Kirby\.jdks\openjdk-25\bin;C:\Windows\SYSTEM32;C:\Windows\WinSxS\amd64_microsoft.windows.common-controls_6595b64144ccf1df_6.0.19041.6456_none_60b8a6cb71f64256;C:\Users\Kirby\.jdks\openjdk-25\bin\server;C:\ProgramData\libGDX-temp\libgdxUser_72504843_GDX1_14_0\4c3cbe99;C:\Users\Kirby\AppData\Local\Temp\lwjgl_Kirby\3.3.3+5\x64;C:\Windows\System32\DriverStore\FileRepository\iigd_dch.inf_amd64_51f685305808e3a5;C:\Users\Kirby\AppData\Local\Temp\libgdxKirby\11105a6b;C:\Users\Kirby\AppData\Local\Temp\libgdxKirby\d0673c77

VM Arguments:
jvm_args: -javaagent:C:\Program Files\JetBrains\IntelliJ IDEA 2025.2.2\lib\idea_rt.jar=59387 -Dfile.encoding=UTF-8 -Dsun.stdout.encoding=UTF-8 -Dsun.stderr.encoding=UTF-8 
java_command: nintendont.amongspirits.lwjgl3.Lwjgl3Launcher
java_class_path (initial): C:\Users\Kirby\repos\ucab-arceus\game\core\build\classes\java\main;C:\Users\Kirby\.gradle\caches\modules-2\files-2.1\com.badlogicgames.ashley\ashley\1.7.4\21a3a8932919099c4e5006a7d8378dcbe76ef8a5\ashley-1.7.4.jar;C:\Users\Kirby\.gradle\caches\modules-2\files-2.1\com.badlogicgames.gdx-controllers\gdx-controllers-core\2.2.3\82b77d6cb6394420cdd480fc2ab373f7ba5e0e45\gdx-controllers-core-2.2.3.jar;C:\Users\Kirby\.gradle\caches\modules-2\files-2.1\com.badlogicgames.gdx\gdx-bullet\1.14.0\8d2248e9af7b43588c142d47512590de7d377448\gdx-bullet-1.14.0.jar;C:\Users\Kirby\.gradle\caches\modules-2\files-2.1\com.badlogicgames.gdx\gdx-freetype\1.14.0\90299d782fca725677549b88bc1958f968e09bd8\gdx-freetype-1.14.0.jar;C:\Users\Kirby\.gradle\caches\modules-2\files-2.1\com.github.mgsx-dev.gdx-gltf\gltf\0436377df4\77ac0d9f20afa182e0636c74201c696a2060f657\gltf-0436377df4.jar;C:\Users\Kirby\.gradle\caches\modules-2\files-2.1\com.badlogicgames.gdx\gdx\1.14.0\8accfce8d9313d9ddd23a2c9e315179783085ef2\gdx-1.14.0.jar;C:\Users\Kirby\.gradle\caches\modules-2\files-2.1\com.github.MrStahlfelge.gdx-websockets\core\1.9.10.3\667a57cfd21a2598438b4667f7a4e61a2eea14b8\core-1.9.10.3.jar;C:\Users\Kirby\.gradle\caches\modules-2\files-2.1\com.badlogicgames.gdx\gdx-jnigen-loader\2.5.2\f35e90affe07c46b4f5e5958a1a4c1820c4890e2\gdx-jnigen-loader-2.5.2.jar;C:\Users\Kirby\repos\ucab-arceus\game\lwjgl3\build\classes\java\main;C:\Users\Kirby\repos\ucab-arceus\game\lwjgl3\build\resources\main;C:\Users\Kirby\.gradle\caches\modules-2\files-2.1\com.badlogicgames.gdx-controllers\gdx-controllers-desktop\2.2.3\f496535b094461487a71b3f23a17cd7d524de0f5\gdx-controllers-desktop-2.2.3.jar;C:\Users\Kirby\.gradle\caches\modules-2\files-2.1\com.badlogicgames.gdx\gdx-backend-lwjgl3\1.14.0\122cf51d4a3bcd4e14e8fbd16ae2b65f27fe2d57\gdx-backend-lwjgl3-1.14.0.jar;C:\Users\Kirby\.gradle\caches\modules-2\files-2.1\com.badlogicgames.gdx\gdx-bullet-platform\1.14.0\f4b2d51d8c126dad99af8a28568493bc12f3ffd5\gdx-bullet-platform-1.14.0-natives-desktop.jar;C:\Users\Kirby\.gradle\caches\modules-2\files-2.1\com.badlogicgames.gdx\gdx-freetype-platform\1.14.0\f6fa9182df2efab018b7a3378a9a729fd94a19ab\gdx-freetype-platform-1.14.0-natives-desktop.jar;C:\Users\Kirby\.gradle\caches\modules-2\files-2.1\com.badlogicgames.gdx\gdx-lwjgl3-angle\1.14.0\f15d8d7ec09ef7486490f05f098ab57b4d318073\gdx-lwjgl3-angle-1.14.0.jar;C:\Users\Kirby\.gradle\caches\modules-2\files-2.1\com.badlogicgames.gdx\gdx-platform\1.14.0\d0ecc53f2c20576f1ba4ac9ba157cf48f7bd9821\gdx-platform-1.14.0-natives-desktop.jar;C:\Users\Kirby\.gradle\caches\modules-2\files-2.1\com.github.MrStahlfelge.gdx-websockets\common\1.9.10.3\e48aa34e94334ca4884aa8f8ba4066814bceb52d\common-1.9.10.3.jar;C:\Users\Kirby\.gradle\caches\modules-2\files-2.1\com.badlogicgames.jamepad\jamepad\2.0.20.0\55eb0007fd55c9914d106dac3387b9d444572cab\jamepad-2.0.20.0.jar;C:\Users\Kirby\.gradle\caches\modules-2\files-2.1\org.lwjgl\lwjgl-glfw\3.3.3\efa1eb78c5ccd840e9f329717109b5e892d72f8e\lwjgl-glfw-3.3.3.jar;C:\Users\Kirby\.gradle\caches\modules-2\files-2.1\org.lwjgl\lwjgl-glfw\3.3.3\a03684c5e4b1b1dbbe0d29dbbdc27b985b6840f2\lwjgl-glfw-3.3.3-natives-linux.jar;C:\Users\Kirby\.gradle\caches\modules-2\files-2.1\org.lwjgl\lwjgl-glfw\3.3.3\d9af485c32545b37dd5359b163161d42d7534dcf\lwjgl-glfw-3.3.3-natives-linux-arm32.jar;C:\Users\Kirby\.gradle\caches\modules-2\files-2.1\org.lwjgl\lwjgl-glfw\3.3.3\492a0f11f85b85899a6568f07511160c1b87cd38\lwjgl-glfw-3.3.3-natives-linux-arm64.jar;C:\Users\Kirby\.gradle\caches\modules-2\files-2.1\org.lwjgl\lwjgl-glfw\3.3.3\a1bf400f6bc64e6195596cb1430dafda46090751\lwjgl-glfw-3.3.3-natives-macos.jar;C:\Users\Kirby\.gradle\caches\modules-2\files-2.1\org.lwjgl\lwjgl-glfw\3.3.3\ee8cc78d0a4a5b3b4600fade6d927c9fc320c858\lwjgl-glfw-3.3.3-natives-macos-arm64.jar;C:\Users\Kirby\.gradle\caches\modules-2\files-2.1\org.lwjgl\lwjgl-glfw\3.3.3\e449e28b4891fc423c54c85fbc5bb0b9efece67a\lwjgl-glfw-3.3.3-natives-windows.jar;C:\Users\Kirby\.gradle\caches\modules-2\files-2.1\org.lwjgl\lwjgl-glfw\3.3.3\32334f3fd5270a59bad9939a93115acb6de36dcf\lwjgl-glfw-3.3.3-natives-windows-x86.jar;C:\Users\Kirby\.gradle\caches\modules-2\files-2.1\org.lwjgl\lwjgl-jemalloc\3.3.3\b543467b7ff3c6920539a88ee602d34098628be5\lwjgl-jemalloc-3.3.3.jar;C:\Users\Kirby\.gradle\caches\modules-2\files-2.1\org.lwjgl\lwjgl-jemalloc\3.3.3\4f86728bf449b1dd61251c4e0ac01df1389cb51e\lwjgl-jemalloc-3.3.3-natives-linux.jar;C:\Users\Kirby\.gradle\caches\modules-2\files-2.1\org.lwjgl\lwjgl-jemalloc\3.3.3\109b6931880d02d4e65ced38928a16e41d19873e\lwjgl-jemalloc-3.3.3-natives-linux-arm32.jar;C:\Users\Kirby\.gradle\caches\modules-2\files-2.1\org.lwjgl\lwjgl-jemalloc\3.3.3\eff8b86798191192fe2cba2dc2776109f30c239d\lwjgl-jemalloc-3.3.3-natives-linux-arm64.jar;C:\Users\Kirby\.gradle\caches\modules-2\files-2.1\org.lwjgl\lwjgl-jemalloc\3.3.3\2906637657a57579847238c9c72d2c4bde7083f8\lwjgl-jemalloc-3.3.3-natives-macos.jar;C:\Users\Kirby\.gradle\caches\modules-2\files-2.1\org.lwjgl\lwjgl-jemalloc\3.3.3\e9412c3ff8cb3a3bad1d3f52909ad74d8a5bdad1\lwjgl-jemalloc-3.3.3-natives-macos-arm64.jar;C:\Users\Kirby\.gradle\caches\modules-2\files-2.1\org.lwjgl\lwjgl-jemalloc\3.3.3\426222fc027602a5f21b9c0fe79cde6a4c7a011f\lwjgl-jemalloc-3.3.3-natives-windows.jar;C:\Users\Kirby\.gradle\caches\modules-2\files-2.1\org.lwjgl\lwjgl-jemalloc\3.3.3\f6063b6e0f23be483c5c88d84ce51b39dc69126c\lwjgl-jemalloc-3.3.3-natives-windows-x86.jar;C:\Users\Kirby\.gradle\caches\modules-2\files-2.1\org.lwjgl\lwjgl-openal\3.3.3\daada81ceb5fc0c291fbfdd4433cb8d9423577f2\lwjgl-openal-3.3.3.jar;C:\Users\Kirby\.gradle\caches\modules-2\files-2.1\org.lwjgl\lwjgl-openal\3.3.3\3037360cc4595079bea240af250b6d1a527e0905\lwjgl-openal-3.3.3-natives-linux.jar;C:\Users\Kirby\.gradle\caches\modules-2\files-2.1\org.lwjgl\lwjgl-openal\3.3.3\e1702aa09d20359d6cf5cb2999fa7685a785eca7\lwjgl-openal-3.3.3-natives-linux-arm32.jar;C:\Users\Kirby\.gradle\caches\modules-2\files-2.1\org.lwjgl\lwjgl-openal\3.3.3\ad8f302118a65bb8d615f8a2a680db58fb8f835e\lwjgl-openal-3.3.3-natives-linux-arm64.jar;C:\Users\Kirby\.gradle\caches\modules-2\files-2.1\org.lwjgl\lwjgl-openal\3.3.3\8df8338bfa77f2ebabef4e58964bd04d24805cbf\lwjgl-openal-3.3.3-natives-macos.jar;C:\Users\Kirby\.gradle\caches\modules-2\files-2.1\org.lwjgl\lwjgl-openal\3.3.3\c78b078de2fb52f45aa55d04db889a560f3544f\lwjgl-openal-3.3.3-natives-macos-arm64.jar;C:\Users\Kirby\.gradle\caches\modules-2\files-2.1\org.lwjgl\lwjgl-openal\3.3.3\cf83862ae95d98496b26915024c7e666d8ab1c8f\lwjgl-openal-3.3.3-natives-windows.jar;C:\Users\Kirby\.gradle\caches\modules-2\files-2.1\org.lwjgl\lwjgl-openal\3.3.3\87b8d5050e3adb46bb58fe1cb2669a4a48fce10d\lwjgl-openal-3.3.3-natives-windows-x86.jar;C:\Users\Kirby\.gradle\caches\modules-2\files-2.1\org.lwjgl\lwjgl-opengl\3.3.3\2f6b0147078396a58979125a4c947664e98293a\lwjgl-opengl-3.3.3.jar;C:\Users\Kirby\.gradle\caches\modules-2\files-2.1\org.lwjgl\lwjgl-opengl\3.3.3\62c70a4b00ca5391882b0f4b787c1588d24f1c86\lwjgl-opengl-3.3.3-natives-linux.jar;C:\Users\Kirby\.gradle\caches\modules-2\files-2.1\org.lwjgl\lwjgl-opengl\3.3.3\dbba17fc5ac0985d14a57c11f9537617d67b9952\lwjgl-opengl-3.3.3-natives-linux-arm32.jar;C:\Users\Kirby\.gradle\caches\modules-2\files-2.1\org.lwjgl\lwjgl-opengl\3.3.3\2096f6b94b2d68745d858fbfe53aacf5f0c8074c\lwjgl-opengl-3.3.3-natives-linux-arm64.jar;C:\Users\Kirby\.gradle\caches\modules-2\files-2.1\org.lwjgl\lwjgl-opengl\3.3.3\1bd45997551ae8a28469f3a2b678f4b7289e12c0\lwjgl-opengl-3.3.3-natives-macos.jar;C:\Users\Kirby\.gradle\caches\modules-2\files-2.1\org.lwjgl\lwjgl-opengl\3.3.3\d213ddef27637b1af87961ffa94d6b27036becc8\lwjgl-opengl-3.3.3-natives-macos-arm64.jar;C:\Users\Kirby\.gradle\caches\modules-2\files-2.1\org.lwjgl\lwjgl-opengl\3.3.3\e6c1eec8be8a71951b830a4d69efc01c6531900c\lwjgl-opengl-3.3.3-natives-windows.jar;C:\Users\Kirby\.gradle\caches\modules-2\files-2.1\org.lwjgl\lwjgl-opengl\3.3.3\d32d833dcaa2f355a886eaf21f0408b5f03241d\lwjgl-opengl-3.3.3-natives-windows-x86.jar;C:\Users\Kirby\.gradle\caches\modules-2\files-2.1\org.lwjgl\lwjgl-stb\3.3.3\25dd6161988d7e65f71d5065c99902402ee32746\lwjgl-stb-3.3.3.jar;C:\Users\Kirby\.gradle\caches\modules-2\files-2.1\org.lwjgl\lwjgl-stb\3.3.3\fd1271ccd9d85eff2fa31f3fd543e02ccfaf5041\lwjgl-stb-3.3.3-natives-linux.jar;C:\Users\Kirby\.gradle\caches\modules-2\files-2.1\org.lwjgl\lwjgl-stb\3.3.3\1ae28ff044699ff29b0e980ffabd73fba8a664b3\lwjgl-stb-3.3.3-natives-linux-arm32.jar;C:\Users\Kirby\.gradle\caches\modules-2\files-2.1\org.lwjgl\lwjgl-stb\3.3.3\ddc177afc2be1ee8d93684b11363b80589a13fe1\lwjgl-stb-3.3.3-natives-linux-arm64.jar;C:\Users\Kirby\.gradle\caches\modules-2\files-2.1\org.lwjgl\lwjgl-stb\3.3.3\472792c98fb2c1557c060cb9da5fca6a9773621f\lwjgl-stb-3.3.3-natives-macos.jar;C:\Users\Kirby\.gradle\caches\modules-2\files-2.1\org.lwjgl\lwjgl-stb\3.3.3\51c6955571fbcdb7bb538c6aa589b953b584c6af\lwjgl-stb-3.3.3-natives-macos-arm64.jar;C:\Users\Kirby\.gradle\caches\modules-2\files-2.1\org.lwjgl\lwjgl-stb\3.3.3\1d9facdf6541de114b0f963be33505b7679c78cb\lwjgl-stb-3.3.3-natives-windows.jar;C:\Users\Kirby\.gradle\caches\modules-2\files-2.1\org.lwjgl\lwjgl-stb\3.3.3\b5c874687b9aac1a936501d4ed2c49567fd1b575\lwjgl-stb-3.3.3-natives-windows-x86.jar;C:\Users\Kirby\.gradle\caches\modules-2\files-2.1\org.lwjgl\lwjgl\3.3.3\29589b5f87ed335a6c7e7ee6a5775f81f97ecb84\lwjgl-3.3.3.jar;C:\Users\Kirby\.gradle\caches\modules-2\files-2.1\org.lwjgl\lwjgl\3.3.3\1713758e3660ba66e1e954396fd18126038b33c0\lwjgl-3.3.3-natives-linux.jar;C:\Users\Kirby\.gradle\caches\modules-2\files-2.1\org.lwjgl\lwjgl\3.3.3\2075c51a80f0ef0f22ba616ba54007ac2b0debd4\lwjgl-3.3.3-natives-linux-arm32.jar;C:\Users\Kirby\.gradle\caches\modules-2\files-2.1\org.lwjgl\lwjgl\3.3.3\f35d8b6ffe1ac1e3a5eb1d4e33de80f044ad5fd8\lwjgl-3.3.3-natives-linux-arm64.jar;C:\Users\Kirby\.gradle\caches\modules-2\files-2.1\org.lwjgl\lwjgl\3.3.3\33a6efa288390490ce6eb6c3df47ac21ecf648cf\lwjgl-3.3.3-natives-macos.jar;C:\Users\Kirby\.gradle\caches\modules-2\files-2.1\org.lwjgl\lwjgl\3.3.3\226246e75f6bd8d4e1895bdce8638ef87808d114\lwjgl-3.3.3-natives-macos-arm64.jar;C:\Users\Kirby\.gradle\caches\modules-2\files-2.1\org.lwjgl\lwjgl\3.3.3\a5ed18a2b82fc91b81f40d717cb1f64c9dcb0540\lwjgl-3.3.3-natives-windows.jar;C:\Users\Kirby\.gradle\caches\modules-2\files-2.1\org.lwjgl\lwjgl\3.3.3\9e670718e050aeaeea0c2d5b907cffb142f2e58f\lwjgl-3.3.3-natives-windows-x86.jar;C:\Users\Kirby\.gradle\caches\modules-2\files-2.1\com.badlogicgames.jlayer\jlayer\1.0.1-gdx\7cca83cec5c1b2f011362f4d85aabd71a73b049d\jlayer-1.0.1-gdx.jar;C:\Users\Kirby\.gradle\caches\modules-2\files-2.1\org.jcraft\jorbis\0.0.17\8872d22b293e8f5d7d56ff92be966e6dc28ebdc6\jorbis-0.0.17.jar;C:\Users\Kirby\.gradle\caches\modules-2\files-2.1\org.lwjgl\lwjgl-opengles\3.3.3\b3a29ff95bdb320122839741a3723338e6ecfa28\lwjgl-opengles-3.3.3.jar;C:\Users\Kirby\.gradle\caches\modules-2\files-2.1\org.lwjgl\lwjgl-opengles\3.3.3\d59211c8746d50cfb610bd38f8d817a94fbdf013\lwjgl-opengles-3.3.3-natives-linux.jar;C:\Users\Kirby\.gradle\caches\modules-2\files-2.1\org.lwjgl\lwjgl-opengles\3.3.3\8b0c02692d6f869dee1060f290fd157f05dfa999\lwjgl-opengles-3.3.3-natives-linux-arm32.jar;C:\Users\Kirby\.gradle\caches\modules-2\files-2.1\org.lwjgl\lwjgl-opengles\3.3.3\af05595560d4ae6117242ca051e5ae4f27aea9e3\lwjgl-opengles-3.3.3-natives-linux-arm64.jar;C:\Users\Kirby\.gradle\caches\modules-2\files-2.1\org.lwjgl\lwjgl-opengles\3.3.3\d6a20b1f204e48989d994923f4f5131c55424844\lwjgl-opengles-3.3.3-natives-macos.jar;C:\Users\Kirby\.gradle\caches\modules-2\files-2.1\org.lwjgl\lwjgl-opengles\3.3.3\5aeb20635f6d20f2f7f69fe9c05cab831e574b8c\lwjgl-opengles-3.3.3-natives-macos-arm64.jar;C:\Users\Kirby\.gradle\caches\modules-2\files-2.1\org.lwjgl\lwjgl-opengles\3.3.3\22939720fc2737b419dd52db84b8c56bcfab3aac\lwjgl-opengles-3.3.3-natives-windows.jar;C:\Users\Kirby\.gradle\caches\modules-2\files-2.1\org.lwjgl\lwjgl-opengles\3.3.3\331b739ab66790449888e553052ecb051f37ad3f\lwjgl-opengles-3.3.3-natives-windows-x86.jar;C:\Users\Kirby\.gradle\caches\modules-2\files-2.1\org.lwjgl\lwjgl-egl\3.3.3\2f0d613e3f769577548f08b11ae9b7571980aeb1\lwjgl-egl-3.3.3.jar;C:\Users\Kirby\.gradle\caches\modules-2\files-2.1\com.neovisionaries\nv-websocket-client\2.10\4309de0f0ba90e77f14bf9dd1a43c163d9541e70\nv-websocket-client-2.10.jar
Launcher Type: SUN_STANDARD

[Global flags]
     intx CICompilerCount                          = 3                                         {product} {ergonomic}
     uint ConcGCThreads                            = 1                                         {product} {ergonomic}
     uint G1ConcRefinementThreads                  = 4                                         {product} {ergonomic}
   size_t G1HeapRegionSize                         = 1048576                                   {product} {ergonomic}
   size_t InitialHeapSize                          = 134217728                                 {product} {ergonomic}
   size_t MarkStackSize                            = 4194304                                   {product} {ergonomic}
   size_t MarkStackSizeMax                         = 536870912                                 {product} {ergonomic}
   size_t MaxHeapSize                              = 2126512128                                {product} {ergonomic}
   size_t MaxNewSize                               = 1275068416                                {product} {ergonomic}
   size_t MinHeapDeltaBytes                        = 1048576                                   {product} {ergonomic}
   size_t MinHeapSize                              = 8388608                                   {product} {ergonomic}
    uintx NonNMethodCodeHeapSize                   = 5832704                                {pd product} {ergonomic}
    uintx NonProfiledCodeHeapSize                  = 122945536                              {pd product} {ergonomic}
    uintx ProfiledCodeHeapSize                     = 122880000                              {pd product} {ergonomic}
    uintx ReservedCodeCacheSize                    = 251658240                              {pd product} {ergonomic}
     bool SegmentedCodeCache                       = true                                      {product} {ergonomic}
   size_t SoftMaxHeapSize                          = 2126512128                             {manageable} {ergonomic}
     bool UseCompressedOops                        = true                           {product lp64_product} {ergonomic}
     bool UseG1GC                                  = true                                      {product} {ergonomic}
     bool UseLargePagesIndividualAllocation        = false                                  {pd product} {ergonomic}

Logging:
Log output configuration:
 #0: stdout all=warning uptime,level,tags foldmultilines=false
 #1: stderr all=off uptime,level,tags foldmultilines=false

Release file:
IMPLEMENTOR="Oracle Corporation" 
JAVA_RUNTIME_VERSION="25+36-3489" 
JAVA_VERSION="25" 
JAVA_VERSION_DATE="2025-09-16" 
LIBC="default" 
MODULES="java.base java.compiler java.datatransfer java.xml java.prefs java.desktop java.instrument java.logging java.management java.security.sasl java.naming java.rmi java.management.rmi java.net.http java.scripting java.security.jgss java.transaction.xa java.sql java.sql.rowset java.xml.crypto java.se java.smartcardio jdk.accessibility jdk.internal.jvmstat jdk.attach jdk.charsets jdk.internal.opt jdk.zipfs jdk.compiler jdk.crypto.cryptoki jdk.crypto.ec jdk.crypto.mscapi jdk.dynalink jdk.internal.ed jdk.editpad jdk.internal.vm.ci jdk.graal.compiler jdk.graal.compiler.management jdk.hotspot.agent jdk.httpserver jdk.incubator.vector jdk.internal.le jdk.internal.md jdk.jartool jdk.javadoc jdk.jcmd jdk.management jdk.management.agent jdk.jconsole jdk.jdeps jdk.jdwp.agent jdk.jdi jdk.jfr jdk.jlink jdk.jpackage jdk.jshell jdk.jsobject jdk.jstatd jdk.localedata jdk.management.jfr jdk.naming.dns jdk.naming.rmi jdk.net jdk.nio.mapmode jdk.sctp jdk.security.auth jdk.security.jgss jdk.unsupported jdk.unsupported.desktop jdk.xml.dom" 
OS_ARCH="x86_64" 
OS_NAME="Windows" 
SOURCE=".:git:6c48f4ed707b" 

Environment Variables:
PATH=C:\Program Files\Eclipse Adoptium\jdk-25.0.1.8-hotspot\bin;C:\Windows\system32;C:\Windows;C:\Windows\System32\Wbem;C:\Windows\System32\WindowsPowerShell\v1.0\;C:\Windows\System32\OpenSSH\;C:\Program Files\Microsoft SQL Server\120\Tools\Binn\;C:\Program Files\Git\cmd;C:\Users\Kirby\AppData\Local\Packages\PythonSoftwareFoundation.Python.3.11_qbz5n2kfra8p0\LocalCache\local-packages\Python311\Scripts;C:\ffmpeg\bin;C:\MinGW\bin;C:\Users\Kirby\devlibs;C:\SDL\x86_64-w64-mingw32\include;C:\msys64\ucrt64\bin;C:\Program Files\dotnet\;C:\Program Files (x86)\ZeroTier\One\;C:\Program Files (x86)\dotnet\;C:\Users\Kirby\AppData\Local\Microsoft\WindowsApps;C:\Users\Kirby\platform-tools;C:\Users\Kirby\devlibs;C:\MinGW\bin;C:\msys64\ucrt64\bin;C:\Users\Kirby\AppData\Local\Programs\Microsoft VS Code\bin;C:\Users\Kirby\dev\vcpkg;C:\Program Files\JetBrains\IntelliJ IDEA 2025.2.2\bin;C:\Users\Kirby\AppData\Local\JetBrains\Toolbox\scripts;
USERNAME=Kirby
OS=Windows_NT
PROCESSOR_IDENTIFIER=Intel64 Family 6 Model 94 Stepping 3, GenuineIntel
TMP=C:\Users\Kirby\AppData\Local\Temp
TEMP=C:\Users\Kirby\AppData\Local\Temp




Compilation memory statistics disabled.

Periodic native trim disabled

---------------  S Y S T E M  ---------------

OS:
 Windows 10 , 64 bit Build 19041 (10.0.19041.5915)
OS uptime: 7 days 7:26 hours
Hyper-V role detected

CPU: total 4 (initial active 4) (4 cores per cpu, 1 threads per core) family 6 model 94 stepping 3 microcode 0xcc, cx8, cmov, fxsr, mmx, 3dnowpref, sse, sse2, sse3, ssse3, sse4.1, sse4.2, popcnt, lzcnt, tsc, tscinvbit, avx, avx2, aes, erms, clmul, bmi1, bmi2, rtm, adx, fma, vzeroupper, clflush, clflushopt, hv, rdtscp, f16c
Processor Information for the first 4 processors :
  Max Mhz: 3192, Current Mhz: 3192, Mhz Limit: 3192

Memory: 4k page, system-wide physical 8106M (576M free)
TotalPageFile size 30175M (AvailPageFile size 18764M)
current process WorkingSet (physical memory assigned to process): 822M, peak: 1085M
current process commit charge ("private bytes"): 1046M, peak: 1210M

vm_info: OpenJDK 64-Bit Server VM (25+36-3489) for windows-amd64 JRE (25+36-3489), built on 2025-08-12T17:19:28Z with unknown MS VC++:1943

END.
