#
# A fatal error has been detected by the Java Runtime Environment:
#
#  EXCEPTION_ACCESS_VIOLATION (0xc0000005) at pc=0x00007ffaf23f59ed, pid=8948, tid=8820
#
# JRE version: OpenJDK Runtime Environment (25.0+36) (build 25+36-3489)
# Java VM: OpenJDK 64-Bit Server VM (25+36-3489, mixed mode, sharing, tiered, compressed oops, compressed class ptrs, g1 gc, windows-amd64)
# Problematic frame:
# C  [gdx-bullet64.dll+0x159ed]
#
# No core dump will be written. Minidumps are not enabled by default on client versions of Windows
#
# If you would like to submit a bug report, please visit:
#   https://bugreport.java.com/bugreport/crash.jsp
# The crash happened outside the Java Virtual Machine in native code.
# See problematic frame for where to report the bug.
#

---------------  S U M M A R Y ------------

Command Line: -javaagent:C:\Program Files\JetBrains\IntelliJ IDEA 2025.2.2\lib\idea_rt.jar=58500 -Dfile.encoding=UTF-8 -Dsun.stdout.encoding=UTF-8 -Dsun.stderr.encoding=UTF-8 nintendont.amongspirits.lwjgl3.Lwjgl3Launcher

Host: Intel(R) Core(TM) i5-6500 CPU @ 3.20GHz, 4 cores, 7G,  Windows 10 , 64 bit Build 19041 (10.0.19041.5915)
Time: Mon Jan 19 18:16:45 2026 Venezuela Standard Time elapsed time: 167.779949 seconds (0d 0h 2m 47s)

---------------  T H R E A D  ---------------

Current thread (0x000001d0b3f3adc0):  JavaThread "main"             [_thread_in_native, id=8820, stack(0x000000bb83e00000,0x000000bb83f00000) (1024K)]

Stack: [0x000000bb83e00000,0x000000bb83f00000],  sp=0x000000bb83efea10,  free space=1018k
Native frames: (J=compiled Java code, j=interpreted, Vv=VM code, C=native code)
C  [gdx-bullet64.dll+0x159ed]  (no source info available)
C  [gdx-bullet64.dll+0x91ede]  (no source info available)
C  0x000001d0c3ced193  (no source info available)

The last pc belongs to native method entry point (kind = native) (printed below).
Java frames: (J=compiled Java code, j=interpreted, Vv=VM code)
j  com.badlogic.gdx.physics.bullet.dynamics.DynamicsJNI.delete_btDiscreteDynamicsWorld(J)V+0
j  com.badlogic.gdx.physics.bullet.dynamics.btDiscreteDynamicsWorld.delete()V+25
j  com.badlogic.gdx.physics.bullet.BulletBase.dispose()V+74
j  nintendont.amongspirits.physics.PhysicsWorld.dispose()V+46
j  nintendont.amongspirits.screens.GameScreen.dispose()V+66
j  nintendont.amongspirits.Main.quitGame()V+10
j  nintendont.amongspirits.screens.GameScreen$1.onQuitRequest()V+4
j  nintendont.amongspirits.ui.game.PauseMenu.onQuit()V+11
j  nintendont.amongspirits.ui.game.PauseMenu$$Lambda+0x000000002c0ff498.run()V+4
j  nintendont.amongspirits.ui.game.PauseMenu$2.changed(Lcom/badlogic/gdx/scenes/scene2d/utils/ChangeListener$ChangeEvent;Lcom/badlogic/gdx/scenes/scene2d/Actor;)V+4
j  com.badlogic.gdx.scenes.scene2d.utils.ChangeListener.handle(Lcom/badlogic/gdx/scenes/scene2d/Event;)Z+18
J 3901 c2 com.badlogic.gdx.scenes.scene2d.Actor.notify(Lcom/badlogic/gdx/scenes/scene2d/Event;Z)Z (183 bytes) @ 0x000001d0c445bcf0 [0x000001d0c445bb80+0x0000000000000170]
J 3685 c1 com.badlogic.gdx.scenes.scene2d.Actor.fire(Lcom/badlogic/gdx/scenes/scene2d/Event;)Z (318 bytes) @ 0x000001d0bcd04d1c [0x000001d0bcd04280+0x0000000000000a9c]
j  com.badlogic.gdx.scenes.scene2d.ui.Button.setChecked(ZZ)V+52
j  com.badlogic.gdx.scenes.scene2d.ui.Button$1.clicked(Lcom/badlogic/gdx/scenes/scene2d/InputEvent;FF)V+31
j  com.badlogic.gdx.scenes.scene2d.utils.ClickListener.touchUp(Lcom/badlogic/gdx/scenes/scene2d/InputEvent;FFII)V+108
J 3864 c1 com.badlogic.gdx.scenes.scene2d.InputListener.handle(Lcom/badlogic/gdx/scenes/scene2d/Event;)Z (361 bytes) @ 0x000001d0bcd337b4 [0x000001d0bcd32180+0x0000000000001634]
j  com.badlogic.gdx.scenes.scene2d.Stage.touchUp(IIII)Z+218
j  com.badlogic.gdx.InputMultiplexer.touchUp(IIII)Z+41
J 3982 c2 com.badlogic.gdx.InputEventQueue.drain(Lcom/badlogic/gdx/InputProcessor;)V (379 bytes) @ 0x000001d0c447db9c [0x000001d0c447d7a0+0x00000000000003fc]
J 3984 c2 com.badlogic.gdx.backends.lwjgl3.Lwjgl3Window.update()Z (312 bytes) @ 0x000001d0c447edd8 [0x000001d0c447e720+0x00000000000006b8]
j  com.badlogic.gdx.backends.lwjgl3.Lwjgl3Application.loop()V+120
j  com.badlogic.gdx.backends.lwjgl3.Lwjgl3Application.<init>(Lcom/badlogic/gdx/ApplicationListener;Lcom/badlogic/gdx/backends/lwjgl3/Lwjgl3ApplicationConfiguration;)V+269
j  nintendont.amongspirits.lwjgl3.Lwjgl3Launcher.createApplication()Lcom/badlogic/gdx/backends/lwjgl3/Lwjgl3Application;+17
j  nintendont.amongspirits.lwjgl3.Lwjgl3Launcher.main([Ljava/lang/String;)V+7
v  ~StubRoutines::call_stub 0x000001d0c3ce12ed

siginfo: EXCEPTION_ACCESS_VIOLATION (0xc0000005), reading address 0x000001d0e4dfdf90


Registers:
RAX=0x0000000000000001, RBX=0x000001d0d77be7a0, RCX=0x000001d0fc255130, RDX=0x000001d0b1e40000
RSP=0x000000bb83efea10, RBP=0x00007ffaf2639370, RSI=0x0000000000000001, RDI=0x000001d0e4dfded0
R8 =0x00000000ffffffff, R9 =0x0000000000000001, R10=0x000001d0b1e40000, R11=0x000000bb83efe930
R12=0x000001d0e4dfef00, R13=0x00007ffaf2640730, R14=0x000000bb83efeb40, R15=0x000001d0b3f3adc0
RIP=0x00007ffaf23f59ed, EFLAGS=0x0000000000010202

XMM[0]=0x0000000000000000 0x0000000000000000
XMM[1]=0x0000000000000000 0x0000000000000000
XMM[2]=0x0000000000000000 0x0000000000000000
XMM[3]=0x0000000000000000 0x0000000000000000
XMM[4]=0x0000000000000000 0x0000000000000000
XMM[5]=0x0000000000000000 0x0000000000000000
XMM[6]=0x0000000000000000 0x00000000437d0002
XMM[7]=0x0000000000000000 0x0000000043380000
XMM[8]=0x0000000000000000 0x000000003f800000
XMM[9]=0x0000000000000000 0x0000000044200000
XMM[10]=0x0000000000000000 0x0000000044350000
XMM[11]=0x0000000000000000 0x00000000c2480000
XMM[12]=0x0000000000000000 0x0000000000000000
XMM[13]=0x0000000000000000 0x0000000000000000
XMM[14]=0x0000000000000000 0x0000000000000000
XMM[15]=0x0000000000000000 0x0000000000000000
  MXCSR=0x00001fb3


Register to memory mapping:

RAX=0x0000000000000001 is an unknown value
RBX=0x000001d0d77be7a0 points into unknown readable memory: 0x00007ffaf2699250 | 50 92 69 f2 fa 7f 00 00
RCX=0x000001d0fc255130 points into unknown readable memory: 0x000001d0e4deda50 | 50 da de e4 d0 01 00 00
RDX=0x000001d0b1e40000 points into unknown readable memory: 0x0000000000000000 | 00 00 00 00 00 00 00 00
RSP=0x000000bb83efea10 is pointing into the stack for thread: 0x000001d0b3f3adc0
RBP=0x00007ffaf2639370 gdx-bullet64.dll
RSI=0x0000000000000001 is an unknown value
RDI=0x000001d0e4dfded0 is an unknown value
R8 =0x00000000ffffffff is an unknown heap location
R9 =0x0000000000000001 is an unknown value
R10=0x000001d0b1e40000 points into unknown readable memory: 0x0000000000000000 | 00 00 00 00 00 00 00 00
R11=0x000000bb83efe930 is pointing into the stack for thread: 0x000001d0b3f3adc0
R12=0x000001d0e4dfef00 points into unknown readable memory: 0x000001d0e4deda50 | 50 da de e4 d0 01 00 00
R13=0x00007ffaf2640730 gdx-bullet64.dll
R14=0x000000bb83efeb40 is pointing into the stack for thread: 0x000001d0b3f3adc0
R15=0x000001d0b3f3adc0 is a thread

Top of Stack: (sp=0x000000bb83efea10)
0x000000bb83efea10:   000001d0d1b711b8 0000000000000000   ................
0x000000bb83efea20:   000000bb83efeb18 00007ffaf17c4885   .........H|.....
0x000000bb83efea30:   000001d0d1b711b8 000001d0d1b711b8   ................
0x000000bb83efea40:   0000000000000000 0000000000000ffc   ................
0x000000bb83efea50:   000000bb83efeb18 000001d0d77be7a0   ..........{.....
0x000000bb83efea60:   000001d0d1b711b8 00007ffaf2471ede   ..........G.....
0x000000bb83efea70:   000001d0d1b711b8 000001d0d1b711b8   ................
0x000000bb83efea80:   000001d0d1b711b8 00007ffaf1aa1795   ................
0x000000bb83efea90:   0000000000000000 000001d0c3ced193   ................
0x000000bb83efeaa0:   000000bb83efeb40 000001d0d1b711b8   @...............
0x000000bb83efeab0:   0000000000000000 0000000000000000   ................
0x000000bb83efeac0:   3ff0000000000000 000001d0c3cece6b   .......?k.......
0x000000bb83efead0:   fffffffffffffff7 000001d0d1b711b8   ................
0x000000bb83efeae0:   0000000000000005 000001d0d1bcf110   ................
0x000000bb83efeaf0:   0000000000000000 00000000926051d8   .........Q`.....
0x000000bb83efeb00:   000001d0d1b711b8 0000000000000000   ................
0x000000bb83efeb10:   000000bb83efeb38 000000bb83efeba0   8...............
0x000000bb83efeb20:   000001d0c3ce8b18 00000000926051d8   .........Q`.....
0x000000bb83efeb30:   000001d0c3cea757 000001d0d77be7a0   W.........{.....
0x000000bb83efeb40:   0000000000000000 00007ffaf1aa1795   ................
0x000000bb83efeb50:   0000000092609510 fffffffffffffff5   ..`.............
0x000000bb83efeb60:   000001d0d1bcf7c1 0000000000000002   ................
0x000000bb83efeb70:   000001d0d1bd5250 0000000000000000   PR..............
0x000000bb83efeb80:   0000000092605340 000001d0d1bcf7e8   @S`.............
0x000000bb83efeb90:   fffffffffffffff3 000000bb83efebb0   ................
0x000000bb83efeba0:   000000bb83efec00 000001d0c3ce8b18   ................
0x000000bb83efebb0:   0000000092609510 fffffffffffffff7   ..`.............
0x000000bb83efebc0:   000001d0d1960502 0000000000000002   ................
0x000000bb83efebd0:   000000002c0dff70 0000000000000000   p..,............
0x000000bb83efebe0:   00000000842afdd0 000001d0d1960520   ..*..... .......
0x000000bb83efebf0:   fffffffffffffff6 000000bb83efec10   ................
0x000000bb83efec00:   000000bb83efec60 000001d0c3ce8b18   `...............

Instructions: (pc=0x00007ffaf23f59ed)
  0x00007ffaf23f58ed:   8b 4b 60 48 8d 15 39 ae 24 00 48 8b 6b 28 48 8b
  0x00007ffaf23f58fd:   78 40 48 8b 01 48 8b 40 48 48 39 d0 75 35 48 8b
  0x00007ffaf23f590d:   51 30 49 89 e9 49 89 f0 4c 89 e1 ff d7 4c 89 e9
  0x00007ffaf23f591d:   e8 ee b7 0f 00 4c 89 f1 e8 e6 b7 0f 00 90 48 83
  0x00007ffaf23f592d:   c4 30 5b 5e 5f 5d 41 5c 41 5d 41 5e c3 66 0f 1f
  0x00007ffaf23f593d:   44 00 00 ff d0 48 89 c2 eb c8 4c 89 e9 49 89 c4
  0x00007ffaf23f594d:   e8 be b7 0f 00 4c 89 f1 e8 b6 b7 0f 00 4c 89 e1
  0x00007ffaf23f595d:   e8 be 23 22 00 49 89 c4 eb eb 90 0f 1f 84 00 00
  0x00007ffaf23f596d:   00 00 00 41 55 41 54 55 57 56 53 48 83 ec 28 48
  0x00007ffaf23f597d:   8d 05 cd 38 2a 00 48 89 cb 48 89 01 48 8b 49 18
  0x00007ffaf23f598d:   8b 43 0c 85 c0 0f 8e 98 00 00 00 31 f6 4c 8d 2d
  0x00007ffaf23f599d:   8f ad 24 00 48 8d 2d c8 39 24 00 eb 3f 66 0f 1f
  0x00007ffaf23f59ad:   44 00 00 48 8b 49 30 4c 8b 43 28 48 8b 01 48 8b
  0x00007ffaf23f59bd:   40 50 48 39 e8 75 5a 48 8b 4b 60 4c 89 e2 48 8b
  0x00007ffaf23f59cd:   01 ff 50 18 48 c7 87 c0 00 00 00 00 00 00 00 48
  0x00007ffaf23f59dd:   8b 4b 18 48 83 c6 01 39 73 0c 7e 47 48 8b 3c f1
=>0x00007ffaf23f59ed:   4c 8b a7 c0 00 00 00 4d 85 e4 74 e7 48 8b 4b 60
  0x00007ffaf23f59fd:   48 8b 01 48 8b 40 48 4c 39 e8 74 a7 ff d0 4c 8b
  0x00007ffaf23f5a0d:   43 28 48 89 c1 48 8b 01 48 8b 40 50 48 39 e8 74
  0x00007ffaf23f5a1d:   a6 4c 89 e2 ff d0 4c 8b 43 28 eb 9b 0f 1f 80 00
  0x00007ffaf23f5a2d:   00 00 00 48 85 c9 74 06 80 7b 20 00 75 15 48 83
  0x00007ffaf23f5a3d:   c4 28 5b 5e 5f 5d 41 5c 41 5d c3 0f 1f 84 00 00
  0x00007ffaf23f5a4d:   00 00 00 e8 db cb 0e 00 90 48 83 c4 28 5b 5e 5f
  0x00007ffaf23f5a5d:   5d 41 5c 41 5d c3 90 66 66 2e 0f 1f 84 00 00 00
  0x00007ffaf23f5a6d:   00 00 90 41 54 48 83 ec 20 49 89 cc e8 f2 fe ff
  0x00007ffaf23f5a7d:   ff ba 78 00 00 00 4c 89 e1 48 83 c4 20 41 5c e9
  0x00007ffaf23f5a8d:   af ec 27 00 90 66 66 2e 0f 1f 84 00 00 00 00 00
  0x00007ffaf23f5a9d:   0f 1f 00 41 55 41 54 55 57 56 53 48 81 ec a8 00
  0x00007ffaf23f5aad:   00 00 8b 41 0c 48 89 cb 89 82 ec 00 00 00 48 89
  0x00007ffaf23f5abd:   d6 44 89 c7 44 89 cd 3b 41 10 0f 84 ab 00 00 00
  0x00007ffaf23f5acd:   4c 8b 63 18 48 63 43 0c 4c 8d 6c 24 50 48 8d 54
  0x00007ffaf23f5add:   24 60 4d 89 e9 49 89 34 c4 4c 8d 64 24 40 83 43


Stack slot to memory mapping:

stack at sp + 0 slots: {method} {0x000001d0d1b711c0} 'delete_btDiscreteDynamicsWorld' '(J)V' in 'com/badlogic/gdx/physics/bullet/dynamics/DynamicsJNI'
stack at sp + 1 slots: 0x0 is null
stack at sp + 2 slots: 0x000000bb83efeb18 is pointing into the stack for thread: 0x000001d0b3f3adc0
stack at sp + 3 slots: 0x00007ffaf17c4885 jvm.dll
stack at sp + 4 slots: {method} {0x000001d0d1b711c0} 'delete_btDiscreteDynamicsWorld' '(J)V' in 'com/badlogic/gdx/physics/bullet/dynamics/DynamicsJNI'
stack at sp + 5 slots: {method} {0x000001d0d1b711c0} 'delete_btDiscreteDynamicsWorld' '(J)V' in 'com/badlogic/gdx/physics/bullet/dynamics/DynamicsJNI'
stack at sp + 6 slots: 0x0 is null
stack at sp + 7 slots: 0x0000000000000ffc is an unknown value

Lock stack of current Java thread (top to bottom):
LockStack[0]: com.badlogic.gdx.physics.bullet.dynamics.btDiscreteDynamicsWorld 
{0x0000000092609510} - klass: 'com/badlogic/gdx/physics/bullet/dynamics/btDiscreteDynamicsWorld' - flags: has_finalizer 

 - ---- fields (total size 7 words):
 - private 'refCount' 'I' @12  0 (0x00000000)
 - private 'cPointer' 'J' @16  1996480047008 (0x000001d0d77be7a0)
 - protected 'swigCMemOwn' 'Z' @24  false (0x00)
 - private 'disposed' 'Z' @25  true (0x01)
 - protected 'destroyed' 'Z' @26  false (0x00)
 - public final 'className' 'Ljava/lang/String;' @28  "btDiscreteDynamicsWorld"{0x0000000092606040} (0x92606040)
 - private 'swigCPtr' 'J' @32  1996480047008 (0x000001d0d77be7a0)
 - private 'swigCPtr' 'J' @40  1996480047008 (0x000001d0d77be7a0)
 - private 'swigCPtr' 'J' @48  1996480047008 (0x000001d0d77be7a0)

native method entry point (kind = native)  [0x000001d0c3cecdc0, 0x000001d0c3ced8b8]  2808 bytes
[MachCode]
  0x000001d0c3cecdc0: 488b 4b08 | 0fb7 492e | 584c 8d74 | ccf8 6800 | 0000 0068 | 0000 0000 | 5055 488b | ec41 5548 
  0x000001d0c3cecde0: 8b43 084c | 8d68 3848 | 8b40 0868 | 0000 0000 | 5348 8b50 | 1848 8b52 | 7048 8b12 | 5248 8b53 
  0x000001d0c3cece00: 1048 85d2 | 7407 4881 | c2d0 0000 | 0052 488b | 5010 5249 | 8bc6 482b | c548 c1e8 | 0350 6800 
  0x000001d0c3cece20: 0000 0068 | f7ff ffff | 41c6 87f1 | 0400 0001 | 488b 4310 | 4885 c074 | 208b 8890 | 0000 0083 
  0x000001d0c3cece40: c102 8988 | 9000 0000 | 2388 a400 | 0000 0f84 | b209 0000 | e9cf 0000 | 0048 8b43 | 1848 85c0 
  0x000001d0c3cece60: 0f85 b000 | 0000 e805 | 0000 00e9 | 9900 0000 | 488b d348 | 8d44 2408 | 4c89 6dc0 | 498b cfc5 
  0x000001d0c3cece80: f877 4989 | af38 0400 | 0049 8987 | 2804 0000 | 4883 ec20 | 40f6 c40f | 0f84 1900 | 0000 4883 
  0x000001d0c3cecea0: ec08 48b8 | e01e 7cf1 | fa7f 0000 | ffd0 4883 | c408 e90c | 0000 0048 | b8e0 1e7c | f1fa 7f00 
  0x000001d0c3cecec0: 00ff d048 | 83c4 2049 | c787 2804 | 0000 0000 | 0000 49c7 | 8738 0400 | 0000 0000 | 0049 c787 
  0x000001d0c3cecee0: 3004 0000 | 0000 0000 | c5f8 7749 | 837f 0800 | 0f84 0500 | 0000 e9e5 | 42ff ff4c | 8b6d c04c 
  0x000001d0c3cecf00: 8b75 c84e | 8d74 f500 | c348 8b43 | 1848 85c0 | 0f84 1200 | 0000 8b48 | 0883 c102 | 8948 0823 
  0x000001d0c3cecf20: 482c 0f84 | de08 0000 | 493b a770 | 0500 000f | 8748 0000 | 0089 8424 | 00f0 ffff | 8984 2400 
  0x000001d0c3cecf40: e0ff ff89 | 8424 00d0 | ffff 8984 | 2400 c0ff | ff89 8424 | 00b0 ffff | 8984 2400 | a0ff ff89 
  0x000001d0c3cecf60: 8424 0090 | ffff 8984 | 2400 80ff | ff49 3ba7 | 6805 0000 | 7607 4989 | a770 0500 | 0041 c687 
  0x000001d0c3cecf80: f104 0000 | 0048 8b5d | e84c 8b5b | 0845 0fb7 | 5b2e 41c1 | e303 492b | e348 83ec | 2048 83e4 
  0x000001d0c3cecfa0: f04c 8b5b | 604d 85db | 0f85 ab00 | 0000 e805 | 0000 00e9 | 9900 0000 | 488b d348 | 8d44 2408 
  0x000001d0c3cecfc0: 4c89 6dc0 | 498b cfc5 | f877 4989 | af38 0400 | 0049 8987 | 2804 0000 | 4883 ec20 | 40f6 c40f 
  0x000001d0c3cecfe0: 0f84 1900 | 0000 4883 | ec08 48b8 | 1048 7cf1 | fa7f 0000 | ffd0 4883 | c408 e90c | 0000 0048 
  0x000001d0c3ced000: b810 487c | f1fa 7f00 | 00ff d048 | 83c4 2049 | c787 2804 | 0000 0000 | 0000 49c7 | 8738 0400 
  0x000001d0c3ced020: 0000 0000 | 0049 c787 | 3004 0000 | 0000 0000 | c5f8 7749 | 837f 0800 | 0f84 0500 | 0000 e99d 
  0x000001d0c3ced040: 41ff ff4c | 8b6d c04c | 8b75 c84e | 8d74 f500 | c348 8b5d | e84c 8b5b | 6041 ffd3 | 488b 5de8 
  0x000001d0c3ced060: 4889 4518 | 440f b75b | 2c41 f6c3 | 080f 841b | 0000 004c | 8b5b 084d | 8b5b 084d | 8b5b 184d 
  0x000001d0c3ced080: 8b5b 704d | 8b1b 4c89 | 5d10 488d | 5510 488b | 4358 49ba | 800e b7f1 | fa7f 0000 | 493b c20f 
  0x000001d0c3ced0a0: 85ab 0000 | 00e8 0500 | 0000 e999 | 0000 0048 | 8bd3 488d | 4424 084c | 896d c049 | 8bcf c5f8 
  0x000001d0c3ced0c0: 7749 89af | 3804 0000 | 4989 8728 | 0400 0048 | 83ec 2040 | f6c4 0f0f | 8419 0000 | 0048 83ec 
  0x000001d0c3ced0e0: 0848 b810 | 487c f1fa | 7f00 00ff | d048 83c4 | 08e9 0c00 | 0000 48b8 | 1048 7cf1 | fa7f 0000 
  0x000001d0c3ced100: ffd0 4883 | c420 49c7 | 8728 0400 | 0000 0000 | 0049 c787 | 3804 0000 | 0000 0000 | 49c7 8730 
  0x000001d0c3ced120: 0400 0000 | 0000 00c5 | f877 4983 | 7f08 000f | 8405 0000 | 00e9 a640 | ffff 4c8b | 6dc0 4c8b 
  0x000001d0c3ced140: 75c8 4e8d | 74f5 00c3 | 488b 5de8 | 488b 4358 | 498d 8f48 | 0400 004c | 8d15 d500 | 0000 4d89 
  0x000001d0c3ced160: 9730 0400 | 00c5 f877 | 4989 af38 | 0400 0049 | 89a7 2804 | 0000 41c7 | 87d4 0400 | 0004 0000 
  0x000001d0c3ced180: 0049 3ba7 | c805 0000 | 7607 4989 | a7c8 0500 | 00ff d049 | 3ba7 c805 | 0000 720b | 49c7 87c8 
  0x000001d0c3ced1a0: 0500 0000 | 0000 00c5 | f877 4883 | ec10 c5fb | 1104 2448 | 83ec 1048 | 8904 2448 | c744 2408 
  0x000001d0c3ced1c0: 0000 0000 | 41c7 87d4 | 0400 0005 | 0000 00f0 | 8344 24c0 | 0049 3b6f | 280f 870e | 0000 0041 
  0x000001d0c3ced1e0: 83bf d004 | 0000 000f | 8420 0000 | 0049 8bcf | 4c8b e448 | 83ec 2048 | 83e4 f048 | b840 ac7d 
  0x000001d0c3ced200: f1fa 7f00 | 00ff d049 | 8be4 4d33 | e441 c787 | d404 0000 | 0800 0000 | 4d8b 97f0 | 0500 0049 
  0x000001d0c3ced220: 83fa 0074 | 3549 c787 | f005 0000 | 0000 0000 | 41ff e249 | ba60 bece | c3d0 0100 | 0041 ffd2 
  0x000001d0c3ced240: 4883 ec10 | c5fb 1104 | 2448 83ec | 1048 8904 | 2448 c744 | 2408 0000 | 0000 49c7 | 8728 0400 
  0x000001d0c3ced260: 0000 0000 | 0049 c787 | 3804 0000 | 0000 0000 | 49c7 8730 | 0400 0000 | 0000 00c5 | f877 4d8b 
  0x000001d0c3ced280: 9fb8 0400 | 0041 c783 | 0001 0000 | 0000 0000 | 49bb 5aa7 | cec3 d001 | 0000 4c3b | 5d18 0f85 
  0x000001d0c3ced2a0: 5501 0000 | 488b 0424 | 4883 c410 | 4885 c00f | 842f 0100 | 00a8 030f | 8508 0000 | 0048 8b00 
  0x000001d0c3ced2c0: e91f 0100 | 00a8 010f | 8509 0000 | 0048 8b40 | fee9 0e01 | 0000 488b | 40ff 4180 | 7f48 000f 
  0x000001d0c3ced2e0: 84ff 0000 | 0048 83f8 | 000f 84f5 | 0000 004d | 8b5f 384d | 85db 0f84 | 1400 0000 | 4983 eb08 
  0x000001d0c3ced300: 4d89 5f38 | 4d03 5f40 | 4989 03e9 | d400 0000 | 4883 ec70 | 4889 0424 | 4889 4c24 | 0848 8954 
  0x000001d0c3ced320: 2410 4c89 | 4424 184c | 894c 2420 | 4c89 5424 | 284c 895c | 2430 c5fb | 1144 2440 | c5fb 114c 
  0x000001d0c3ced340: 2448 c5fb | 1154 2450 | c5fb 115c | 2458 c5fb | 1164 2460 | c5fb 116c | 2468 498b | d748 8bc8 
  0x000001d0c3ced360: 4883 ec20 | 40f6 c40f | 0f84 1900 | 0000 4883 | ec08 48b8 | 2076 70f1 | fa7f 0000 | ffd0 4883 
  0x000001d0c3ced380: c408 e90c | 0000 0048 | b820 7670 | f1fa 7f00 | 00ff d048 | 83c4 20c5 | fb10 6c24 | 68c5 fb10 
  0x000001d0c3ced3a0: 6424 60c5 | fb10 5c24 | 58c5 fb10 | 5424 50c5 | fb10 4c24 | 48c5 fb10 | 4424 404c | 8b5c 2430 
  0x000001d0c3ced3c0: 4c8b 5424 | 284c 8b4c | 2420 4c8b | 4424 1848 | 8b54 2410 | 488b 4c24 | 0848 8b04 | 2448 83c4 
  0x000001d0c3ced3e0: 70c5 f877 | 4889 4510 | 4883 ec10 | 4889 0424 | 48c7 4424 | 0800 0000 | 0041 83bf | 5005 0000 
  0x000001d0c3ced400: 020f 85bf | 0000 0048 | 81ec 8000 | 0000 4889 | 4424 7848 | 894c 2470 | 4889 5424 | 6848 895c 
  0x000001d0c3ced420: 2460 4889 | 6c24 5048 | 8974 2448 | 4889 7c24 | 404c 8944 | 2438 4c89 | 4c24 304c | 8954 2428 
  0x000001d0c3ced440: 4c89 5c24 | 204c 8964 | 2418 4c89 | 6c24 104c | 8974 2408 | 4c89 3c24 | 4c8b e448 | 83ec 2048 
  0x000001d0c3ced460: 83e4 f048 | b8f0 f5b6 | f1fa 7f00 | 00ff d049 | 8be4 4c8b | 3c24 4c8b | 7424 084c | 8b6c 2410 
  0x000001d0c3ced480: 4c8b 6424 | 184c 8b5c | 2420 4c8b | 5424 284c | 8b4c 2430 | 4c8b 4424 | 3848 8b7c | 2440 488b 
  0x000001d0c3ced4a0: 7424 4848 | 8b6c 2450 | 488b 5c24 | 6048 8b54 | 2468 488b | 4c24 7048 | 8b44 2478 | 4881 c480 
  0x000001d0c3ced4c0: 0000 004d | 33e4 488b | 5de8 4c8b | 6b08 4d8d | 6d38 4983 | 7f08 000f | 84bb 0000 | 00e8 0500 
  0x000001d0c3ced4e0: 0000 e996 | 0000 0048 | 8d44 2408 | 4c89 6dc0 | 498b cfc5 | f877 4989 | af38 0400 | 0049 8987 
  0x000001d0c3ced500: 2804 0000 | 4883 ec20 | 40f6 c40f | 0f84 1900 | 0000 4883 | ec08 48b8 | 5066 7cf1 | fa7f 0000 
  0x000001d0c3ced520: ffd0 4883 | c408 e90c | 0000 0048 | b850 667c | f1fa 7f00 | 00ff d048 | 83c4 2049 | c787 2804 
  0x000001d0c3ced540: 0000 0000 | 0000 49c7 | 8738 0400 | 0000 0000 | 0049 c787 | 3004 0000 | 0000 0000 | c5f8 7749 
  0x000001d0c3ced560: 837f 0800 | 0f84 0500 | 0000 e971 | 3cff ff4c | 8b6d c04c | 8b75 c84e | 8d74 f500 | c348 b928 
  0x000001d0c3ced580: 08e0 f1fa | 7f00 0048 | 83e4 f048 | b850 8ca3 | f1fa 7f00 | 00ff d0f4 | 440f b75b | 2c41 f6c3 
  0x000001d0c3ced5a0: 200f 8472 | 0100 0048 | 8d55 a84c | 8b5a 084d | 85db 0f85 | bb00 0000 | e805 0000 | 00e9 9600 
  0x000001d0c3ced5c0: 0000 488d | 4424 084c | 896d c049 | 8bcf c5f8 | 7749 89af | 3804 0000 | 4989 8728 | 0400 0048 
  0x000001d0c3ced5e0: 83ec 2040 | f6c4 0f0f | 8419 0000 | 0048 83ec | 0848 b880 | 657c f1fa | 7f00 00ff | d048 83c4 
  0x000001d0c3ced600: 08e9 0c00 | 0000 48b8 | 8065 7cf1 | fa7f 0000 | ffd0 4883 | c420 49c7 | 8728 0400 | 0000 0000 
  0x000001d0c3ced620: 0049 c787 | 3804 0000 | 0000 0000 | 49c7 8730 | 0400 0000 | 0000 00c5 | f877 4983 | 7f08 000f 
  0x000001d0c3ced640: 8405 0000 | 00e9 963b | ffff 4c8b | 6dc0 4c8b | 75c8 4e8d | 74f5 00c3 | 48b9 2808 | e0f1 fa7f 
  0x000001d0c3ced660: 0000 4883 | e4f0 48b8 | 508c a3f1 | fa7f 0000 | ffd0 f44c | 896d c04c | 8b4a 0848 | c742 0800 
  0x000001d0c3ced680: 0000 0045 | 8b87 d806 | 0000 4f3b | 4c07 f80f | 8542 0000 | 0041 83af | d806 0000 | 084f 3b4c 
  0x000001d0c3ced6a0: 07f0 0f84 | 2a00 0000 | 498b 01a8 | 020f 8512 | 0000 004c | 8bc0 4983 | c801 f04d | 0fb1 010f 
  0x000001d0c3ced6c0: 840d 0000 | 0041 8387 | d806 0000 | 08e9 0500 | 0000 e93e | 0000 004c | 894a 0848 | 8bca 4883 
  0x000001d0c3ced6e0: ec20 40f6 | c40f 0f84 | 1900 0000 | 4883 ec08 | 48b8 d037 | 7cf1 fa7f | 0000 ffd0 | 4883 c408 
  0x000001d0c3ced700: e90c 0000 | 0048 b8d0 | 377c f1fa | 7f00 00ff | d048 83c4 | 204c 8b6d | c041 c687 | 9603 0000 
  0x000001d0c3ced720: 0149 3b6f | 280f 8705 | 0000 00e9 | ab00 0000 | 4883 ec10 | c5fb 1104 | 2448 83ec | 1048 8904 
  0x000001d0c3ced740: 2448 c744 | 2408 0000 | 0000 c5f8 | 7749 89af | 3804 0000 | 49ba 4ad7 | cec3 d001 | 0000 4d89 
  0x000001d0c3ced760: 9730 0400 | 0049 89a7 | 2804 0000 | 498b cf48 | 83ec 2040 | f6c4 0f0f | 8419 0000 | 0048 83ec 
  0x000001d0c3ced780: 0848 b870 | 1e7c f1fa | 7f00 00ff | d048 83c4 | 08e9 0c00 | 0000 48b8 | 701e 7cf1 | fa7f 0000 
  0x000001d0c3ced7a0: ffd0 4883 | c420 49c7 | 8728 0400 | 0000 0000 | 0049 c787 | 3804 0000 | 0000 0000 | 49c7 8730 
  0x000001d0c3ced7c0: 0400 0000 | 0000 00c5 | f877 488b | 0424 4883 | c410 c5fb | 1004 2448 | 83c4 1048 | 8b04 2448 
  0x000001d0c3ced7e0: 83c4 10c5 | fb10 0424 | 4883 c410 | 4c8b 5d18 | 41ff d34c | 8b5d f8c9 | 41c6 8796 | 0300 0000 
  0x000001d0c3ced800: 5f49 8be3 | ffe7 ba00 | 0000 00e8 | 0500 0000 | e996 0000 | 0048 8d44 | 2408 4c89 | 6dc0 498b 
  0x000001d0c3ced820: cfc5 f877 | 4989 af38 | 0400 0049 | 8987 2804 | 0000 4883 | ec20 40f6 | c40f 0f84 | 1900 0000 
  0x000001d0c3ced840: 4883 ec08 | 48b8 c02d | 7cf1 fa7f | 0000 ffd0 | 4883 c408 | e90c 0000 | 0048 b8c0 | 2d7c f1fa 
  0x000001d0c3ced860: 7f00 00ff | d048 83c4 | 2049 c787 | 2804 0000 | 0000 0000 | 49c7 8738 | 0400 0000 | 0000 0049 
  0x000001d0c3ced880: c787 3004 | 0000 0000 | 0000 c5f8 | 7749 837f | 0800 0f84 | 0500 0000 | e943 39ff | ff4c 8b6d 
  0x000001d0c3ced8a0: c04c 8b75 | c84e 8d74 | f500 c348 | 8b5d e8e9 | 74f6 ffff | 0f1f 4000 
[/MachCode]

Compiled method (c2) 168104 3901   !   4       com.badlogic.gdx.scenes.scene2d.Actor::notify (183 bytes)
 total in heap  [0x000001d0c445ba88,0x000001d0c445c178] = 1776
 main code      [0x000001d0c445bb80,0x000001d0c445c138] = 1464
 stub code      [0x000001d0c445c138,0x000001d0c445c170] = 56
 oops           [0x000001d0c445c170,0x000001d0c445c178] = 8
 mutable data [0x000001d0f814fbf0,0x000001d0f814fcc0] = 208
 relocation     [0x000001d0f814fbf0,0x000001d0f814fc58] = 104
 metadata       [0x000001d0f814fc58,0x000001d0f814fcc0] = 104
 immutable data [0x000001d0dec87990,0x000001d0dec87ba0] = 528
 dependencies   [0x000001d0dec87990,0x000001d0dec879d0] = 64
 nul chk table  [0x000001d0dec879d0,0x000001d0dec879f0] = 32
 handler table  [0x000001d0dec879f0,0x000001d0dec87a38] = 72
 scopes pcs     [0x000001d0dec87a38,0x000001d0dec87ae8] = 176
 scopes data    [0x000001d0dec87ae8,0x000001d0dec87ba0] = 184

[Constant Pool (empty)]

[MachCode]
[Instructions begin]
  0x000001d0c445bb80: 6690 448b | 5208 443b 

  0x000001d0c445bb88: ;   {runtime_call Shared Runtime ic_miss_blob}
  0x000001d0c445bb88: 5008 0f85 | 502f 8dff 
[Verified Entry Point]
  0x000001d0c445bb90: 8984 2400 | 80ff ff55 | 4883 ec30 | 4181 7f20 | 0800 0000 | 0f85 7d05 | 0000 4889 | 1424 4c89 
  0x000001d0c445bbb0: 4424 0845 | 8b50 1866 | 0f1f 8400 | 0000 0000 | 4585 d20f | 8461 0200 | 0045 85c9 | 7521 448b 
  0x000001d0c445bbd0: 5a3c 418b | 6b0c 85ed | 7530 410f | b640 1048 | 83c4 305d 

  0x000001d0c445bbe4: ;   {poll_return}
  0x000001d0c445bbe4: 493b 6728 | 0f87 2305 | 0000 c344 | 8b5a 40eb | dd66 6666 | 0f1f 8400 | 0000 0000 | 488b 4c24 
  0x000001d0c445bc04: 10e9 8600 | 0000 458b | 4014 4585 | c00f 84b8 | 0100 0045 | 8b53 2441 | 83e1 014c | 8b44 2408 
  0x000001d0c445bc24: 4588 480c | 41ff c245 | 8953 2449 | 8bcb 488b | 5c24 084c | 8d4b 1c41 | 807f 4800 | 0f85 f202 
  0x000001d0c445bc44: 0000 4c8b | c245 8901 | 4d8b d14c | 33d2 49c1 | ea14 0f84 | 1e00 0000 | 4d8b d149 | c1ea 0949 
  0x000001d0c445bc64: b800 607a | cbd0 0100 | 004d 03d0 | 4180 3a02 | 0f85 3603 | 0000 660f | 1f44 0000 | 85ed 0f8e 
  0x000001d0c445bc84: 9600 0000 | 4533 d244 | 895c 241c | 4489 5424 | 1848 894c | 2410 488b | d145 8bc2 

  0x000001d0c445bca0: ;   {optimized virtual_call}
  0x000001d0c445bca0: 6666 90e8 

  0x000001d0c445bca4: ; ImmutableOopMap {[0]=Oop [8]=Oop [16]=Oop [28]=NarrowOop }
                      ;*invokevirtual get {reexecute=0 rethrow=0 return_oop=1}
                      ; - com.badlogic.gdx.scenes.scene2d.Actor::notify@93 (line 193)
  0x000001d0c445bca4: 689d e7ff 

  0x000001d0c445bca8: ;   {post_call_nop}
  0x000001d0c445bca8: 0f1f 8400 | 2002 0000 | 4c8b d044 | 8b40 08be | 0000 002b | 4903 f04c 

  0x000001d0c445bcc0: ;   {metadata('com/badlogic/gdx/scenes/scene2d/EventListener')}
  0x000001d0c445bcc0: 8b5e 2049 | b8d8 1b80 | d1d0 0100 | 004d 3bd8 | 0f85 6f00 | 0000 498b | d24c 8b44 | 2408 6666 
  0x000001d0c445bce0: 9048 b890 | 7ff1 ded0 

  0x000001d0c445bce8: ;   {virtual_call}
  0x000001d0c445bce8: 0100 00e8 

  0x000001d0c445bcec: ; ImmutableOopMap {[0]=Oop [8]=Oop [16]=Oop [28]=NarrowOop }
                      ;*invokeinterface handle {reexecute=0 rethrow=0 return_oop=0}
                      ; - com.badlogic.gdx.scenes.scene2d.Actor::notify@100 (line 193)
  0x000001d0c445bcec: f89f 9aff 

  0x000001d0c445bcf0: ;   {post_call_nop}
  0x000001d0c445bcf0: 0f1f 8400 | 6802 0001 | 0f1f 8400 | 0000 0000 | 85c0 0f85 | b800 0000 | 448b 5424 | 1841 ffc2 
  0x000001d0c445bd10: 443b d50f | 8ce7 feff | ff48 8b4c | 2410 488b | d148 8b2c 

  0x000001d0c445bd24: ;   {optimized virtual_call}
  0x000001d0c445bd24: 2466 90e8 

  0x000001d0c445bd28: ; ImmutableOopMap {rbp=Oop [0]=Oop [8]=Oop }
                      ;*invokevirtual end {reexecute=0 rethrow=0 return_oop=0}
                      ; - com.badlogic.gdx.scenes.scene2d.Actor::notify@119 (line 194)
  0x000001d0c445bd28: 7482 8df8 

  0x000001d0c445bd2c: ;   {post_call_nop}
  0x000001d0c445bd2c: 0f1f 8400 | a402 0002 | 4c8b 5424 | 0841 0fb6 | 4210 6690 | e99a feff 

  0x000001d0c445bd44: ;   {metadata('com/badlogic/gdx/scenes/scene2d/EventListener')}
  0x000001d0c445bd44: ff48 b8d8 | 1b80 d1d0 | 0100 0048 | 33ff 4c8b | 9ea8 0000 | 0049 8bd3 | 48c1 e204 | 0f89 2100 
  0x000001d0c445bd64: 0000 f348 | 0fb8 d248 | 8b5e 2848 | 3b04 d374 | 1549 0fba | e33c 730b | 49c1 cb3b 

  0x000001d0c445bd80: ;   {runtime_call Stub::lookup_secondary_supers_table_slow_path}
  0x000001d0c445bd80: e83e 868b | ffeb 0348 | ffc7 4885 | ff0f 8443 | ffff ffba | deff ffff | 448b 5c24 | 1c44 895c 
  0x000001d0c445bda0: 2410 448b | 4424 1844 | 8944 2414 | 4c89 5424 

  0x000001d0c445bdb0: ;   {runtime_call UncommonTrapBlob}
  0x000001d0c445bdb0: 1866 90e8 

  0x000001d0c445bdb4: ; ImmutableOopMap {[0]=Oop [8]=Oop [16]=NarrowOop [24]=Oop }
                      ;*checkcast {reexecute=0 rethrow=0 return_oop=0}
                      ; - com.badlogic.gdx.scenes.scene2d.Actor::notify@96 (line 193)
  0x000001d0c445bdb4: 28f4 90ff 

  0x000001d0c445bdb8: ;   {post_call_nop}
  0x000001d0c445bdb8: 0f1f 8400 | 3003 0003 | 4c8b 5424 | 0841 c642 | 0e01 e939 | ffff ff44 | 8b52 3448 | 8b7c 2408 
  0x000001d0c445bdd8: 488d 4f14 | 4180 7f48 | 000f 8534 | 0200 0044 | 8911 418b | da4c 8bc1 | 4c33 c349 | c1e8 140f 
  0x000001d0c445bdf8: 8428 0000 | 0048 83fb | 000f 841e | 0000 004c | 8bc1 49c1 | e809 48bb | 0060 7acb | d001 0000 
  0x000001d0c445be18: 4c03 c341 | 8038 020f | 8577 0200 | 00e9 edfd | ffff ba45 | ffff ff41 

  0x000001d0c445be30: ;   {runtime_call UncommonTrapBlob}
  0x000001d0c445be30: 8bea 90e8 

  0x000001d0c445be34: ; ImmutableOopMap {rbp=NarrowOop }
                      ;*ifnonnull {reexecute=1 rethrow=0 return_oop=0}
                      ; - (reexecute) com.badlogic.gdx.scenes.scene2d.Actor::notify@4 (line 181)
  0x000001d0c445be34: a8f3 90ff 

  0x000001d0c445be38: ;   {post_call_nop}
  0x000001d0c445be38: 0f1f 8400 | b003 0004 | baf6 ffff | ff48 8b2c | 2444 890c 

  0x000001d0c445be4c: ;   {runtime_call UncommonTrapBlob}
  0x000001d0c445be4c: 2466 90e8 

  0x000001d0c445be50: ; ImmutableOopMap {rbp=Oop }
                      ;*invokevirtual getTarget {reexecute=0 rethrow=0 return_oop=0}
                      ; - com.badlogic.gdx.scenes.scene2d.Actor::notify@1 (line 181)
  0x000001d0c445be50: 8cf3 90ff 

  0x000001d0c445be54: ;   {post_call_nop}
  0x000001d0c445be54: 0f1f 8400 | cc03 0005 | baf6 ffff | ff48 8b2c | 244c 8904 | 2444 894c 

  0x000001d0c445be6c: ;   {runtime_call UncommonTrapBlob}
  0x000001d0c445be6c: 2408 90e8 

  0x000001d0c445be70: ; ImmutableOopMap {rbp=Oop [0]=Oop }
                      ;*getfield size {reexecute=1 rethrow=0 return_oop=0}
                      ; - (reexecute) com.badlogic.gdx.scenes.scene2d.Actor::notify@34 (line 184)
  0x000001d0c445be70: 6cf3 90ff 

  0x000001d0c445be74: ;   {post_call_nop}
  0x000001d0c445be74: 0f1f 8400 | ec03 0006 | 448b 5008 | 41bb 0000 | 002b 4d03 | da4d 8b53 

  0x000001d0c445be8c: ;   {metadata('java/lang/RuntimeException')}
  0x000001d0c445be8c: 4849 bb78 | bb1d 2b00 | 0000 0066 | 0f1f 8400 | 0000 0000 | 4d3b d30f | 845a 0000 | 0048 8bd0 
  0x000001d0c445beac: e948 0000 | 0044 8b58 | 0841 ba00 | 0000 2b4d | 03d3 4d8b 

  0x000001d0c445bec0: ;   {metadata('java/lang/RuntimeException')}
  0x000001d0c445bec0: 5248 49bb | 78bb 1d2b | 0000 0000 | 4d3b d374 | 3748 8bd0 | eb23 448b | 5808 41ba | 0000 002b 
  0x000001d0c445bee0: 4d03 d34d 

  0x000001d0c445bee4: ;   {metadata('java/lang/RuntimeException')}
  0x000001d0c445bee4: 8b52 4849 | bb78 bb1d | 2b00 0000 | 004d 3bd3 | 7417 488b | d048 83c4 

  0x000001d0c445befc: ;   {runtime_call C2 Runtime rethrow}
  0x000001d0c445befc: 305d e95d | 9391 ff48 | 8be8 eb08 | 488b e8eb | 0348 8be8 | ba95 ffff 

  0x000001d0c445bf14: ;   {runtime_call UncommonTrapBlob}
  0x000001d0c445bf14: ff66 90e8 

  0x000001d0c445bf18: ; ImmutableOopMap {rbp=Oop [0]=Oop }
                      ;*astore {reexecute=0 rethrow=0 return_oop=0}
                      ; - com.badlogic.gdx.scenes.scene2d.Actor::notify@125 (line 195)
  0x000001d0c445bf18: c4f2 90ff 

  0x000001d0c445bf1c: ;   {post_call_nop}
  0x000001d0c445bf1c: 0f1f 8400 | 9404 0007 | baf4 ffff 

  0x000001d0c445bf28: ;   {runtime_call UncommonTrapBlob}
  0x000001d0c445bf28: ff66 90e8 

  0x000001d0c445bf2c: ; ImmutableOopMap {[0]=Oop [8]=Oop [28]=NarrowOop }
                      ;*checkcast {reexecute=0 rethrow=0 return_oop=0}
                      ; - com.badlogic.gdx.scenes.scene2d.Actor::notify@96 (line 193)
  0x000001d0c445bf2c: b0f2 90ff 

  0x000001d0c445bf30: ;   {post_call_nop}
  0x000001d0c445bf30: 0f1f 8400 | a804 0008 | 458b 0149 | 83f8 000f | 8401 fdff | ff4d 8b57 | 384d 85d2 | 0f84 1400 
  0x000001d0c445bf50: 0000 4983 | ea08 4d89 | 5738 4d03 | 5740 4d89 | 02e9 e0fc | ffff 4883 | ec40 4c89 | 5c24 384c 
  0x000001d0c445bf70: 894c 2430 | 4889 4c24 | 2848 8954 | 2420 498b | c849 8bd7 

  0x000001d0c445bf84: ;   {runtime_call}
  0x000001d0c445bf84: 48b8 2076 | 70f1 fa7f | 0000 ffd0 | 488b 5424 | 2048 8b4c | 2428 4c8b | 4c24 304c | 8b5c 2438 
  0x000001d0c445bfa4: c5f8 7748 | 83c4 40e9 | 96fc ffff | f083 4424 | c000 4180 | 3a00 0f84 | bafc ffff | 41c6 0200 
  0x000001d0c445bfc4: 4d8b 4750 | 4d85 c00f | 8414 0000 | 0049 83e8 | 084d 8947 | 504d 0347 | 584d 8910 | e995 fcff 
  0x000001d0c445bfe4: ff48 83ec | 304c 895c | 2428 4889 | 4c24 2049 | 8bca 498b 

  0x000001d0c445bff8: ;   {runtime_call}
  0x000001d0c445bff8: d748 b800 | 7670 f1fa | 7f00 00ff | d048 8b4c | 2420 4c8b | 5c24 28c5 | f877 4883 | c430 e95f 
  0x000001d0c445c018: fcff ff8b | 1948 83fb | 000f 84c0 | fdff ff4d | 8b47 384d | 85c0 0f84 | 1400 0000 | 4983 e808 
  0x000001d0c445c038: 4d89 4738 | 4d03 4740 | 4989 18e9 | 9ffd ffff | 4883 ec50 | 4c89 5424 | 484c 895c | 2440 4c89 
  0x000001d0c445c058: 4c24 3848 | 894c 2430 | 4889 5424 | 2848 8bcb 

  0x000001d0c445c068: ;   {runtime_call}
  0x000001d0c445c068: 498b d748 | b820 7670 | f1fa 7f00 | 00ff d048 | 8b54 2428 | 488b 4c24 | 304c 8b4c | 2438 4c8b 
  0x000001d0c445c088: 5c24 404c | 8b54 2448 | c5f8 7748 | 83c4 50e9 | 4bfd ffff | f083 4424 | c000 4180 | 3800 0f84 
  0x000001d0c445c0a8: 79fd ffff | 41c6 0000 | 498b 5f50 | 4885 db0f | 8414 0000 | 0048 83eb | 0849 895f | 5049 035f 
  0x000001d0c445c0c8: 584c 8903 | e954 fdff | ff48 83ec | 404c 895c | 2438 4c89 | 4c24 3048 | 8954 2428 | 498b c849 
  0x000001d0c445c0e8: ;   {runtime_call}
  0x000001d0c445c0e8: 8bd7 48b8 | 0076 70f1 | fa7f 0000 | ffd0 488b | 5424 284c | 8b4c 2430 | 4c8b 5c24 | 38c5 f877 
  0x000001d0c445c108: 4883 c440 | e914 fdff 

  0x000001d0c445c110: ;   {internal_word}
  0x000001d0c445c110: ff49 bae4 | bb45 c4d0 | 0100 004d | 8997 e004 

  0x000001d0c445c120: ;   {runtime_call SafepointBlob}
  0x000001d0c445c120: 0000 e939 

  0x000001d0c445c124: ;   {runtime_call Stub::method_entry_barrier}
  0x000001d0c445c124: 4e8d ffe8 | d480 8bff | e979 faff | fff4 f4f4 | f4f4 f4f4 
[Stub Code]
  0x000001d0c445c138: ;   {static_stub}
  0x000001d0c445c138: 48bb 0000 | 0000 0000 

  0x000001d0c445c140: ;   {runtime_call nmethod}
  0x000001d0c445c140: 0000 e9fb 

  0x000001d0c445c144: ;   {static_stub}
  0x000001d0c445c144: ffff ff48 | bb00 0000 | 0000 0000 

  0x000001d0c445c150: ;   {runtime_call nmethod}
  0x000001d0c445c150: 00e9 fbff 

  0x000001d0c445c154: ;   {runtime_call ExceptionBlob}
  0x000001d0c445c154: ffff e985 | f390 ffe8 | 0000 0000 | 4883 2c24 

  0x000001d0c445c164: ;   {runtime_call DeoptimizationBlob}
  0x000001d0c445c164: 05e9 f650 | 8dff f4f4 | f4f4 f4f4 
[/MachCode]


Compiled method (c1) 168120 3685   !   3       com.badlogic.gdx.scenes.scene2d.Actor::fire (318 bytes)
 total in heap  [0x000001d0bcd04188,0x000001d0bcd060c8] = 8000
 main code      [0x000001d0bcd04280,0x000001d0bcd05f48] = 7368
 stub code      [0x000001d0bcd05f48,0x000001d0bcd060c0] = 376
 oops           [0x000001d0bcd060c0,0x000001d0bcd060c8] = 8
 mutable data [0x000001d0dec6a430,0x000001d0dec6a708] = 728
 relocation     [0x000001d0dec6a430,0x000001d0dec6a690] = 608
 metadata       [0x000001d0dec6a690,0x000001d0dec6a708] = 120
 immutable data [0x000001d0f7ecf180,0x000001d0f7ecfab8] = 2360
 dependencies   [0x000001d0f7ecf180,0x000001d0f7ecf1c0] = 64
 nul chk table  [0x000001d0f7ecf1c0,0x000001d0f7ecf260] = 160
 handler table  [0x000001d0f7ecf260,0x000001d0f7ecf3c8] = 360
 scopes pcs     [0x000001d0f7ecf3c8,0x000001d0f7ecf718] = 848
 scopes data    [0x000001d0f7ecf718,0x000001d0f7ecfab8] = 928

[Constant Pool (empty)]

[MachCode]
[Instructions begin]
  0x000001d0bcd04280: 6666 660f | 1f84 0000 | 0000 0066 | 6666 9066 | 6690 448b | 5208 443b 

  0x000001d0bcd04298: ;   {runtime_call Shared Runtime ic_miss_blob}
  0x000001d0bcd04298: 5008 0f85 | 40a8 0207 
[Verified Entry Point]
  0x000001d0bcd042a0: 8984 2400 | 80ff ff55 | 4881 eca0 | 0000 0090 | 4181 7f20 | 0800 0000 

  0x000001d0bcd042b8: ;   {runtime_call Stub::method_entry_barrier}
  0x000001d0bcd042b8: 7405 e841 | ff00 0748 | 8954 2438 | 4c89 4424 

  0x000001d0bcd042c8: ;   {metadata(method data for {method} {0x000001d0d1815300} 'fire' '(Lcom/badlogic/gdx/scenes/scene2d/Event;)Z' in 'com/badlogic/gdx/scenes/scene2d/Actor')}
  0x000001d0bcd042c8: 4048 bea0 | c193 d1d0 | 0100 008b | be90 0000 | 0083 c702 | 89be 9000 | 0000 81e7 | fe07 0000 
  0x000001d0bcd042e8: 85ff 0f84 | 211a 0000 

  0x000001d0bcd042f0: ; implicit exception: dispatches to 0x000001d0bcd05d32
  0x000001d0bcd042f0: 493b 0049 

  0x000001d0bcd042f4: ;   {metadata(method data for {method} {0x000001d0d1815300} 'fire' '(Lcom/badlogic/gdx/scenes/scene2d/Event;)Z' in 'com/badlogic/gdx/scenes/scene2d/Actor')}
  0x000001d0bcd042f4: 8bf0 48bf | a0c1 93d1 | d001 0000 | 8b76 0841 | ba00 0000 | 2b49 03f2 | 483b b7e0 | 0000 0075 
  0x000001d0bcd04314: 0d48 8387 | e800 0000 | 01e9 6000 | 0000 483b | b7f0 0000 | 0075 0d48 | 8387 f800 | 0000 01e9 
  0x000001d0bcd04334: 4a00 0000 | 4883 bfe0 | 0000 0000 | 7517 4889 | b7e0 0000 | 0048 c787 | e800 0000 | 0100 0000 
  0x000001d0bcd04354: e929 0000 | 0048 83bf | f000 0000 | 0075 1748 | 89b7 f000 | 0000 48c7 | 87f8 0000 | 0001 0000 
  0x000001d0bcd04374: 00e9 0800 | 0000 4883 | 87d8 0000 | 0001 418b | 7014 4885 

  0x000001d0bcd04388: ;   {metadata(method data for {method} {0x000001d0d1815300} 'fire' '(Lcom/badlogic/gdx/scenes/scene2d/Event;)Z' in 'com/badlogic/gdx/scenes/scene2d/Actor')}
  0x000001d0bcd04388: f648 bea0 | c193 d1d0 | 0100 00bf | 0801 0000 | 7505 bf18 | 0100 0048 | 8b1c 3e48 | 8d5b 0148 
  0x000001d0bcd043a8: 891c 3e0f | 8549 0100 | 0048 8bf2 

  0x000001d0bcd043b4: ;   {metadata(method data for {method} {0x000001d0d1815300} 'fire' '(Lcom/badlogic/gdx/scenes/scene2d/Event;)Z' in 'com/badlogic/gdx/scenes/scene2d/Actor')}
  0x000001d0bcd043b4: 48bf a0c1 | 93d1 d001 | 0000 8b76 | 0841 ba00 | 0000 2b49 | 03f2 483b | b730 0100 | 0075 0d48 
  0x000001d0bcd043d4: 8387 3801 | 0000 01e9 | 6000 0000 | 483b b740 | 0100 0075 | 0d48 8387 | 4801 0000 | 01e9 4a00 
  0x000001d0bcd043f4: 0000 4883 | bf30 0100 | 0000 7517 | 4889 b730 | 0100 0048 | c787 3801 | 0000 0100 | 0000 e929 
  0x000001d0bcd04414: 0000 0048 | 83bf 4001 | 0000 0075 | 1748 89b7 | 4001 0000 | 48c7 8748 | 0100 0001 | 0000 00e9 
  0x000001d0bcd04434: 0800 0000 | 4883 8728 | 0100 0001 | 8b72 3449 

  0x000001d0bcd04444: ;   {metadata(method data for {method} {0x000001d0d1815300} 'fire' '(Lcom/badlogic/gdx/scenes/scene2d/Event;)Z' in 'com/badlogic/gdx/scenes/scene2d/Actor')}
  0x000001d0bcd04444: 8bf8 48bb | a0c1 93d1 | d001 0000 | 8b7f 0841 | ba00 0000 | 2b49 03fa | 483b bb60 | 0100 0075 
  0x000001d0bcd04464: 0d48 8383 | 6801 0000 | 01e9 6000 | 0000 483b | bb70 0100 | 0075 0d48 | 8383 7801 | 0000 01e9 
  0x000001d0bcd04484: 4a00 0000 | 4883 bb60 | 0100 0000 | 7517 4889 | bb60 0100 | 0048 c783 | 6801 0000 | 0100 0000 
  0x000001d0bcd044a4: e929 0000 | 0048 83bb | 7001 0000 | 0075 1748 | 89bb 7001 | 0000 48c7 | 8378 0100 | 0001 0000 
  0x000001d0bcd044c4: 00e9 0800 | 0000 4883 | 8358 0100 | 0001 410f | be7f 4885 | ff0f 8558 | 1800 004c | 8bd6 4589 
  0x000001d0bcd044e4: 5014 498b | f848 33fe | 48c1 ef14 | 4883 ff00 | 0f85 5918 | 0000 498b 

  0x000001d0bcd044fc: ;   {metadata(method data for {method} {0x000001d0d1815300} 'fire' '(Lcom/badlogic/gdx/scenes/scene2d/Event;)Z' in 'com/badlogic/gdx/scenes/scene2d/Actor')}
  0x000001d0bcd044fc: f048 bfa0 | c193 d1d0 | 0100 008b | 7608 41ba | 0000 002b | 4903 f248 | 3bb7 9001 | 0000 750d 
  0x000001d0bcd0451c: 4883 8798 | 0100 0001 | e960 0000 | 0048 3bb7 | a001 0000 | 750d 4883 | 87a8 0100 | 0001 e94a 
  0x000001d0bcd0453c: 0000 0048 | 83bf 9001 | 0000 0075 | 1748 89b7 | 9001 0000 | 48c7 8798 | 0100 0001 | 0000 00e9 
  0x000001d0bcd0455c: 2900 0000 | 4883 bfa0 | 0100 0000 | 7517 4889 | b7a0 0100 | 0048 c787 | a801 0000 | 0100 0000 
  0x000001d0bcd0457c: e908 0000 | 0048 8387 | 8801 0000 | 0141 0fbe | 7748 85f6 | 0f85 d517 | 0000 4c8b | d245 8950 
  0x000001d0bcd0459c: 1849 8bf0 | 4833 f248 | c1ee 1448 | 83fe 000f | 85d6 1700 

  0x000001d0bcd045b0: ;   {oop(a 'java/lang/Class'{0x00000000842172e0} = 'com/badlogic/gdx/scenes/scene2d/Actor')}
  0x000001d0bcd045b0: 0048 bee0 | 7221 8400 | 0000 008b | 7678 483b | 0648 8bfe 

  0x000001d0bcd045c4: ;   {metadata(method data for {method} {0x000001d0d1815300} 'fire' '(Lcom/badlogic/gdx/scenes/scene2d/Event;)Z' in 'com/badlogic/gdx/scenes/scene2d/Actor')}
  0x000001d0bcd045c4: 48bb a0c1 | 93d1 d001 | 0000 4883 | 83c8 0100 

  0x000001d0bcd045d4: ;   {oop(a 'java/lang/Class'{0x0000000083900070} = 'com/badlogic/gdx/utils/Array')}
  0x000001d0bcd045d4: 0001 49b8 | 7000 9083 | 0000 0000 | 488b d60f 

  0x000001d0bcd045e4: ;   {optimized virtual_call}
  0x000001d0bcd045e4: 1f40 00e8 

  0x000001d0bcd045e8: ; ImmutableOopMap {[56]=Oop [64]=Oop }
                      ;*invokevirtual obtain {reexecute=0 rethrow=0 return_oop=0}
                      ; - com.badlogic.gdx.scenes.scene2d.Actor::fire@25 (line 136)
  0x000001d0bcd045e8: 3401 fcff 

  0x000001d0bcd045ec: ;   {post_call_nop}
  0x000001d0bcd045ec: 0f1f 8400 | 6404 0000 

  0x000001d0bcd045f4: ;   {metadata(method data for {method} {0x000001d0d1815300} 'fire' '(Lcom/badlogic/gdx/scenes/scene2d/Event;)Z' in 'com/badlogic/gdx/scenes/scene2d/Actor')}
  0x000001d0bcd045f4: 4885 c048 | baa0 c193 | d1d0 0100 | 0075 0c80 | 8ae1 0100 | 0001 e9a7 | 0000 008b | 7808 41ba 
  0x000001d0bcd04614: 0000 002b | 4903 fa48 | 3bba f001 | 0000 750d | 4883 82f8 | 0100 0001 | e960 0000 | 0048 3bba 
  0x000001d0bcd04634: 0002 0000 | 750d 4883 | 8208 0200 | 0001 e94a | 0000 0048 | 83ba f001 | 0000 0075 | 1748 89ba 
  0x000001d0bcd04654: f001 0000 | 48c7 82f8 | 0100 0001 | 0000 00e9 | 2900 0000 | 4883 ba00 | 0200 0000 | 7517 4889 
  0x000001d0bcd04674: ba00 0200 | 0048 c782 | 0802 0000 | 0100 0000 | e908 0000 | 0048 8382 | e801 0000 

  0x000001d0bcd04690: ;   {metadata('com/badlogic/gdx/utils/Array')}
  0x000001d0bcd04690: 0148 bf70 | 7604 2c00 | 0000 008b | 5008 41ba | 0000 002b | 4903 d248 | 3b7a 380f | 85f3 1600 
  0x000001d0bcd046b0: 00e9 0000 | 0000 488b | f048 8974 | 2450 488b | 5424 3844 | 8b42 38e9 | 0701 0000 | 0f1f 4000 
  0x000001d0bcd046d0: ; implicit exception: dispatches to 0x000001d0bcd05dad
  0x000001d0bcd046d0: 483b 0648 

  0x000001d0bcd046d4: ;   {metadata(method data for {method} {0x000001d0d1815300} 'fire' '(Lcom/badlogic/gdx/scenes/scene2d/Event;)Z' in 'com/badlogic/gdx/scenes/scene2d/Actor')}
  0x000001d0bcd046d4: 8bfe 48bb | a0c1 93d1 | d001 0000 | 8b7f 0841 | ba00 0000 | 2b49 03fa | 483b bb40 | 0200 0075 
  0x000001d0bcd046f4: 0d48 8383 | 4802 0000 | 01e9 6000 | 0000 483b | bb50 0200 | 0075 0d48 | 8383 5802 | 0000 01e9 
  0x000001d0bcd04714: 4a00 0000 | 4883 bb40 | 0200 0000 | 7517 4889 | bb40 0200 | 0048 c783 | 4802 0000 | 0100 0000 
  0x000001d0bcd04734: e929 0000 | 0048 83bb | 5002 0000 | 0075 1748 | 89bb 5002 | 0000 48c7 | 8358 0200 | 0001 0000 
  0x000001d0bcd04754: 00e9 0800 | 0000 4883 | 8338 0200 | 0001 498b | f84c 8bc7 | 488b d648 | 897c 2448 | 0f1f 8000 
  0x000001d0bcd04774: ;   {optimized virtual_call}
  0x000001d0bcd04774: 0000 00e8 

  0x000001d0bcd04778: ; ImmutableOopMap {[56]=Oop [64]=Oop [72]=Oop [80]=Oop }
                      ;*invokevirtual add {reexecute=0 rethrow=0 return_oop=0}
                      ; - com.badlogic.gdx.scenes.scene2d.Actor::fire@43 (line 139)
  0x000001d0bcd04778: b4bd 6a07 

  0x000001d0bcd0477c: ;   {post_call_nop}
  0x000001d0bcd0477c: 0f1f 8400 | f405 0001 | 4c8b 4424 | 4845 8b40 

  0x000001d0bcd0478c: ;   {metadata(method data for {method} {0x000001d0d1815300} 'fire' '(Lcom/badlogic/gdx/scenes/scene2d/Event;)Z' in 'com/badlogic/gdx/scenes/scene2d/Actor')}
  0x000001d0bcd0478c: 3849 b9a0 | c193 d1d0 | 0100 0041 | 8b91 9400 | 0000 83c2 | 0241 8991 | 9400 0000 | 81e2 fe3f 
  0x000001d0bcd047ac: 0000 85d2 | 0f84 0116 | 0000 4d8b 

  0x000001d0bcd047b8: ; ImmutableOopMap {r8=Oop [56]=Oop [64]=Oop [80]=Oop }
                      ;*goto {reexecute=1 rethrow=0 return_oop=0}
                      ; - (reexecute) com.badlogic.gdx.scenes.scene2d.Actor::fire@51 (line 140)
                      ;   {poll}
  0x000001d0bcd047b8: 5730 4185 

  0x000001d0bcd047bc: ;   {metadata(method data for {method} {0x000001d0d1815300} 'fire' '(Lcom/badlogic/gdx/scenes/scene2d/Event;)Z' in 'com/badlogic/gdx/scenes/scene2d/Actor')}
  0x000001d0bcd047bc: 0249 b9a0 | c193 d1d0 | 0100 0041 | ff81 6802 | 0000 488b | 7424 504d 

  0x000001d0bcd047d4: ;   {metadata(method data for {method} {0x000001d0d1815300} 'fire' '(Lcom/badlogic/gdx/scenes/scene2d/Event;)Z' in 'com/badlogic/gdx/scenes/scene2d/Actor')}
  0x000001d0bcd047d4: 85c0 48bf | a0c1 93d1 | d001 0000 | bb28 0200 | 0075 05bb | 1802 0000 | 488b 041f | 488d 4001 
  0x000001d0bcd047f4: 4889 041f | 0f85 d2fe | ffff 8b7e | 1448 897c | 2460 448b | 460c 41ff | c848 8b74 | 2440 e9a9 
  0x000001d0bcd04814: 0200 0090 

  0x000001d0bcd04818: ; implicit exception: dispatches to 0x000001d0bcd05ddd
  0x000001d0bcd04818: 443b 470c | 0f83 c515 | 0000 4d63 | c846 8b4c | 8f10 4d85 

  0x000001d0bcd0482c: ;   {metadata(method data for {method} {0x000001d0d1815300} 'fire' '(Lcom/badlogic/gdx/scenes/scene2d/Event;)Z' in 'com/badlogic/gdx/scenes/scene2d/Actor')}
  0x000001d0bcd0482c: c948 b8a0 | c193 d1d0 | 0100 0075 | 0c80 8899 | 0200 0001 | e9a9 0000 | 0041 8b49 | 0841 ba00 
  0x000001d0bcd0484c: 0000 2b49 | 03ca 483b | 88a8 0200 | 0075 0d48 | 8380 b002 | 0000 01e9 | 6000 0000 | 483b 88b8 
  0x000001d0bcd0486c: 0200 0075 | 0d48 8380 | c002 0000 | 01e9 4a00 | 0000 4883 | b8a8 0200 | 0000 7517 | 4889 88a8 
  0x000001d0bcd0488c: 0200 0048 | c780 b002 | 0000 0100 | 0000 e929 | 0000 0048 | 83b8 b802 | 0000 0075 | 1748 8988 
  0x000001d0bcd048ac: b802 0000 | 48c7 80c0 | 0200 0001 | 0000 00e9 | 0800 0000 | 4883 80a0 | 0200 0001 

  0x000001d0bcd048c8: ;   {metadata('com/badlogic/gdx/scenes/scene2d/Group')}
  0x000001d0bcd048c8: 48b9 a073 | 082c 0000 | 0000 418b | 4108 41ba | 0000 002b | 4903 c248 | 3b48 400f | 850c 1500 
  0x000001d0bcd048e8: 00e9 0000 | 0000 498b | d148 3b02 

  0x000001d0bcd048f4: ;   {metadata(method data for {method} {0x000001d0d1815300} 'fire' '(Lcom/badlogic/gdx/scenes/scene2d/Event;)Z' in 'com/badlogic/gdx/scenes/scene2d/Actor')}
  0x000001d0bcd048f4: 4c8b ca48 | b8a0 c193 | d1d0 0100 | 0045 8b49 | 0841 ba00 | 0000 2b4d | 03ca 4c3b | 88d8 0200 
  0x000001d0bcd04914: 0075 0d48 | 8380 e002 | 0000 01e9 | 6000 0000 | 4c3b 88e8 | 0200 0075 | 0d48 8380 | f002 0000 
  0x000001d0bcd04934: 01e9 4a00 | 0000 4883 | b8d8 0200 | 0000 7517 | 4c89 88d8 | 0200 0048 | c780 e002 | 0000 0100 
  0x000001d0bcd04954: 0000 e929 | 0000 0048 | 83b8 e802 | 0000 0075 | 174c 8988 | e802 0000 | 48c7 80f0 | 0200 0001 
  0x000001d0bcd04974: 0000 00e9 | 0800 0000 | 4883 80d0 | 0200 0001 | 4489 4424 | 584c 8bc6 | 41b9 0100 | 0000 0f1f 
  0x000001d0bcd04994: ;   {optimized virtual_call}
  0x000001d0bcd04994: 4400 00e8 

  0x000001d0bcd04998: ; ImmutableOopMap {[56]=Oop [64]=Oop [80]=Oop [96]=Oop }
                      ;*invokevirtual notify {reexecute=0 rethrow=0 return_oop=0}
                      ; - com.badlogic.gdx.scenes.scene2d.Actor::fire@87 (line 148)
  0x000001d0bcd04998: f471 7507 

  0x000001d0bcd0499c: ;   {post_call_nop}
  0x000001d0bcd0499c: 0f1f 8400 | 1408 0003 | 4c8b 4424 

  0x000001d0bcd049a8: ;   {metadata(method data for {method} {0x000001d0d1815300} 'fire' '(Lcom/badlogic/gdx/scenes/scene2d/Event;)Z' in 'com/badlogic/gdx/scenes/scene2d/Actor')}
  0x000001d0bcd049a8: 4049 b9a0 | c193 d1d0 | 0100 0045 | 8b40 0841 | ba00 0000 | 2b4d 03c2 | 4d3b 8108 | 0300 0075 
  0x000001d0bcd049c8: 0d49 8381 | 1003 0000 | 01e9 6000 | 0000 4d3b | 8118 0300 | 0075 0d49 | 8381 2003 | 0000 01e9 
  0x000001d0bcd049e8: 4a00 0000 | 4983 b908 | 0300 0000 | 7517 4d89 | 8108 0300 | 0049 c781 | 1003 0000 | 0100 0000 
  0x000001d0bcd04a08: e929 0000 | 0049 83b9 | 1803 0000 | 0075 174d | 8981 1803 | 0000 49c7 | 8120 0300 | 0001 0000 
  0x000001d0bcd04a28: 00e9 0800 | 0000 4983 | 8100 0300 | 0001 4c8b | 4424 4045 | 0fbe 480f | 4183 e101 

  0x000001d0bcd04a44: ;   {metadata(method data for {method} {0x000001d0d1815300} 'fire' '(Lcom/badlogic/gdx/scenes/scene2d/Event;)Z' in 'com/badlogic/gdx/scenes/scene2d/Actor')}
  0x000001d0bcd04a44: 4585 c949 | b9a0 c193 | d1d0 0100 | 00ba 4003 | 0000 7505 | ba30 0300 | 0049 8b34 | 1148 8d76 
  0x000001d0bcd04a64: 0149 8934 | 110f 85b2 | 0f00 0044 | 8b4c 2458 

  0x000001d0bcd04a74: ;   {metadata(method data for {method} {0x000001d0d1815300} 'fire' '(Lcom/badlogic/gdx/scenes/scene2d/Event;)Z' in 'com/badlogic/gdx/scenes/scene2d/Actor')}
  0x000001d0bcd04a74: 41ff c948 | baa0 c193 | d1d0 0100 | 008b b294 | 0000 0083 | c602 89b2 | 9400 0000 | 81e6 fe3f 
  0x000001d0bcd04a94: 0000 85f6 | 0f84 6513 | 0000 4d8b 

  0x000001d0bcd04aa0: ; ImmutableOopMap {r8=Oop [56]=Oop [64]=Oop [80]=Oop [96]=Oop }
                      ;*goto {reexecute=1 rethrow=0 return_oop=0}
                      ; - (reexecute) com.badlogic.gdx.scenes.scene2d.Actor::fire@121 (line 146)
                      ;   {poll}
  0x000001d0bcd04aa0: 5730 4185 

  0x000001d0bcd04aa4: ;   {metadata(method data for {method} {0x000001d0d1815300} 'fire' '(Lcom/badlogic/gdx/scenes/scene2d/Event;)Z' in 'com/badlogic/gdx/scenes/scene2d/Actor')}
  0x000001d0bcd04aa4: 0248 baa0 | c193 d1d0 | 0100 00ff | 82e0 0300 | 0048 8b7c | 2460 498b | f04d 8bc1 

  0x000001d0bcd04ac0: ;   {metadata(method data for {method} {0x000001d0d1815300} 'fire' '(Lcom/badlogic/gdx/scenes/scene2d/Event;)Z' in 'com/badlogic/gdx/scenes/scene2d/Actor')}
  0x000001d0bcd04ac0: 4585 c049 | b9a0 c193 | d1d0 0100 | 00ba 9002 | 0000 7d05 | ba80 0200 | 0049 8b04 | 1148 8d40 
  0x000001d0bcd04ae0: 0149 8904 | 110f 8d2d | fdff ff4c | 8bc6 488b 

  0x000001d0bcd04af0: ;   {metadata(method data for {method} {0x000001d0d1815300} 'fire' '(Lcom/badlogic/gdx/scenes/scene2d/Event;)Z' in 'com/badlogic/gdx/scenes/scene2d/Actor')}
  0x000001d0bcd04af0: 5424 3849 | b9a0 c193 | d1d0 0100 | 008b 5208 | 41ba 0000 | 002b 4903 | d249 3b91 | 0004 0000 
  0x000001d0bcd04b10: 750d 4983 | 8108 0400 | 0001 e960 | 0000 0049 | 3b91 1004 | 0000 750d | 4983 8118 | 0400 0001 
  0x000001d0bcd04b30: e94a 0000 | 0049 83b9 | 0004 0000 | 0075 1749 | 8991 0004 | 0000 49c7 | 8108 0400 | 0001 0000 
  0x000001d0bcd04b50: 00e9 2900 | 0000 4983 | b910 0400 | 0000 7517 | 4989 9110 | 0400 0049 | c781 1804 | 0000 0100 
  0x000001d0bcd04b70: 0000 e908 | 0000 0049 | 8381 f803 | 0000 0149 | 8bf0 4c8b | c641 b901 | 0000 0048 | 8b54 2438 
  0x000001d0bcd04b90: 0f1f 8000 

  0x000001d0bcd04b94: ;   {optimized virtual_call}
  0x000001d0bcd04b94: 0000 00e8 

  0x000001d0bcd04b98: ; ImmutableOopMap {[56]=Oop [64]=Oop [80]=Oop [96]=Oop }
                      ;*invokevirtual notify {reexecute=0 rethrow=0 return_oop=0}
                      ; - com.badlogic.gdx.scenes.scene2d.Actor::fire@127 (line 153)
  0x000001d0bcd04b98: f46f 7507 

  0x000001d0bcd04b9c: ;   {post_call_nop}
  0x000001d0bcd04b9c: 0f1f 8400 | 140a 0005 | 4c8b 4424 

  0x000001d0bcd04ba8: ;   {metadata(method data for {method} {0x000001d0d1815300} 'fire' '(Lcom/badlogic/gdx/scenes/scene2d/Event;)Z' in 'com/badlogic/gdx/scenes/scene2d/Actor')}
  0x000001d0bcd04ba8: 4049 b9a0 | c193 d1d0 | 0100 0045 | 8b40 0841 | ba00 0000 | 2b4d 03c2 | 4d3b 8130 | 0400 0075 
  0x000001d0bcd04bc8: 0d49 8381 | 3804 0000 | 01e9 6000 | 0000 4d3b | 8140 0400 | 0075 0d49 | 8381 4804 | 0000 01e9 
  0x000001d0bcd04be8: 4a00 0000 | 4983 b930 | 0400 0000 | 7517 4d89 | 8130 0400 | 0049 c781 | 3804 0000 | 0100 0000 
  0x000001d0bcd04c08: e929 0000 | 0049 83b9 | 4004 0000 | 0075 174d | 8981 4004 | 0000 49c7 | 8148 0400 | 0001 0000 
  0x000001d0bcd04c28: 00e9 0800 | 0000 4983 | 8128 0400 | 0001 4c8b | 4424 4045 | 0fbe 480f | 4183 e101 

  0x000001d0bcd04c44: ;   {metadata(method data for {method} {0x000001d0d1815300} 'fire' '(Lcom/badlogic/gdx/scenes/scene2d/Event;)Z' in 'com/badlogic/gdx/scenes/scene2d/Actor')}
  0x000001d0bcd04c44: 4585 c949 | b9a0 c193 | d1d0 0100 | 00ba 6804 | 0000 7505 | ba58 0400 | 0049 8b34 | 1148 8d76 
  0x000001d0bcd04c64: 0149 8934 | 110f 85fa | 0b00 0048 | 8b54 2438 

  0x000001d0bcd04c74: ;   {metadata(method data for {method} {0x000001d0d1815300} 'fire' '(Lcom/badlogic/gdx/scenes/scene2d/Event;)Z' in 'com/badlogic/gdx/scenes/scene2d/Actor')}
  0x000001d0bcd04c74: 4c8b ca48 | bea0 c193 | d1d0 0100 | 0045 8b49 | 0841 ba00 | 0000 2b4d | 03ca 4c3b | 8e10 0500 
  0x000001d0bcd04c94: 0075 0d48 | 8386 1805 | 0000 01e9 | 6000 0000 | 4c3b 8e20 | 0500 0075 | 0d48 8386 | 2805 0000 
  0x000001d0bcd04cb4: 01e9 4a00 | 0000 4883 | be10 0500 | 0000 7517 | 4c89 8e10 | 0500 0048 | c786 1805 | 0000 0100 
  0x000001d0bcd04cd4: 0000 e929 | 0000 0048 | 83be 2005 | 0000 0075 | 174c 898e | 2005 0000 | 48c7 8628 | 0500 0001 
  0x000001d0bcd04cf4: 0000 00e9 | 0800 0000 | 4883 8608 | 0500 0001 | 498b f04c | 8bc6 41b9 | 0000 0000 | 0f1f 8000 
  0x000001d0bcd04d14: ;   {optimized virtual_call}
  0x000001d0bcd04d14: 0000 00e8 

  0x000001d0bcd04d18: ; ImmutableOopMap {[64]=Oop [80]=Oop [96]=Oop }
                      ;*invokevirtual notify {reexecute=0 rethrow=0 return_oop=0}
                      ; - com.badlogic.gdx.scenes.scene2d.Actor::fire@161 (line 157)
  0x000001d0bcd04d18: 746e 7507 

  0x000001d0bcd04d1c: ;   {post_call_nop}
  0x000001d0bcd04d1c: 0f1f 8400 | 940b 0006 | 4c8b 4424 

  0x000001d0bcd04d28: ;   {metadata(method data for {method} {0x000001d0d1815300} 'fire' '(Lcom/badlogic/gdx/scenes/scene2d/Event;)Z' in 'com/badlogic/gdx/scenes/scene2d/Actor')}
  0x000001d0bcd04d28: 4049 b9a0 | c193 d1d0 | 0100 0045 | 8b40 0841 | ba00 0000 | 2b4d 03c2 | 4d3b 8140 | 0500 0075 
  0x000001d0bcd04d48: 0d49 8381 | 4805 0000 | 01e9 6000 | 0000 4d3b | 8150 0500 | 0075 0d49 | 8381 5805 | 0000 01e9 
  0x000001d0bcd04d68: 4a00 0000 | 4983 b940 | 0500 0000 | 7517 4d89 | 8140 0500 | 0049 c781 | 4805 0000 | 0100 0000 
  0x000001d0bcd04d88: e929 0000 | 0049 83b9 | 5005 0000 | 0075 174d | 8981 5005 | 0000 49c7 | 8158 0500 | 0001 0000 
  0x000001d0bcd04da8: 00e9 0800 | 0000 4983 | 8138 0500 | 0001 4c8b | 4424 4045 | 0fbe 480d | 4183 e101 

  0x000001d0bcd04dc4: ;   {metadata(method data for {method} {0x000001d0d1815300} 'fire' '(Lcom/badlogic/gdx/scenes/scene2d/Event;)Z' in 'com/badlogic/gdx/scenes/scene2d/Actor')}
  0x000001d0bcd04dc4: 4585 c949 | b9a0 c193 | d1d0 0100 | 00ba 7805 | 0000 7405 | ba68 0500 | 0049 8b34 | 1148 8d76 
  0x000001d0bcd04de4: 0149 8934 | 110f 84c2 | 0800 004d 

  0x000001d0bcd04df0: ;   {metadata(method data for {method} {0x000001d0d1815300} 'fire' '(Lcom/badlogic/gdx/scenes/scene2d/Event;)Z' in 'com/badlogic/gdx/scenes/scene2d/Actor')}
  0x000001d0bcd04df0: 8bc8 48ba | a0c1 93d1 | d001 0000 | 458b 4908 | 41ba 0000 | 002b 4d03 | ca4c 3b8a | 2006 0000 
  0x000001d0bcd04e10: 750d 4883 | 8228 0600 | 0001 e960 | 0000 004c | 3b8a 3006 | 0000 750d | 4883 8238 | 0600 0001 
  0x000001d0bcd04e30: e94a 0000 | 0048 83ba | 2006 0000 | 0075 174c | 898a 2006 | 0000 48c7 | 8228 0600 | 0001 0000 
  0x000001d0bcd04e50: 00e9 2900 | 0000 4883 | ba30 0600 | 0000 7517 | 4c89 8a30 | 0600 0048 | c782 3806 | 0000 0100 
  0x000001d0bcd04e70: 0000 e908 | 0000 0048 | 8382 1806 | 0000 0145 | 0fbe 480f | 4183 e101 

  0x000001d0bcd04e88: ;   {metadata(method data for {method} {0x000001d0d1815300} 'fire' '(Lcom/badlogic/gdx/scenes/scene2d/Event;)Z' in 'com/badlogic/gdx/scenes/scene2d/Actor')}
  0x000001d0bcd04e88: 4585 c949 | b9a0 c193 | d1d0 0100 | 00ba 5806 | 0000 7505 | ba48 0600 | 0049 8b34 | 1148 8d76 
  0x000001d0bcd04ea8: 0149 8934 | 110f 8546 | 0600 0048 | 8b74 2450 | 8b7e 0c89 | 7c24 68bb | 0000 0000 | e9a4 0200 
  0x000001d0bcd04ec8: 000f 1f80 | 0000 0000 

  0x000001d0bcd04ed0: ; implicit exception: dispatches to 0x000001d0bcd05e24
  0x000001d0bcd04ed0: 3b5e 0c0f | 8355 0f00 | 004c 63cb | 468b 4c8e | 104d 85c9 

  0x000001d0bcd04ee4: ;   {metadata(method data for {method} {0x000001d0d1815300} 'fire' '(Lcom/badlogic/gdx/scenes/scene2d/Event;)Z' in 'com/badlogic/gdx/scenes/scene2d/Actor')}
  0x000001d0bcd04ee4: 48b9 a0c1 | 93d1 d001 | 0000 750c | 8089 1107 | 0000 01e9 | a900 0000 | 458b 5908 | 41ba 0000 
  0x000001d0bcd04f04: 002b 4d03 | da4c 3b99 | 2007 0000 | 750d 4883 | 8128 0700 | 0001 e960 | 0000 004c | 3b99 3007 
  0x000001d0bcd04f24: 0000 750d | 4883 8138 | 0700 0001 | e94a 0000 | 0048 83b9 | 2007 0000 | 0075 174c | 8999 2007 
  0x000001d0bcd04f44: 0000 48c7 | 8128 0700 | 0001 0000 | 00e9 2900 | 0000 4883 | b930 0700 | 0000 7517 | 4c89 9930 
  0x000001d0bcd04f64: 0700 0048 | c781 3807 | 0000 0100 | 0000 e908 | 0000 0048 | 8381 1807 

  0x000001d0bcd04f7c: ;   {metadata('com/badlogic/gdx/scenes/scene2d/Group')}
  0x000001d0bcd04f7c: 0000 0149 | bba0 7308 | 2c00 0000 | 0041 8b49 | 0841 ba00 | 0000 2b49 | 03ca 4c3b | 5940 0f85 
  0x000001d0bcd04f9c: 9c0e 0000 | e900 0000 | 0049 8bd1 

  0x000001d0bcd04fa8: ; implicit exception: dispatches to 0x000001d0bcd05e45
  0x000001d0bcd04fa8: 483b 024c 

  0x000001d0bcd04fac: ;   {metadata(method data for {method} {0x000001d0d1815300} 'fire' '(Lcom/badlogic/gdx/scenes/scene2d/Event;)Z' in 'com/badlogic/gdx/scenes/scene2d/Actor')}
  0x000001d0bcd04fac: 8bca 48b9 | a0c1 93d1 | d001 0000 | 458b 4908 | 41ba 0000 | 002b 4d03 | ca4c 3b89 | 5007 0000 
  0x000001d0bcd04fcc: 750d 4883 | 8158 0700 | 0001 e960 | 0000 004c | 3b89 6007 | 0000 750d | 4883 8168 | 0700 0001 
  0x000001d0bcd04fec: e94a 0000 | 0048 83b9 | 5007 0000 | 0075 174c | 8989 5007 | 0000 48c7 | 8158 0700 | 0001 0000 
  0x000001d0bcd0500c: 00e9 2900 | 0000 4883 | b960 0700 | 0000 7517 | 4c89 8960 | 0700 0048 | c781 6807 | 0000 0100 
  0x000001d0bcd0502c: 0000 e908 | 0000 0048 | 8381 4807 | 0000 0149 | 8bc8 4c8b | c141 b900 | 0000 0089 | 5c24 5c0f 
  0x000001d0bcd0504c: ;   {optimized virtual_call}
  0x000001d0bcd0504c: 1f40 00e8 

  0x000001d0bcd05050: ; ImmutableOopMap {[64]=Oop [80]=Oop [96]=Oop }
                      ;*invokevirtual notify {reexecute=0 rethrow=0 return_oop=0}
                      ; - com.badlogic.gdx.scenes.scene2d.Actor::fire@245 (line 163)
  0x000001d0bcd05050: 3c6b 7507 

  0x000001d0bcd05054: ;   {post_call_nop}
  0x000001d0bcd05054: 0f1f 8400 | cc0e 0007 | 4c8b 4424 

  0x000001d0bcd05060: ;   {metadata(method data for {method} {0x000001d0d1815300} 'fire' '(Lcom/badlogic/gdx/scenes/scene2d/Event;)Z' in 'com/badlogic/gdx/scenes/scene2d/Actor')}
  0x000001d0bcd05060: 4048 baa0 | c193 d1d0 | 0100 0045 | 8b40 0841 | ba00 0000 | 2b4d 03c2 | 4c3b 8280 | 0700 0075 
  0x000001d0bcd05080: 0d48 8382 | 8807 0000 | 01e9 6000 | 0000 4c3b | 8290 0700 | 0075 0d48 | 8382 9807 | 0000 01e9 
  0x000001d0bcd050a0: 4a00 0000 | 4883 ba80 | 0700 0000 | 7517 4c89 | 8280 0700 | 0048 c782 | 8807 0000 | 0100 0000 
  0x000001d0bcd050c0: e929 0000 | 0048 83ba | 9007 0000 | 0075 174c | 8982 9007 | 0000 48c7 | 8298 0700 | 0001 0000 
  0x000001d0bcd050e0: 00e9 0800 | 0000 4883 | 8278 0700 | 0001 4c8b | 4424 4041 | 0fbe 500f | 83e2 0185 

  0x000001d0bcd050fc: ;   {metadata(method data for {method} {0x000001d0d1815300} 'fire' '(Lcom/badlogic/gdx/scenes/scene2d/Event;)Z' in 'com/badlogic/gdx/scenes/scene2d/Actor')}
  0x000001d0bcd050fc: d248 baa0 | c193 d1d0 | 0100 00be | b807 0000 | 7505 bea8 | 0700 0048 | 8b3c 3248 | 8d7f 0148 
  0x000001d0bcd0511c: 893c 320f | 857c 0000 | 008b 5c24 

  0x000001d0bcd05128: ;   {metadata(method data for {method} {0x000001d0d1815300} 'fire' '(Lcom/badlogic/gdx/scenes/scene2d/Event;)Z' in 'com/badlogic/gdx/scenes/scene2d/Actor')}
  0x000001d0bcd05128: 5cff c348 | baa0 c193 | d1d0 0100 | 008b b294 | 0000 0083 | c602 89b2 | 9400 0000 | 81e6 fe3f 
  0x000001d0bcd05148: 0000 85f6 | 0f84 f80c | 0000 4d8b 

  0x000001d0bcd05154: ; ImmutableOopMap {r8=Oop [64]=Oop [80]=Oop [96]=Oop }
                      ;*goto {reexecute=1 rethrow=0 return_oop=0}
                      ; - (reexecute) com.badlogic.gdx.scenes.scene2d.Actor::fire@279 (line 162)
                      ;   {poll}
  0x000001d0bcd05154: 5730 4185 

  0x000001d0bcd05158: ;   {metadata(method data for {method} {0x000001d0d1815300} 'fire' '(Lcom/badlogic/gdx/scenes/scene2d/Event;)Z' in 'com/badlogic/gdx/scenes/scene2d/Actor')}
  0x000001d0bcd05158: 0248 baa0 | c193 d1d0 | 0100 00ff | 8258 0800 | 008b 7c24 | 6848 8b74 | 2460 3bdf 

  0x000001d0bcd05174: ;   {metadata(method data for {method} {0x000001d0d1815300} 'fire' '(Lcom/badlogic/gdx/scenes/scene2d/Event;)Z' in 'com/badlogic/gdx/scenes/scene2d/Actor')}
  0x000001d0bcd05174: 49b9 a0c1 | 93d1 d001 | 0000 baf8 | 0600 007d | 05ba 0807 | 0000 498b | 0c11 488d | 4901 4989 
  0x000001d0bcd05194: 0c11 0f8d | bd01 0000 | e92f fdff | ff49 8bd0 

  0x000001d0bcd051a4: ;   {metadata(method data for {method} {0x000001d0d1815300} 'fire' '(Lcom/badlogic/gdx/scenes/scene2d/Event;)Z' in 'com/badlogic/gdx/scenes/scene2d/Actor')}
  0x000001d0bcd051a4: 48be a0c1 | 93d1 d001 | 0000 8b52 | 0841 ba00 | 0000 2b49 | 03d2 483b | 96d0 0700 | 0075 0d48 
  0x000001d0bcd051c4: 8386 d807 | 0000 01e9 | 6000 0000 | 483b 96e0 | 0700 0075 | 0d48 8386 | e807 0000 | 01e9 4a00 
  0x000001d0bcd051e4: 0000 4883 | bed0 0700 | 0000 7517 | 4889 96d0 | 0700 0048 | c786 d807 | 0000 0100 | 0000 e929 
  0x000001d0bcd05204: 0000 0048 | 83be e007 | 0000 0075 | 1748 8996 | e007 0000 | 48c7 86e8 | 0700 0001 | 0000 00e9 
  0x000001d0bcd05224: 0800 0000 | 4883 86c8 | 0700 0001 | 410f be50 | 1083 e201 | 8954 246c | 488b 7424 

  0x000001d0bcd05240: ;   {metadata(method data for {method} {0x000001d0d1815300} 'fire' '(Lcom/badlogic/gdx/scenes/scene2d/Event;)Z' in 'com/badlogic/gdx/scenes/scene2d/Actor')}
  0x000001d0bcd05240: 5048 bfa0 | c193 d1d0 | 0100 008b | 7608 41ba | 0000 002b | 4903 f248 | 3bb7 0008 | 0000 750d 
  0x000001d0bcd05260: 4883 8708 | 0800 0001 | e960 0000 | 0048 3bb7 | 1008 0000 | 750d 4883 | 8718 0800 | 0001 e94a 
  0x000001d0bcd05280: 0000 0048 | 83bf 0008 | 0000 0075 | 1748 89b7 | 0008 0000 | 48c7 8708 | 0800 0001 | 0000 00e9 
  0x000001d0bcd052a0: 2900 0000 | 4883 bf10 | 0800 0000 | 7517 4889 | b710 0800 | 0048 c787 | 1808 0000 | 0100 0000 
  0x000001d0bcd052c0: e908 0000 | 0048 8387 | f807 0000 | 0148 8b54 | 2450 6666 | 9048 b820 | 8cc6 f7d0 

  0x000001d0bcd052dc: ;   {virtual_call}
  0x000001d0bcd052dc: 0100 00e8 

  0x000001d0bcd052e0: ; ImmutableOopMap {[80]=Oop }
                      ;*invokevirtual clear {reexecute=0 rethrow=0 return_oop=0}
                      ; - com.badlogic.gdx.scenes.scene2d.Actor::fire@263 (line 169)
  0x000001d0bcd052e0: fc9d 0207 

  0x000001d0bcd052e4: ;   {post_call_nop}
  0x000001d0bcd052e4: 0f1f 8400 | 5c11 0009 

  0x000001d0bcd052ec: ;   {oop(a 'java/lang/Class'{0x00000000842172e0} = 'com/badlogic/gdx/scenes/scene2d/Actor')}
  0x000001d0bcd052ec: 49b8 e072 | 2184 0000 | 0000 418b | 5078 483b | 024c 8bc2 

  0x000001d0bcd05300: ;   {metadata(method data for {method} {0x000001d0d1815300} 'fire' '(Lcom/badlogic/gdx/scenes/scene2d/Event;)Z' in 'com/badlogic/gdx/scenes/scene2d/Actor')}
  0x000001d0bcd05300: 48be a0c1 | 93d1 d001 

  0x000001d0bcd05308: ;   {metadata('com/badlogic/gdx/utils/PoolManager')}
  0x000001d0bcd05308: 0000 49ba | e0d8 082c | 0000 0000 | 4c89 9630 | 0800 0048 | 8386 3808 | 0000 014c | 8b44 2450 
  0x000001d0bcd05328: 0f1f 8000 

  0x000001d0bcd0532c: ;   {optimized virtual_call}
  0x000001d0bcd0532c: 0000 00e8 

  0x000001d0bcd05330: ; ImmutableOopMap {}
                      ;*invokevirtual free {reexecute=0 rethrow=0 return_oop=0}
                      ; - com.badlogic.gdx.scenes.scene2d.Actor::fire@270 (line 170)
  0x000001d0bcd05330: ac9a 0207 

  0x000001d0bcd05334: ;   {post_call_nop}
  0x000001d0bcd05334: 0f1f 8400 | ac11 000a | 8b54 246c | 83e2 0148 | 8bc2 4881 | c4a0 0000 

  0x000001d0bcd0534c: ;   {poll_return}
  0x000001d0bcd0534c: 005d 493b | 6728 0f87 | 180b 0000 | c349 8bd0 

  0x000001d0bcd0535c: ;   {metadata(method data for {method} {0x000001d0d1815300} 'fire' '(Lcom/badlogic/gdx/scenes/scene2d/Event;)Z' in 'com/badlogic/gdx/scenes/scene2d/Actor')}
  0x000001d0bcd0535c: 48be a0c1 | 93d1 d001 | 0000 8b52 | 0841 ba00 | 0000 2b49 | 03d2 483b | 9678 0800 | 0075 0d48 
  0x000001d0bcd0537c: 8386 8008 | 0000 01e9 | 6000 0000 | 483b 9688 | 0800 0075 | 0d48 8386 | 9008 0000 | 01e9 4a00 
  0x000001d0bcd0539c: 0000 4883 | be78 0800 | 0000 7517 | 4889 9678 | 0800 0048 | c786 8008 | 0000 0100 | 0000 e929 
  0x000001d0bcd053bc: 0000 0048 | 83be 8808 | 0000 0075 | 1748 8996 | 8808 0000 | 48c7 8690 | 0800 0001 | 0000 00e9 
  0x000001d0bcd053dc: 0800 0000 | 4883 8670 | 0800 0001 | 410f be50 | 1083 e201 | 8954 2470 | 488b 7424 

  0x000001d0bcd053f8: ;   {metadata(method data for {method} {0x000001d0d1815300} 'fire' '(Lcom/badlogic/gdx/scenes/scene2d/Event;)Z' in 'com/badlogic/gdx/scenes/scene2d/Actor')}
  0x000001d0bcd053f8: 5048 bfa0 | c193 d1d0 | 0100 008b | 7608 41ba | 0000 002b | 4903 f248 | 3bb7 a808 | 0000 750d 
  0x000001d0bcd05418: 4883 87b0 | 0800 0001 | e960 0000 | 0048 3bb7 | b808 0000 | 750d 4883 | 87c0 0800 | 0001 e94a 
  0x000001d0bcd05438: 0000 0048 | 83bf a808 | 0000 0075 | 1748 89b7 | a808 0000 | 48c7 87b0 | 0800 0001 | 0000 00e9 
  0x000001d0bcd05458: 2900 0000 | 4883 bfb8 | 0800 0000 | 7517 4889 | b7b8 0800 | 0048 c787 | c008 0000 | 0100 0000 
  0x000001d0bcd05478: e908 0000 | 0048 8387 | a008 0000 | 0148 8b54 | 2450 6666 | 9048 b848 | 8cc6 f7d0 

  0x000001d0bcd05494: ;   {virtual_call}
  0x000001d0bcd05494: 0100 00e8 

  0x000001d0bcd05498: ; ImmutableOopMap {[80]=Oop }
                      ;*invokevirtual clear {reexecute=0 rethrow=0 return_oop=0}
                      ; - com.badlogic.gdx.scenes.scene2d.Actor::fire@289 (line 169)
  0x000001d0bcd05498: e697 6b07 

  0x000001d0bcd0549c: ;   {post_call_nop}
  0x000001d0bcd0549c: 0f1f 8400 | 1413 000b 

  0x000001d0bcd054a4: ;   {oop(a 'java/lang/Class'{0x00000000842172e0} = 'com/badlogic/gdx/scenes/scene2d/Actor')}
  0x000001d0bcd054a4: 49b8 e072 | 2184 0000 | 0000 418b | 5078 483b | 024c 8bc2 

  0x000001d0bcd054b8: ;   {metadata(method data for {method} {0x000001d0d1815300} 'fire' '(Lcom/badlogic/gdx/scenes/scene2d/Event;)Z' in 'com/badlogic/gdx/scenes/scene2d/Actor')}
  0x000001d0bcd054b8: 48be a0c1 | 93d1 d001 | 0000 4883 | 86e0 0800 | 0001 4c8b 

  0x000001d0bcd054cc: ;   {optimized virtual_call}
  0x000001d0bcd054cc: 4424 50e8 

  0x000001d0bcd054d0: ; ImmutableOopMap {}
                      ;*invokevirtual free {reexecute=0 rethrow=0 return_oop=0}
                      ; - com.badlogic.gdx.scenes.scene2d.Actor::fire@296 (line 170)
  0x000001d0bcd054d0: cc5f fcff 

  0x000001d0bcd054d4: ;   {post_call_nop}
  0x000001d0bcd054d4: 0f1f 8400 | 4c13 000c | 8b54 2470 | 83e2 0148 | 8bc2 4881 | c4a0 0000 

  0x000001d0bcd054ec: ;   {poll_return}
  0x000001d0bcd054ec: 005d 493b | 6728 0f87 | 9309 0000 | c349 8bd0 

  0x000001d0bcd054fc: ;   {metadata(method data for {method} {0x000001d0d1815300} 'fire' '(Lcom/badlogic/gdx/scenes/scene2d/Event;)Z' in 'com/badlogic/gdx/scenes/scene2d/Actor')}
  0x000001d0bcd054fc: 48be a0c1 | 93d1 d001 | 0000 8b52 | 0841 ba00 | 0000 2b49 | 03d2 483b | 9670 0600 | 0075 0d48 
  0x000001d0bcd0551c: 8386 7806 | 0000 01e9 | 6000 0000 | 483b 9680 | 0600 0075 | 0d48 8386 | 8806 0000 | 01e9 4a00 
  0x000001d0bcd0553c: 0000 4883 | be70 0600 | 0000 7517 | 4889 9670 | 0600 0048 | c786 7806 | 0000 0100 | 0000 e929 
  0x000001d0bcd0555c: 0000 0048 | 83be 8006 | 0000 0075 | 1748 8996 | 8006 0000 | 48c7 8688 | 0600 0001 | 0000 00e9 
  0x000001d0bcd0557c: 0800 0000 | 4883 8668 | 0600 0001 | 410f be50 | 1083 e201 | 8954 2474 | 488b 7424 

  0x000001d0bcd05598: ;   {metadata(method data for {method} {0x000001d0d1815300} 'fire' '(Lcom/badlogic/gdx/scenes/scene2d/Event;)Z' in 'com/badlogic/gdx/scenes/scene2d/Actor')}
  0x000001d0bcd05598: 5048 bfa0 | c193 d1d0 | 0100 008b | 7608 41ba | 0000 002b | 4903 f248 | 3bb7 a006 | 0000 750d 
  0x000001d0bcd055b8: 4883 87a8 | 0600 0001 | e960 0000 | 0048 3bb7 | b006 0000 | 750d 4883 | 87b8 0600 | 0001 e94a 
  0x000001d0bcd055d8: 0000 0048 | 83bf a006 | 0000 0075 | 1748 89b7 | a006 0000 | 48c7 87a8 | 0600 0001 | 0000 00e9 
  0x000001d0bcd055f8: 2900 0000 | 4883 bfb0 | 0600 0000 | 7517 4889 | b7b0 0600 | 0048 c787 | b806 0000 | 0100 0000 
  0x000001d0bcd05618: e908 0000 | 0048 8387 | 9806 0000 | 0148 8b54 | 2450 6666 | 9048 b870 | 8cc6 f7d0 

  0x000001d0bcd05634: ;   {virtual_call}
  0x000001d0bcd05634: 0100 00e8 

  0x000001d0bcd05638: ; ImmutableOopMap {[80]=Oop }
                      ;*invokevirtual clear {reexecute=0 rethrow=0 return_oop=0}
                      ; - com.badlogic.gdx.scenes.scene2d.Actor::fire@206 (line 169)
  0x000001d0bcd05638: a49a 0207 

  0x000001d0bcd0563c: ;   {post_call_nop}
  0x000001d0bcd0563c: 0f1f 8400 | b414 000d 

  0x000001d0bcd05644: ;   {oop(a 'java/lang/Class'{0x00000000842172e0} = 'com/badlogic/gdx/scenes/scene2d/Actor')}
  0x000001d0bcd05644: 49b8 e072 | 2184 0000 | 0000 418b | 5078 483b | 024c 8bc2 

  0x000001d0bcd05658: ;   {metadata(method data for {method} {0x000001d0d1815300} 'fire' '(Lcom/badlogic/gdx/scenes/scene2d/Event;)Z' in 'com/badlogic/gdx/scenes/scene2d/Actor')}
  0x000001d0bcd05658: 48be a0c1 | 93d1 d001 

  0x000001d0bcd05660: ;   {metadata('com/badlogic/gdx/utils/PoolManager')}
  0x000001d0bcd05660: 0000 49ba | e0d8 082c | 0000 0000 | 4c89 96d0 | 0600 0048 | 8386 d806 | 0000 014c | 8b44 2450 
  0x000001d0bcd05680: 0f1f 8000 

  0x000001d0bcd05684: ;   {optimized virtual_call}
  0x000001d0bcd05684: 0000 00e8 

  0x000001d0bcd05688: ; ImmutableOopMap {}
                      ;*invokevirtual free {reexecute=0 rethrow=0 return_oop=0}
                      ; - com.badlogic.gdx.scenes.scene2d.Actor::fire@213 (line 170)
  0x000001d0bcd05688: 5497 0207 

  0x000001d0bcd0568c: ;   {post_call_nop}
  0x000001d0bcd0568c: 0f1f 8400 | 0415 000e | 8b54 2474 | 83e2 0148 | 8bc2 4881 | c4a0 0000 

  0x000001d0bcd056a4: ;   {poll_return}
  0x000001d0bcd056a4: 005d 493b | 6728 0f87 | f607 0000 | c349 8bd0 

  0x000001d0bcd056b4: ;   {metadata(method data for {method} {0x000001d0d1815300} 'fire' '(Lcom/badlogic/gdx/scenes/scene2d/Event;)Z' in 'com/badlogic/gdx/scenes/scene2d/Actor')}
  0x000001d0bcd056b4: 48be a0c1 | 93d1 d001 | 0000 8b52 | 0841 ba00 | 0000 2b49 | 03d2 483b | 9690 0500 | 0075 0d48 
  0x000001d0bcd056d4: 8386 9805 | 0000 01e9 | 6000 0000 | 483b 96a0 | 0500 0075 | 0d48 8386 | a805 0000 | 01e9 4a00 
  0x000001d0bcd056f4: 0000 4883 | be90 0500 | 0000 7517 | 4889 9690 | 0500 0048 | c786 9805 | 0000 0100 | 0000 e929 
  0x000001d0bcd05714: 0000 0048 | 83be a005 | 0000 0075 | 1748 8996 | a005 0000 | 48c7 86a8 | 0500 0001 | 0000 00e9 
  0x000001d0bcd05734: 0800 0000 | 4883 8688 | 0500 0001 | 410f be50 | 1083 e201 | 8954 2478 | 488b 7424 

  0x000001d0bcd05750: ;   {metadata(method data for {method} {0x000001d0d1815300} 'fire' '(Lcom/badlogic/gdx/scenes/scene2d/Event;)Z' in 'com/badlogic/gdx/scenes/scene2d/Actor')}
  0x000001d0bcd05750: 5048 bfa0 | c193 d1d0 | 0100 008b | 7608 41ba | 0000 002b | 4903 f248 | 3bb7 c005 | 0000 750d 
  0x000001d0bcd05770: 4883 87c8 | 0500 0001 | e960 0000 | 0048 3bb7 | d005 0000 | 750d 4883 | 87d8 0500 | 0001 e94a 
  0x000001d0bcd05790: 0000 0048 | 83bf c005 | 0000 0075 | 1748 89b7 | c005 0000 | 48c7 87c8 | 0500 0001 | 0000 00e9 
  0x000001d0bcd057b0: 2900 0000 | 4883 bfd0 | 0500 0000 | 7517 4889 | b7d0 0500 | 0048 c787 | d805 0000 | 0100 0000 
  0x000001d0bcd057d0: e908 0000 | 0048 8387 | b805 0000 | 0148 8b54 | 2450 6666 | 9048 b898 | 8cc6 f7d0 

  0x000001d0bcd057ec: ;   {virtual_call}
  0x000001d0bcd057ec: 0100 00e8 

  0x000001d0bcd057f0: ; ImmutableOopMap {[80]=Oop }
                      ;*invokevirtual clear {reexecute=0 rethrow=0 return_oop=0}
                      ; - com.badlogic.gdx.scenes.scene2d.Actor::fire@179 (line 169)
  0x000001d0bcd057f0: ec98 0207 

  0x000001d0bcd057f4: ;   {post_call_nop}
  0x000001d0bcd057f4: 0f1f 8400 | 6c16 000f 

  0x000001d0bcd057fc: ;   {oop(a 'java/lang/Class'{0x00000000842172e0} = 'com/badlogic/gdx/scenes/scene2d/Actor')}
  0x000001d0bcd057fc: 49b8 e072 | 2184 0000 | 0000 418b | 5078 483b | 024c 8bc2 

  0x000001d0bcd05810: ;   {metadata(method data for {method} {0x000001d0d1815300} 'fire' '(Lcom/badlogic/gdx/scenes/scene2d/Event;)Z' in 'com/badlogic/gdx/scenes/scene2d/Actor')}
  0x000001d0bcd05810: 48be a0c1 | 93d1 d001 

  0x000001d0bcd05818: ;   {metadata('com/badlogic/gdx/utils/PoolManager')}
  0x000001d0bcd05818: 0000 49ba | e0d8 082c | 0000 0000 | 4c89 96f0 | 0500 0048 | 8386 f805 | 0000 014c | 8b44 2450 
  0x000001d0bcd05838: 0f1f 8000 

  0x000001d0bcd0583c: ;   {optimized virtual_call}
  0x000001d0bcd0583c: 0000 00e8 

  0x000001d0bcd05840: ; ImmutableOopMap {}
                      ;*invokevirtual free {reexecute=0 rethrow=0 return_oop=0}
                      ; - com.badlogic.gdx.scenes.scene2d.Actor::fire@186 (line 170)
  0x000001d0bcd05840: 9c95 0207 

  0x000001d0bcd05844: ;   {post_call_nop}
  0x000001d0bcd05844: 0f1f 8400 | bc16 0010 | 8b54 2478 | 83e2 0148 | 8bc2 4881 | c4a0 0000 

  0x000001d0bcd0585c: ;   {poll_return}
  0x000001d0bcd0585c: 005d 493b | 6728 0f87 | 5906 0000 | c349 8bd0 

  0x000001d0bcd0586c: ;   {metadata(method data for {method} {0x000001d0d1815300} 'fire' '(Lcom/badlogic/gdx/scenes/scene2d/Event;)Z' in 'com/badlogic/gdx/scenes/scene2d/Actor')}
  0x000001d0bcd0586c: 48be a0c1 | 93d1 d001 | 0000 8b52 | 0841 ba00 | 0000 2b49 | 03d2 483b | 9680 0400 | 0075 0d48 
  0x000001d0bcd0588c: 8386 8804 | 0000 01e9 | 6000 0000 | 483b 9690 | 0400 0075 | 0d48 8386 | 9804 0000 | 01e9 4a00 
  0x000001d0bcd058ac: 0000 4883 | be80 0400 | 0000 7517 | 4889 9680 | 0400 0048 | c786 8804 | 0000 0100 | 0000 e929 
  0x000001d0bcd058cc: 0000 0048 | 83be 9004 | 0000 0075 | 1748 8996 | 9004 0000 | 48c7 8698 | 0400 0001 | 0000 00e9 
  0x000001d0bcd058ec: 0800 0000 | 4883 8678 | 0400 0001 | 410f be50 | 1083 e201 | 8954 247c | 488b 7424 

  0x000001d0bcd05908: ;   {metadata(method data for {method} {0x000001d0d1815300} 'fire' '(Lcom/badlogic/gdx/scenes/scene2d/Event;)Z' in 'com/badlogic/gdx/scenes/scene2d/Actor')}
  0x000001d0bcd05908: 5048 bfa0 | c193 d1d0 | 0100 008b | 7608 41ba | 0000 002b | 4903 f248 | 3bb7 b004 | 0000 750d 
  0x000001d0bcd05928: 4883 87b8 | 0400 0001 | e960 0000 | 0048 3bb7 | c004 0000 | 750d 4883 | 87c8 0400 | 0001 e94a 
  0x000001d0bcd05948: 0000 0048 | 83bf b004 | 0000 0075 | 1748 89b7 | b004 0000 | 48c7 87b8 | 0400 0001 | 0000 00e9 
  0x000001d0bcd05968: 2900 0000 | 4883 bfc0 | 0400 0000 | 7517 4889 | b7c0 0400 | 0048 c787 | c804 0000 | 0100 0000 
  0x000001d0bcd05988: e908 0000 | 0048 8387 | a804 0000 | 0148 8b54 | 2450 6666 | 9048 b8c0 | 8cc6 f7d0 

  0x000001d0bcd059a4: ;   {virtual_call}
  0x000001d0bcd059a4: 0100 00e8 

  0x000001d0bcd059a8: ; ImmutableOopMap {[80]=Oop }
                      ;*invokevirtual clear {reexecute=0 rethrow=0 return_oop=0}
                      ; - com.badlogic.gdx.scenes.scene2d.Actor::fire@145 (line 169)
  0x000001d0bcd059a8: 3497 0207 

  0x000001d0bcd059ac: ;   {post_call_nop}
  0x000001d0bcd059ac: 0f1f 8400 | 2418 0011 

  0x000001d0bcd059b4: ;   {oop(a 'java/lang/Class'{0x00000000842172e0} = 'com/badlogic/gdx/scenes/scene2d/Actor')}
  0x000001d0bcd059b4: 49b8 e072 | 2184 0000 | 0000 418b | 5078 483b | 024c 8bc2 

  0x000001d0bcd059c8: ;   {metadata(method data for {method} {0x000001d0d1815300} 'fire' '(Lcom/badlogic/gdx/scenes/scene2d/Event;)Z' in 'com/badlogic/gdx/scenes/scene2d/Actor')}
  0x000001d0bcd059c8: 48be a0c1 | 93d1 d001 

  0x000001d0bcd059d0: ;   {metadata('com/badlogic/gdx/utils/PoolManager')}
  0x000001d0bcd059d0: 0000 49ba | e0d8 082c | 0000 0000 | 4c89 96e0 | 0400 0048 | 8386 e804 | 0000 014c | 8b44 2450 
  0x000001d0bcd059f0: 0f1f 8000 

  0x000001d0bcd059f4: ;   {optimized virtual_call}
  0x000001d0bcd059f4: 0000 00e8 

  0x000001d0bcd059f8: ; ImmutableOopMap {}
                      ;*invokevirtual free {reexecute=0 rethrow=0 return_oop=0}
                      ; - com.badlogic.gdx.scenes.scene2d.Actor::fire@152 (line 170)
  0x000001d0bcd059f8: e493 0207 

  0x000001d0bcd059fc: ;   {post_call_nop}
  0x000001d0bcd059fc: 0f1f 8400 | 7418 0012 | 8b54 247c | 83e2 0148 | 8bc2 4881 | c4a0 0000 

  0x000001d0bcd05a14: ;   {poll_return}
  0x000001d0bcd05a14: 005d 493b | 6728 0f87 | bc04 0000 | c349 8bd0 

  0x000001d0bcd05a24: ;   {metadata(method data for {method} {0x000001d0d1815300} 'fire' '(Lcom/badlogic/gdx/scenes/scene2d/Event;)Z' in 'com/badlogic/gdx/scenes/scene2d/Actor')}
  0x000001d0bcd05a24: 48be a0c1 | 93d1 d001 | 0000 8b52 | 0841 ba00 | 0000 2b49 | 03d2 483b | 9658 0300 | 0075 0d48 
  0x000001d0bcd05a44: 8386 6003 | 0000 01e9 | 6000 0000 | 483b 9668 | 0300 0075 | 0d48 8386 | 7003 0000 | 01e9 4a00 
  0x000001d0bcd05a64: 0000 4883 | be58 0300 | 0000 7517 | 4889 9658 | 0300 0048 | c786 6003 | 0000 0100 | 0000 e929 
  0x000001d0bcd05a84: 0000 0048 | 83be 6803 | 0000 0075 | 1748 8996 | 6803 0000 | 48c7 8670 | 0300 0001 | 0000 00e9 
  0x000001d0bcd05aa4: 0800 0000 | 4883 8650 | 0300 0001 | 410f be50 | 1083 e201 | 8994 2480 | 0000 0048 | 8b74 2450 
  0x000001d0bcd05ac4: ;   {metadata(method data for {method} {0x000001d0d1815300} 'fire' '(Lcom/badlogic/gdx/scenes/scene2d/Event;)Z' in 'com/badlogic/gdx/scenes/scene2d/Actor')}
  0x000001d0bcd05ac4: 48bf a0c1 | 93d1 d001 | 0000 8b76 | 0841 ba00 | 0000 2b49 | 03f2 483b | b788 0300 | 0075 0d48 
  0x000001d0bcd05ae4: 8387 9003 | 0000 01e9 | 6000 0000 | 483b b798 | 0300 0075 | 0d48 8387 | a003 0000 | 01e9 4a00 
  0x000001d0bcd05b04: 0000 4883 | bf88 0300 | 0000 7517 | 4889 b788 | 0300 0048 | c787 9003 | 0000 0100 | 0000 e929 
  0x000001d0bcd05b24: 0000 0048 | 83bf 9803 | 0000 0075 | 1748 89b7 | 9803 0000 | 48c7 87a0 | 0300 0001 | 0000 00e9 
  0x000001d0bcd05b44: 0800 0000 | 4883 8780 | 0300 0001 | 488b 5424 | 5048 b8e8 | 8cc6 f7d0 

  0x000001d0bcd05b5c: ;   {virtual_call}
  0x000001d0bcd05b5c: 0100 00e8 

  0x000001d0bcd05b60: ; ImmutableOopMap {[80]=Oop }
                      ;*invokevirtual clear {reexecute=0 rethrow=0 return_oop=0}
                      ; - com.badlogic.gdx.scenes.scene2d.Actor::fire@105 (line 169)
  0x000001d0bcd05b60: 7c95 0207 

  0x000001d0bcd05b64: ;   {post_call_nop}
  0x000001d0bcd05b64: 0f1f 8400 | dc19 0013 

  0x000001d0bcd05b6c: ;   {oop(a 'java/lang/Class'{0x00000000842172e0} = 'com/badlogic/gdx/scenes/scene2d/Actor')}
  0x000001d0bcd05b6c: 49b8 e072 | 2184 0000 | 0000 418b | 5078 483b | 024c 8bc2 

  0x000001d0bcd05b80: ;   {metadata(method data for {method} {0x000001d0d1815300} 'fire' '(Lcom/badlogic/gdx/scenes/scene2d/Event;)Z' in 'com/badlogic/gdx/scenes/scene2d/Actor')}
  0x000001d0bcd05b80: 48be a0c1 | 93d1 d001 

  0x000001d0bcd05b88: ;   {metadata('com/badlogic/gdx/utils/PoolManager')}
  0x000001d0bcd05b88: 0000 49ba | e0d8 082c | 0000 0000 | 4c89 96b8 | 0300 0048 | 8386 c003 | 0000 014c | 8b44 2450 
  0x000001d0bcd05ba8: 0f1f 8000 

  0x000001d0bcd05bac: ;   {optimized virtual_call}
  0x000001d0bcd05bac: 0000 00e8 

  0x000001d0bcd05bb0: ; ImmutableOopMap {}
                      ;*invokevirtual free {reexecute=0 rethrow=0 return_oop=0}
                      ; - com.badlogic.gdx.scenes.scene2d.Actor::fire@112 (line 170)
  0x000001d0bcd05bb0: 2c92 0207 

  0x000001d0bcd05bb4: ;   {post_call_nop}
  0x000001d0bcd05bb4: 0f1f 8400 | 2c1a 0014 | 8b94 2480 | 0000 0083 | e201 488b | c248 81c4 | a000 0000 

  0x000001d0bcd05bd0: ;   {poll_return}
  0x000001d0bcd05bd0: 5d49 3b67 | 280f 871c | 0300 00c3 | 498b 8788 | 0500 004d | 33d2 4d89 | 9788 0500 | 004d 33d2 
  0x000001d0bcd05bf0: 4d89 9790 | 0500 0048 | 8984 2488 | 0000 0048 | 8b74 2450 

  0x000001d0bcd05c04: ; implicit exception: dispatches to 0x000001d0bcd05f0d
  0x000001d0bcd05c04: 483b 0648 

  0x000001d0bcd05c08: ;   {metadata(method data for {method} {0x000001d0d1815300} 'fire' '(Lcom/badlogic/gdx/scenes/scene2d/Event;)Z' in 'com/badlogic/gdx/scenes/scene2d/Actor')}
  0x000001d0bcd05c08: 8bd6 48bf | a0c1 93d1 | d001 0000 | 8b52 0841 | ba00 0000 | 2b49 03d2 | 483b 9708 | 0900 0075 
  0x000001d0bcd05c28: 0d48 8387 | 1009 0000 | 01e9 6000 | 0000 483b | 9718 0900 | 0075 0d48 | 8387 2009 | 0000 01e9 
  0x000001d0bcd05c48: 4a00 0000 | 4883 bf08 | 0900 0000 | 7517 4889 | 9708 0900 | 0048 c787 | 1009 0000 | 0100 0000 
  0x000001d0bcd05c68: e929 0000 | 0048 83bf | 1809 0000 | 0075 1748 | 8997 1809 | 0000 48c7 | 8720 0900 | 0001 0000 
  0x000001d0bcd05c88: 00e9 0800 | 0000 4883 | 8700 0900 | 0001 488b | d60f 1f40 | 0048 b810 | 8dc6 f7d0 

  0x000001d0bcd05ca4: ;   {virtual_call}
  0x000001d0bcd05ca4: 0100 00e8 

  0x000001d0bcd05ca8: ; ImmutableOopMap {[80]=Oop [136]=Oop }
                      ;*invokevirtual clear {reexecute=0 rethrow=0 return_oop=0}
                      ; - com.badlogic.gdx.scenes.scene2d.Actor::fire@305 (line 169)
  0x000001d0bcd05ca8: 3494 0207 

  0x000001d0bcd05cac: ;   {post_call_nop}
  0x000001d0bcd05cac: 0f1f 8400 | 241b 0015 

  0x000001d0bcd05cb4: ;   {oop(a 'java/lang/Class'{0x00000000842172e0} = 'com/badlogic/gdx/scenes/scene2d/Actor')}
  0x000001d0bcd05cb4: 49b8 e072 | 2184 0000 | 0000 418b | 5078 483b | 024c 8bc2 

  0x000001d0bcd05cc8: ;   {metadata(method data for {method} {0x000001d0d1815300} 'fire' '(Lcom/badlogic/gdx/scenes/scene2d/Event;)Z' in 'com/badlogic/gdx/scenes/scene2d/Actor')}
  0x000001d0bcd05cc8: 48be a0c1 | 93d1 d001 

  0x000001d0bcd05cd0: ;   {metadata('com/badlogic/gdx/utils/PoolManager')}
  0x000001d0bcd05cd0: 0000 49ba | e0d8 082c | 0000 0000 | 4c89 9638 | 0900 0048 | 8386 4009 | 0000 014c | 8b44 2450 
  0x000001d0bcd05cf0: 0f1f 8000 

  0x000001d0bcd05cf4: ;   {optimized virtual_call}
  0x000001d0bcd05cf4: 0000 00e8 

  0x000001d0bcd05cf8: ; ImmutableOopMap {[136]=Oop }
                      ;*invokevirtual free {reexecute=0 rethrow=0 return_oop=0}
                      ; - com.badlogic.gdx.scenes.scene2d.Actor::fire@312 (line 170)
  0x000001d0bcd05cf8: e490 0207 

  0x000001d0bcd05cfc: ;   {post_call_nop}
  0x000001d0bcd05cfc: 0f1f 8400 | 741b 0016 | 488b 8424 | 8800 0000 | e923 0200 

  0x000001d0bcd05d10: ;   {metadata({method} {0x000001d0d1815300} 'fire' '(Lcom/badlogic/gdx/scenes/scene2d/Event;)Z' in 'com/badlogic/gdx/scenes/scene2d/Actor')}
  0x000001d0bcd05d10: 0049 baf8 | 5281 d1d0 | 0100 004c | 8954 2408 | 48c7 0424 | ffff ffff 

  0x000001d0bcd05d28: ;   {runtime_call C1 Runtime counter_overflow_blob}
  0x000001d0bcd05d28: e8b3 d80f 

  0x000001d0bcd05d2c: ; ImmutableOopMap {rdx=Oop r8=Oop [56]=Oop [64]=Oop }
                      ;*synchronization entry
                      ; - com.badlogic.gdx.scenes.scene2d.Actor::fire@-1 (line 132)
  0x000001d0bcd05d2c: 07e9 bee5 

  0x000001d0bcd05d30: ;   {runtime_call C1 Runtime throw_null_pointer_exception_blob}
  0x000001d0bcd05d30: ffff e829 

  0x000001d0bcd05d34: ; ImmutableOopMap {rdx=Oop r8=Oop [56]=Oop [64]=Oop }
                      ;*invokevirtual getStage {reexecute=0 rethrow=0 return_oop=0}
                      ; - com.badlogic.gdx.scenes.scene2d.Actor::fire@1 (line 132)
  0x000001d0bcd05d34: dd06 0741 | 8b78 1448 | 83ff 000f | 849a e7ff | ff48 893c 

  0x000001d0bcd05d48: ;   {runtime_call g1_pre_barrier_slow}
  0x000001d0bcd05d48: 24e8 92d1 | 0f07 e98c | e7ff ff48 | 83fe 000f | 849d e7ff | ff4c 8904 

  0x000001d0bcd05d60: ;   {runtime_call g1_post_barrier_slow}
  0x000001d0bcd05d60: 24e8 7a10 | 1007 e98f | e7ff ff41 | 8b70 1848 | 83fe 000f | 841d e8ff | ff48 8934 

  0x000001d0bcd05d7c: ;   {runtime_call g1_pre_barrier_slow}
  0x000001d0bcd05d7c: 24e8 5ed1 | 0f07 e90f | e8ff ff48 | 83fa 000f | 8420 e8ff | ff4c 8904 

  0x000001d0bcd05d94: ;   {runtime_call g1_post_barrier_slow}
  0x000001d0bcd05d94: 24e8 4610 | 1007 e912 

  0x000001d0bcd05d9c: ;   {runtime_call C1 Runtime throw_null_pointer_exception_blob}
  0x000001d0bcd05d9c: e8ff ffe8 

  0x000001d0bcd05da0: ; ImmutableOopMap {rdx=Oop r8=Oop rsi=Oop [56]=Oop [64]=Oop }
                      ;*invokevirtual obtain {reexecute=0 rethrow=0 return_oop=0}
                      ; - com.badlogic.gdx.scenes.scene2d.Actor::fire@25 (line 136)
  0x000001d0bcd05da0: bcdc 0607 | 4889 0424 

  0x000001d0bcd05da8: ;   {runtime_call C1 Runtime throw_class_cast_exception_blob}
  0x000001d0bcd05da8: e833 c50f 

  0x000001d0bcd05dac: ; ImmutableOopMap {[56]=Oop [64]=Oop }
                      ;*checkcast {reexecute=0 rethrow=0 return_oop=0}
                      ; - com.badlogic.gdx.scenes.scene2d.Actor::fire@28 (line 136)
                      ;   {runtime_call C1 Runtime throw_null_pointer_exception_blob}
  0x000001d0bcd05dac: 07e8 aedc 

  0x000001d0bcd05db0: ; ImmutableOopMap {rsi=Oop r8=Oop [56]=Oop [64]=Oop [80]=Oop }
                      ;*invokevirtual add {reexecute=0 rethrow=0 return_oop=0}
                      ; - com.badlogic.gdx.scenes.scene2d.Actor::fire@43 (line 139)
                      ;   {runtime_call C1 Runtime throw_null_pointer_exception_blob}
  0x000001d0bcd05db0: 0607 e8a9 

  0x000001d0bcd05db4: ; ImmutableOopMap {[56]=Oop [64]=Oop [80]=Oop }
                      ;*getfield parent {reexecute=1 rethrow=0 return_oop=0}
                      ; - (reexecute) com.badlogic.gdx.scenes.scene2d.Actor::fire@47 (line 140)
                      ;   {metadata({method} {0x000001d0d1815300} 'fire' '(Lcom/badlogic/gdx/scenes/scene2d/Event;)Z' in 'com/badlogic/gdx/scenes/scene2d/Actor')}
  0x000001d0bcd05db4: dc06 0749 | baf8 5281 | d1d0 0100 | 004c 8954 | 2408 48c7 | 0424 3300 

  0x000001d0bcd05dcc: ;   {runtime_call C1 Runtime counter_overflow_blob}
  0x000001d0bcd05dcc: 0000 e80d 

  0x000001d0bcd05dd0: ; ImmutableOopMap {r8=Oop [56]=Oop [64]=Oop [80]=Oop }
                      ;*goto {reexecute=1 rethrow=0 return_oop=0}
                      ; - (reexecute) com.badlogic.gdx.scenes.scene2d.Actor::fire@51 (line 140)
  0x000001d0bcd05dd0: d80f 07e9 | dee9 ffff 

  0x000001d0bcd05dd8: ;   {runtime_call C1 Runtime throw_null_pointer_exception_blob}
  0x000001d0bcd05dd8: e883 dc06 

  0x000001d0bcd05ddc: ; ImmutableOopMap {rsi=Oop [56]=Oop [64]=Oop [80]=Oop }
                      ;*getfield items {reexecute=1 rethrow=0 return_oop=0}
                      ; - (reexecute) com.badlogic.gdx.scenes.scene2d.Actor::fire@55 (line 145)
                      ;   {runtime_call C1 Runtime throw_null_pointer_exception_blob}
  0x000001d0bcd05ddc: 07e8 7edc 

  0x000001d0bcd05de0: ; ImmutableOopMap {rdi=Oop rsi=Oop [56]=Oop [64]=Oop [80]=Oop [96]=Oop }
                      ;*aaload {reexecute=0 rethrow=0 return_oop=0}
                      ; - com.badlogic.gdx.scenes.scene2d.Actor::fire@77 (line 147)
                      ;   {runtime_call C1 Runtime throw_null_pointer_exception_blob}
  0x000001d0bcd05de0: 0607 e879 

  0x000001d0bcd05de4: ; ImmutableOopMap {rdi=Oop rsi=Oop [56]=Oop [64]=Oop [80]=Oop [96]=Oop }
                      ;*aaload {reexecute=0 rethrow=0 return_oop=0}
                      ; - com.badlogic.gdx.scenes.scene2d.Actor::fire@77 (line 147)
  0x000001d0bcd05de4: dc06 074c | 8904 2448 | 897c 2408 

  0x000001d0bcd05df0: ;   {runtime_call C1 Runtime throw_range_check_failed_blob}
  0x000001d0bcd05df0: e86b e506 

  0x000001d0bcd05df4: ; ImmutableOopMap {rdi=Oop rsi=Oop [56]=Oop [64]=Oop [80]=Oop [96]=Oop }
                      ;*aaload {reexecute=0 rethrow=0 return_oop=0}
                      ; - com.badlogic.gdx.scenes.scene2d.Actor::fire@77 (line 147)
  0x000001d0bcd05df4: 074c 890c 

  0x000001d0bcd05df8: ;   {runtime_call C1 Runtime throw_class_cast_exception_blob}
  0x000001d0bcd05df8: 24e8 e2c4 

  0x000001d0bcd05dfc: ; ImmutableOopMap {rdi=Oop rsi=Oop [56]=Oop [64]=Oop [80]=Oop [96]=Oop }
                      ;*checkcast {reexecute=0 rethrow=0 return_oop=0}
                      ; - com.badlogic.gdx.scenes.scene2d.Actor::fire@78 (line 147)
                      ;   {runtime_call C1 Runtime throw_null_pointer_exception_blob}
  0x000001d0bcd05dfc: 0f07 e85d 

  0x000001d0bcd05e00: ; ImmutableOopMap {rdi=Oop rsi=Oop rdx=Oop [56]=Oop [64]=Oop [80]=Oop [96]=Oop }
                      ;*invokevirtual notify {reexecute=0 rethrow=0 return_oop=0}
                      ; - com.badlogic.gdx.scenes.scene2d.Actor::fire@87 (line 148)
                      ;   {metadata({method} {0x000001d0d1815300} 'fire' '(Lcom/badlogic/gdx/scenes/scene2d/Event;)Z' in 'com/badlogic/gdx/scenes/scene2d/Actor')}
  0x000001d0bcd05e00: dc06 0749 | baf8 5281 | d1d0 0100 | 004c 8954 | 2408 48c7 | 0424 7900 

  0x000001d0bcd05e18: ;   {runtime_call C1 Runtime counter_overflow_blob}
  0x000001d0bcd05e18: 0000 e8c1 

  0x000001d0bcd05e1c: ; ImmutableOopMap {r8=Oop [56]=Oop [64]=Oop [80]=Oop [96]=Oop }
                      ;*goto {reexecute=1 rethrow=0 return_oop=0}
                      ; - (reexecute) com.badlogic.gdx.scenes.scene2d.Actor::fire@121 (line 146)
  0x000001d0bcd05e1c: d70f 07e9 | 7aec ffff 

  0x000001d0bcd05e24: ;   {runtime_call C1 Runtime throw_null_pointer_exception_blob}
  0x000001d0bcd05e24: e837 dc06 

  0x000001d0bcd05e28: ; ImmutableOopMap {r8=Oop rsi=Oop [64]=Oop [80]=Oop [96]=Oop }
                      ;*aaload {reexecute=0 rethrow=0 return_oop=0}
                      ; - com.badlogic.gdx.scenes.scene2d.Actor::fire@239 (line 163)
                      ;   {runtime_call C1 Runtime throw_null_pointer_exception_blob}
  0x000001d0bcd05e28: 07e8 32dc 

  0x000001d0bcd05e2c: ; ImmutableOopMap {r8=Oop rsi=Oop [64]=Oop [80]=Oop [96]=Oop }
                      ;*aaload {reexecute=0 rethrow=0 return_oop=0}
                      ; - com.badlogic.gdx.scenes.scene2d.Actor::fire@239 (line 163)
  0x000001d0bcd05e2c: 0607 4889 | 1c24 4889 

  0x000001d0bcd05e34: ;   {runtime_call C1 Runtime throw_range_check_failed_blob}
  0x000001d0bcd05e34: 7424 08e8 

  0x000001d0bcd05e38: ; ImmutableOopMap {r8=Oop rsi=Oop [64]=Oop [80]=Oop [96]=Oop }
                      ;*aaload {reexecute=0 rethrow=0 return_oop=0}
                      ; - com.badlogic.gdx.scenes.scene2d.Actor::fire@239 (line 163)
  0x000001d0bcd05e38: 24e5 0607 | 4c89 0c24 

  0x000001d0bcd05e40: ;   {runtime_call C1 Runtime throw_class_cast_exception_blob}
  0x000001d0bcd05e40: e89b c40f 

  0x000001d0bcd05e44: ; ImmutableOopMap {r8=Oop rsi=Oop [64]=Oop [80]=Oop [96]=Oop }
                      ;*checkcast {reexecute=0 rethrow=0 return_oop=0}
                      ; - com.badlogic.gdx.scenes.scene2d.Actor::fire@240 (line 163)
                      ;   {runtime_call C1 Runtime throw_null_pointer_exception_blob}
  0x000001d0bcd05e44: 07e8 16dc 

  0x000001d0bcd05e48: ; ImmutableOopMap {r8=Oop rsi=Oop rdx=Oop [64]=Oop [80]=Oop [96]=Oop }
                      ;*invokevirtual notify {reexecute=0 rethrow=0 return_oop=0}
                      ; - com.badlogic.gdx.scenes.scene2d.Actor::fire@245 (line 163)
                      ;   {metadata({method} {0x000001d0d1815300} 'fire' '(Lcom/badlogic/gdx/scenes/scene2d/Event;)Z' in 'com/badlogic/gdx/scenes/scene2d/Actor')}
  0x000001d0bcd05e48: 0607 49ba | f852 81d1 | d001 0000 | 4c89 5424 | 0848 c704 | 2417 0100 

  0x000001d0bcd05e60: ;   {runtime_call C1 Runtime counter_overflow_blob}
  0x000001d0bcd05e60: 00e8 7ad7 

  0x000001d0bcd05e64: ; ImmutableOopMap {r8=Oop [64]=Oop [80]=Oop [96]=Oop }
                      ;*goto {reexecute=1 rethrow=0 return_oop=0}
                      ; - (reexecute) com.badlogic.gdx.scenes.scene2d.Actor::fire@279 (line 162)
  0x000001d0bcd05e64: 0f07 e9e7 

  0x000001d0bcd05e68: ;   {runtime_call C1 Runtime throw_null_pointer_exception_blob}
  0x000001d0bcd05e68: f2ff ffe8 

  0x000001d0bcd05e6c: ; ImmutableOopMap {rdx=Oop [80]=Oop }
                      ;*invokevirtual free {reexecute=0 rethrow=0 return_oop=0}
                      ; - com.badlogic.gdx.scenes.scene2d.Actor::fire@270 (line 170)
  0x000001d0bcd05e6c: f0db 0607 

  0x000001d0bcd05e70: ;   {internal_word}
  0x000001d0bcd05e70: 49ba 4e53 | d0bc d001 | 0000 4d89 | 97e0 0400 

  0x000001d0bcd05e80: ;   {runtime_call SafepointBlob}
  0x000001d0bcd05e80: 00e9 dab0 

  0x000001d0bcd05e84: ;   {runtime_call C1 Runtime throw_null_pointer_exception_blob}
  0x000001d0bcd05e84: 0207 e8d5 

  0x000001d0bcd05e88: ; ImmutableOopMap {rdx=Oop [80]=Oop }
                      ;*invokevirtual free {reexecute=0 rethrow=0 return_oop=0}
                      ; - com.badlogic.gdx.scenes.scene2d.Actor::fire@296 (line 170)
                      ;   {internal_word}
  0x000001d0bcd05e88: db06 0749 | baee 54d0 | bcd0 0100 | 004d 8997 | e004 0000 

  0x000001d0bcd05e9c: ;   {runtime_call SafepointBlob}
  0x000001d0bcd05e9c: e9bf b002 

  0x000001d0bcd05ea0: ;   {runtime_call C1 Runtime throw_null_pointer_exception_blob}
  0x000001d0bcd05ea0: 07e8 badb 

  0x000001d0bcd05ea4: ; ImmutableOopMap {rdx=Oop [80]=Oop }
                      ;*invokevirtual free {reexecute=0 rethrow=0 return_oop=0}
                      ; - com.badlogic.gdx.scenes.scene2d.Actor::fire@213 (line 170)
                      ;   {internal_word}
  0x000001d0bcd05ea4: 0607 49ba | a656 d0bc | d001 0000 | 4d89 97e0 

  0x000001d0bcd05eb4: ;   {runtime_call SafepointBlob}
  0x000001d0bcd05eb4: 0400 00e9 | a4b0 0207 

  0x000001d0bcd05ebc: ;   {runtime_call C1 Runtime throw_null_pointer_exception_blob}
  0x000001d0bcd05ebc: e89f db06 

  0x000001d0bcd05ec0: ; ImmutableOopMap {rdx=Oop [80]=Oop }
                      ;*invokevirtual free {reexecute=0 rethrow=0 return_oop=0}
                      ; - com.badlogic.gdx.scenes.scene2d.Actor::fire@186 (line 170)
                      ;   {internal_word}
  0x000001d0bcd05ec0: 0749 ba5e | 58d0 bcd0 | 0100 004d | 8997 e004 

  0x000001d0bcd05ed0: ;   {runtime_call SafepointBlob}
  0x000001d0bcd05ed0: 0000 e989 

  0x000001d0bcd05ed4: ;   {runtime_call C1 Runtime throw_null_pointer_exception_blob}
  0x000001d0bcd05ed4: b002 07e8 

  0x000001d0bcd05ed8: ; ImmutableOopMap {rdx=Oop [80]=Oop }
                      ;*invokevirtual free {reexecute=0 rethrow=0 return_oop=0}
                      ; - com.badlogic.gdx.scenes.scene2d.Actor::fire@152 (line 170)
  0x000001d0bcd05ed8: 84db 0607 

  0x000001d0bcd05edc: ;   {internal_word}
  0x000001d0bcd05edc: 49ba 165a | d0bc d001 | 0000 4d89 | 97e0 0400 

  0x000001d0bcd05eec: ;   {runtime_call SafepointBlob}
  0x000001d0bcd05eec: 00e9 6eb0 

  0x000001d0bcd05ef0: ;   {runtime_call C1 Runtime throw_null_pointer_exception_blob}
  0x000001d0bcd05ef0: 0207 e869 

  0x000001d0bcd05ef4: ; ImmutableOopMap {rdx=Oop [80]=Oop }
                      ;*invokevirtual free {reexecute=0 rethrow=0 return_oop=0}
                      ; - com.badlogic.gdx.scenes.scene2d.Actor::fire@112 (line 170)
                      ;   {internal_word}
  0x000001d0bcd05ef4: db06 0749 | bad1 5bd0 | bcd0 0100 | 004d 8997 | e004 0000 

  0x000001d0bcd05f08: ;   {runtime_call SafepointBlob}
  0x000001d0bcd05f08: e953 b002 

  0x000001d0bcd05f0c: ;   {runtime_call C1 Runtime throw_null_pointer_exception_blob}
  0x000001d0bcd05f0c: 07e8 4edb 

  0x000001d0bcd05f10: ; ImmutableOopMap {rsi=Oop [80]=Oop [136]=Oop }
                      ;*invokevirtual clear {reexecute=0 rethrow=0 return_oop=0}
                      ; - com.badlogic.gdx.scenes.scene2d.Actor::fire@305 (line 169)
                      ;   {runtime_call C1 Runtime throw_null_pointer_exception_blob}
  0x000001d0bcd05f10: 0607 e849 

  0x000001d0bcd05f14: ; ImmutableOopMap {rdx=Oop [80]=Oop [136]=Oop }
                      ;*invokevirtual free {reexecute=0 rethrow=0 return_oop=0}
                      ; - com.badlogic.gdx.scenes.scene2d.Actor::fire@312 (line 170)
  0x000001d0bcd05f14: db06 0749 | 8b87 8805 | 0000 49c7 | 8788 0500 | 0000 0000 | 0049 c787 | 9005 0000 | 0000 0000 
  0x000001d0bcd05f34: 4881 c4a0 | 0000 005d 

  0x000001d0bcd05f3c: ;   {runtime_call C1 Runtime unwind_exception_blob}
  0x000001d0bcd05f3c: e91f ea06 | 07f4 f4f4 | f4f4 f4f4 
[Stub Code]
  0x000001d0bcd05f48: ;   {other}
  0x000001d0bcd05f48: 0f1f 4400 

  0x000001d0bcd05f4c: ;   {static_stub}
  0x000001d0bcd05f4c: 0048 bb00 | 0000 0000 

  0x000001d0bcd05f54: ;   {runtime_call nmethod}
  0x000001d0bcd05f54: 0000 00e9 | fbff ffff 

  0x000001d0bcd05f5c: ;   {static_stub}
  0x000001d0bcd05f5c: 9048 bb00 | 0000 0000 

  0x000001d0bcd05f64: ;   {runtime_call nmethod}
  0x000001d0bcd05f64: 0000 00e9 | fbff ffff 

  0x000001d0bcd05f6c: ;   {static_stub}
  0x000001d0bcd05f6c: 9048 bb00 | 0000 0000 

  0x000001d0bcd05f74: ;   {runtime_call nmethod}
  0x000001d0bcd05f74: 0000 00e9 | fbff ffff 

  0x000001d0bcd05f7c: ;   {static_stub}
  0x000001d0bcd05f7c: 9048 bb00 | 0000 0000 

  0x000001d0bcd05f84: ;   {runtime_call nmethod}
  0x000001d0bcd05f84: 0000 00e9 | fbff ffff 

  0x000001d0bcd05f8c: ;   {static_stub}
  0x000001d0bcd05f8c: 9048 bb00 | 0000 0000 

  0x000001d0bcd05f94: ;   {runtime_call nmethod}
  0x000001d0bcd05f94: 0000 00e9 | fbff ffff 

  0x000001d0bcd05f9c: ;   {static_stub}
  0x000001d0bcd05f9c: 9048 bb00 | 0000 0000 

  0x000001d0bcd05fa4: ;   {runtime_call nmethod}
  0x000001d0bcd05fa4: 0000 00e9 | fbff ffff 

  0x000001d0bcd05fac: ;   {static_stub}
  0x000001d0bcd05fac: 9048 bb00 | 0000 0000 

  0x000001d0bcd05fb4: ;   {runtime_call nmethod}
  0x000001d0bcd05fb4: 0000 00e9 | fbff ffff 

  0x000001d0bcd05fbc: ;   {static_stub}
  0x000001d0bcd05fbc: 9048 bb00 | 0000 0000 

  0x000001d0bcd05fc4: ;   {runtime_call nmethod}
  0x000001d0bcd05fc4: 0000 00e9 | fbff ffff 

  0x000001d0bcd05fcc: ;   {static_stub}
  0x000001d0bcd05fcc: 9048 bb00 | 0000 0000 

  0x000001d0bcd05fd4: ;   {runtime_call nmethod}
  0x000001d0bcd05fd4: 0000 00e9 | fbff ffff 

  0x000001d0bcd05fdc: ;   {static_stub}
  0x000001d0bcd05fdc: 9048 bb00 | 0000 0000 

  0x000001d0bcd05fe4: ;   {runtime_call nmethod}
  0x000001d0bcd05fe4: 0000 00e9 | fbff ffff 

  0x000001d0bcd05fec: ;   {static_stub}
  0x000001d0bcd05fec: 9048 bb00 | 0000 0000 

  0x000001d0bcd05ff4: ;   {runtime_call nmethod}
  0x000001d0bcd05ff4: 0000 00e9 | fbff ffff 

  0x000001d0bcd05ffc: ;   {static_stub}
  0x000001d0bcd05ffc: 9048 bb00 | 0000 0000 

  0x000001d0bcd06004: ;   {runtime_call nmethod}
  0x000001d0bcd06004: 0000 00e9 | fbff ffff 

  0x000001d0bcd0600c: ;   {static_stub}
  0x000001d0bcd0600c: 9048 bb00 | 0000 0000 

  0x000001d0bcd06014: ;   {runtime_call nmethod}
  0x000001d0bcd06014: 0000 00e9 | fbff ffff 

  0x000001d0bcd0601c: ;   {static_stub}
  0x000001d0bcd0601c: 9048 bb00 | 0000 0000 

  0x000001d0bcd06024: ;   {runtime_call nmethod}
  0x000001d0bcd06024: 0000 00e9 | fbff ffff 

  0x000001d0bcd0602c: ;   {static_stub}
  0x000001d0bcd0602c: 9048 bb00 | 0000 0000 

  0x000001d0bcd06034: ;   {runtime_call nmethod}
  0x000001d0bcd06034: 0000 00e9 | fbff ffff 

  0x000001d0bcd0603c: ;   {static_stub}
  0x000001d0bcd0603c: 9048 bb00 | 0000 0000 

  0x000001d0bcd06044: ;   {runtime_call nmethod}
  0x000001d0bcd06044: 0000 00e9 | fbff ffff 

  0x000001d0bcd0604c: ;   {static_stub}
  0x000001d0bcd0604c: 9048 bb00 | 0000 0000 

  0x000001d0bcd06054: ;   {runtime_call nmethod}
  0x000001d0bcd06054: 0000 00e9 | fbff ffff 

  0x000001d0bcd0605c: ;   {static_stub}
  0x000001d0bcd0605c: 9048 bb00 | 0000 0000 

  0x000001d0bcd06064: ;   {runtime_call nmethod}
  0x000001d0bcd06064: 0000 00e9 | fbff ffff 

  0x000001d0bcd0606c: ;   {static_stub}
  0x000001d0bcd0606c: 9048 bb00 | 0000 0000 

  0x000001d0bcd06074: ;   {runtime_call nmethod}
  0x000001d0bcd06074: 0000 00e9 | fbff ffff 

  0x000001d0bcd0607c: ;   {static_stub}
  0x000001d0bcd0607c: 9048 bb00 | 0000 0000 

  0x000001d0bcd06084: ;   {runtime_call nmethod}
  0x000001d0bcd06084: 0000 00e9 | fbff ffff 
[Exception Handler]
  0x000001d0bcd0608c: ;   {runtime_call C1 Runtime handle_exception_from_callee_blob}
  0x000001d0bcd0608c: e8cf bb06 

  0x000001d0bcd06090: ;   {external_word}
  0x000001d0bcd06090: 0748 b928 | 08e0 f1fa | 7f00 0048 

  0x000001d0bcd0609c: ;   {runtime_call}
  0x000001d0bcd0609c: 83e4 f048 | b850 8ca3 | f1fa 7f00 | 00ff d0f4 
[Deopt Handler Code]
  0x000001d0bcd060ac: ;   {section_word}
  0x000001d0bcd060ac: 49ba ac60 | d0bc d001 | 0000 4152 

  0x000001d0bcd060b8: ;   {runtime_call DeoptimizationBlob}
  0x000001d0bcd060b8: e9a3 b102 | 07f4 f4f4 
[/MachCode]


---------------  P R O C E S S  ---------------

Threads class SMR info:
_java_thread_list=0x000001d0f7f11050, length=15, elements={
0x000001d0b3f3adc0, 0x000001d0d052b2a0, 0x000001d0d052c100, 0x000001d0d0532bf0,
0x000001d0d0534a40, 0x000001d0d0535600, 0x000001d0d05361c0, 0x000001d0d05370b0,
0x000001d0d053d8e0, 0x000001d0d0703be0, 0x000001d0d5186f90, 0x000001d0d5187750,
0x000001d0d59bdd30, 0x000001d0d6114620, 0x000001d0d66f4010
}

Java Threads: ( => current thread )
=>0x000001d0b3f3adc0 JavaThread "main"                              [_thread_in_native, id=8820, stack(0x000000bb83e00000,0x000000bb83f00000) (1024K)]
  0x000001d0d052b2a0 JavaThread "Reference Handler"          daemon [_thread_blocked, id=1236, stack(0x000000bb84700000,0x000000bb84800000) (1024K)]
  0x000001d0d052c100 JavaThread "Finalizer"                  daemon [_thread_blocked, id=9400, stack(0x000000bb84800000,0x000000bb84900000) (1024K)]
  0x000001d0d0532bf0 JavaThread "Signal Dispatcher"          daemon [_thread_blocked, id=2328, stack(0x000000bb84900000,0x000000bb84a00000) (1024K)]
  0x000001d0d0534a40 JavaThread "Attach Listener"            daemon [_thread_blocked, id=4932, stack(0x000000bb84a00000,0x000000bb84b00000) (1024K)]
  0x000001d0d0535600 JavaThread "Service Thread"             daemon [_thread_blocked, id=6108, stack(0x000000bb84b00000,0x000000bb84c00000) (1024K)]
  0x000001d0d05361c0 JavaThread "Monitor Deflation Thread"   daemon [_thread_blocked, id=11708, stack(0x000000bb84c00000,0x000000bb84d00000) (1024K)]
  0x000001d0d05370b0 JavaThread "C2 CompilerThread0"         daemon [_thread_blocked, id=4976, stack(0x000000bb84d00000,0x000000bb84e00000) (1024K)]
  0x000001d0d053d8e0 JavaThread "C1 CompilerThread0"         daemon [_thread_blocked, id=2052, stack(0x000000bb84e00000,0x000000bb84f00000) (1024K)]
  0x000001d0d0703be0 JavaThread "Common-Cleaner"             daemon [_thread_blocked, id=14060, stack(0x000000bb84f00000,0x000000bb85000000) (1024K)]
  0x000001d0d5186f90 JavaThread "Monitor Ctrl-Break"         daemon [_thread_in_native, id=9272, stack(0x000000bb85100000,0x000000bb85200000) (1024K)]
  0x000001d0d5187750 JavaThread "Notification Thread"        daemon [_thread_blocked, id=3752, stack(0x000000bb85200000,0x000000bb85300000) (1024K)]
  0x000001d0d59bdd30 JavaThread "Thread-0"                   daemon [_thread_blocked, id=7756, stack(0x000000bb85000000,0x000000bb85100000) (1024K)]
  0x000001d0d6114620 JavaThread "LWJGL3 Timer"               daemon [_thread_blocked, id=6840, stack(0x000000bb86000000,0x000000bb86100000) (1024K)]
  0x000001d0d66f4010 JavaThread "Timer"                      daemon [_thread_blocked, id=4644, stack(0x000000bb86100000,0x000000bb86200000) (1024K)]
Total: 15

Other Threads:
  0x000001d0d0518e30 VMThread "VM Thread"                           [id=13024, stack(0x000000bb84600000,0x000000bb84700000) (1024K)]
  0x000001d0d050d000 WatcherThread "VM Periodic Task Thread"        [id=10600, stack(0x000000bb84500000,0x000000bb84600000) (1024K)]
  0x000001d0b3f93e70 WorkerThread "GC Thread#0"                     [id=9648, stack(0x000000bb84000000,0x000000bb84100000) (1024K)]
  0x000001d0de3b86b0 WorkerThread "GC Thread#1"                     [id=14164, stack(0x000000bb85d00000,0x000000bb85e00000) (1024K)]
  0x000001d0de3b8ae0 WorkerThread "GC Thread#2"                     [id=10368, stack(0x000000bb85e00000,0x000000bb85f00000) (1024K)]
  0x000001d0de223b60 WorkerThread "GC Thread#3"                     [id=10256, stack(0x000000bb85f00000,0x000000bb86000000) (1024K)]
  0x000001d0b1d2df10 ConcurrentGCThread "G1 Main Marker"            [id=812, stack(0x000000bb84100000,0x000000bb84200000) (1024K)]
  0x000001d0b1d2eab0 WorkerThread "G1 Conc#0"                       [id=12440, stack(0x000000bb84200000,0x000000bb84300000) (1024K)]
  0x000001d0b3fdab10 ConcurrentGCThread "G1 Refine#0"               [id=8252, stack(0x000000bb84300000,0x000000bb84400000) (1024K)]
  0x000001d0b3fdb720 ConcurrentGCThread "G1 Service"                [id=7968, stack(0x000000bb84400000,0x000000bb84500000) (1024K)]
Total: 10

Threads with active compile tasks:
Total: 0

VM state: not at safepoint (normal execution)

VM Mutex/Monitor currently owned by a thread: None

Heap address: 0x0000000081400000, size: 2028 MB, Compressed Oops mode: 32-bit

CDS archive(s) mapped at: [0x000000002b000000-0x000000002bdd0000-0x000000002bdd0000), size 14483456, SharedBaseAddress: 0x000000002b000000, ArchiveRelocationMode: 1.
Compressed class space mapped at: 0x000000002c000000-0x000000006c000000, reserved size: 1073741824
UseCompressedClassPointers 1, UseCompactObjectHeaders 0
Narrow klass pointer bits 32, Max shift 3
Narrow klass base: 0x000000002b000000, Narrow klass shift: 0
Encoding Range: [0x000000002b000000 - 0x000000012b000000), (4294967296 bytes)
Klass Range:    [0x000000002b010000 - 0x000000006c000000), (1090453504 bytes)
Klass ID Range:  [65536 - 1090519033) (1090453497)
Protection zone: [0x000000002b000000 - 0x000000002b010000), (65536 bytes)

GC Precious Log:
 CardTable entry size: 512
 Card Set container configuration: InlinePtr #cards 5 size 8 Array Of Cards #cards 10 size 36 Howl #buckets 4 coarsen threshold 1843 Howl Bitmap #cards 512 size 80 coarsen threshold 460 Card regions per heap region 1 cards per card region 2048
 CPUs: 4 total, 4 available
 Memory: 8106M
 Large Page Support: Disabled
 NUMA Support: Disabled
 Compressed Oops: Enabled (32-bit)
 Heap Region Size: 1M
 Heap Min Capacity: 8M
 Heap Initial Capacity: 128M
 Heap Max Capacity: 2028M
 Pre-touch: Disabled
 Parallel Workers: 4
 Concurrent Workers: 1
 Concurrent Refinement Workers: 4
 Periodic GC: Disabled

Heap:
 garbage-first heap   total reserved 2076672K, committed 329728K, used 162963K [0x0000000081400000, 0x0000000100000000)
  region size 1024K, 30 young (30720K), 9 survivors (9216K)

Heap Regions: E=young(eden), S=young(survivor), O=old, HS=humongous(starts), HC=humongous(continues), CS=collection set, F=free, TAMS=top-at-mark-start, PB=parsable bottom
|   0|0x0000000081400000, 0x0000000081500000, 0x0000000081500000|100%|HS|  |TAMS 0x0000000081400000| PB 0x0000000081400000| Complete |  0
|   1|0x0000000081500000, 0x0000000081600000, 0x0000000081600000|100%|HC|  |TAMS 0x0000000081500000| PB 0x0000000081500000| Complete |  0
|   2|0x0000000081600000, 0x0000000081700000, 0x0000000081700000|100%|HS|  |TAMS 0x0000000081600000| PB 0x0000000081600000| Complete |  0
|   3|0x0000000081700000, 0x0000000081800000, 0x0000000081800000|100%|HC|  |TAMS 0x0000000081700000| PB 0x0000000081700000| Complete |  0
|   4|0x0000000081800000, 0x0000000081900000, 0x0000000081900000|100%|HC|  |TAMS 0x0000000081800000| PB 0x0000000081800000| Complete |  0
|   5|0x0000000081900000, 0x0000000081a00000, 0x0000000081a00000|100%|HS|  |TAMS 0x0000000081900000| PB 0x0000000081900000| Complete |  0
|   6|0x0000000081a00000, 0x0000000081b00000, 0x0000000081b00000|100%|HC|  |TAMS 0x0000000081a00000| PB 0x0000000081a00000| Complete |  0
|   7|0x0000000081b00000, 0x0000000081c00000, 0x0000000081c00000|100%|HC|  |TAMS 0x0000000081b00000| PB 0x0000000081b00000| Complete |  0
|   8|0x0000000081c00000, 0x0000000081d00000, 0x0000000081d00000|100%|HC|  |TAMS 0x0000000081c00000| PB 0x0000000081c00000| Complete |  0
|   9|0x0000000081d00000, 0x0000000081d00000, 0x0000000081e00000|  0%| F|  |TAMS 0x0000000081d00000| PB 0x0000000081d00000| Untracked |  0
|  10|0x0000000081e00000, 0x0000000081e00000, 0x0000000081f00000|  0%| F|  |TAMS 0x0000000081e00000| PB 0x0000000081e00000| Untracked |  0
|  11|0x0000000081f00000, 0x0000000081f00000, 0x0000000082000000|  0%| F|  |TAMS 0x0000000081f00000| PB 0x0000000081f00000| Untracked |  0
|  12|0x0000000082000000, 0x0000000082000000, 0x0000000082100000|  0%| F|  |TAMS 0x0000000082000000| PB 0x0000000082000000| Untracked |  0
|  13|0x0000000082100000, 0x0000000082100000, 0x0000000082200000|  0%| F|  |TAMS 0x0000000082100000| PB 0x0000000082100000| Untracked |  0
|  14|0x0000000082200000, 0x0000000082200000, 0x0000000082300000|  0%| F|  |TAMS 0x0000000082200000| PB 0x0000000082200000| Untracked |  0
|  15|0x0000000082300000, 0x0000000082300000, 0x0000000082400000|  0%| F|  |TAMS 0x0000000082300000| PB 0x0000000082300000| Untracked |  0
|  16|0x0000000082400000, 0x0000000082400000, 0x0000000082500000|  0%| F|  |TAMS 0x0000000082400000| PB 0x0000000082400000| Untracked |  0
|  17|0x0000000082500000, 0x0000000082500000, 0x0000000082600000|  0%| F|  |TAMS 0x0000000082500000| PB 0x0000000082500000| Untracked |  0
|  18|0x0000000082600000, 0x0000000082600000, 0x0000000082700000|  0%| F|  |TAMS 0x0000000082600000| PB 0x0000000082600000| Untracked |  0
|  19|0x0000000082700000, 0x0000000082700000, 0x0000000082800000|  0%| F|  |TAMS 0x0000000082700000| PB 0x0000000082700000| Untracked |  0
|  20|0x0000000082800000, 0x0000000082800000, 0x0000000082900000|  0%| F|  |TAMS 0x0000000082800000| PB 0x0000000082800000| Untracked |  0
|  21|0x0000000082900000, 0x0000000082900000, 0x0000000082a00000|  0%| F|  |TAMS 0x0000000082900000| PB 0x0000000082900000| Untracked |  0
|  22|0x0000000082a00000, 0x0000000082b00000, 0x0000000082b00000|100%| O|  |TAMS 0x0000000082a00000| PB 0x0000000082a00000| Untracked |  0
|  23|0x0000000082b00000, 0x0000000082b00000, 0x0000000082c00000|  0%| F|  |TAMS 0x0000000082b00000| PB 0x0000000082b00000| Untracked |  0
|  24|0x0000000082c00000, 0x0000000082d00000, 0x0000000082d00000|100%| O|Cm|TAMS 0x0000000082c00000| PB 0x0000000082c00000| Complete |  0
|  25|0x0000000082d00000, 0x0000000082e00000, 0x0000000082e00000|100%| O|Cm|TAMS 0x0000000082d00000| PB 0x0000000082d00000| Complete |  0
|  26|0x0000000082e00000, 0x0000000082f00000, 0x0000000082f00000|100%| O|  |TAMS 0x0000000082e00000| PB 0x0000000082e00000| Untracked |  0
|  27|0x0000000082f00000, 0x0000000083000000, 0x0000000083000000|100%| O|  |TAMS 0x0000000082f00000| PB 0x0000000082f00000| Untracked |  0
|  28|0x0000000083000000, 0x0000000083100000, 0x0000000083100000|100%| O|  |TAMS 0x0000000083000000| PB 0x0000000083000000| Untracked |  0
|  29|0x0000000083100000, 0x0000000083200000, 0x0000000083200000|100%| O|  |TAMS 0x0000000083100000| PB 0x0000000083100000| Untracked |  0
|  30|0x0000000083200000, 0x0000000083300000, 0x0000000083300000|100%| O|  |TAMS 0x0000000083200000| PB 0x0000000083200000| Untracked |  0
|  31|0x0000000083300000, 0x0000000083400000, 0x0000000083400000|100%| O|  |TAMS 0x0000000083300000| PB 0x0000000083300000| Untracked |  0
|  32|0x0000000083400000, 0x0000000083500000, 0x0000000083500000|100%| O|  |TAMS 0x0000000083400000| PB 0x0000000083400000| Untracked |  0
|  33|0x0000000083500000, 0x0000000083600000, 0x0000000083600000|100%| O|  |TAMS 0x0000000083500000| PB 0x0000000083500000| Untracked |  0
|  34|0x0000000083600000, 0x0000000083700000, 0x0000000083700000|100%| O|  |TAMS 0x0000000083600000| PB 0x0000000083600000| Untracked |  0
|  35|0x0000000083700000, 0x0000000083800000, 0x0000000083800000|100%| O|  |TAMS 0x0000000083700000| PB 0x0000000083700000| Untracked |  0
|  36|0x0000000083800000, 0x0000000083900000, 0x0000000083900000|100%| O|  |TAMS 0x0000000083800000| PB 0x0000000083800000| Untracked |  0
|  37|0x0000000083900000, 0x0000000083a00000, 0x0000000083a00000|100%| O|  |TAMS 0x0000000083900000| PB 0x0000000083900000| Untracked |  0
|  38|0x0000000083a00000, 0x0000000083b00000, 0x0000000083b00000|100%| O|  |TAMS 0x0000000083a00000| PB 0x0000000083a00000| Untracked |  0
|  39|0x0000000083b00000, 0x0000000083c00000, 0x0000000083c00000|100%| O|  |TAMS 0x0000000083b00000| PB 0x0000000083b00000| Untracked |  0
|  40|0x0000000083c00000, 0x0000000083d00000, 0x0000000083d00000|100%| O|  |TAMS 0x0000000083c00000| PB 0x0000000083c00000| Untracked |  0
|  41|0x0000000083d00000, 0x0000000083e00000, 0x0000000083e00000|100%| O|  |TAMS 0x0000000083d00000| PB 0x0000000083d00000| Untracked |  0
|  42|0x0000000083e00000, 0x0000000083f00000, 0x0000000083f00000|100%| O|  |TAMS 0x0000000083e00000| PB 0x0000000083e00000| Untracked |  0
|  43|0x0000000083f00000, 0x0000000084000000, 0x0000000084000000|100%| O|Cm|TAMS 0x0000000083f00000| PB 0x0000000083f00000| Complete |  0
|  44|0x0000000084000000, 0x0000000084100000, 0x0000000084100000|100%| O|Cm|TAMS 0x0000000084000000| PB 0x0000000084000000| Complete |  0
|  45|0x0000000084100000, 0x0000000084100000, 0x0000000084200000|  0%| F|  |TAMS 0x0000000084100000| PB 0x0000000084100000| Untracked |  0
|  46|0x0000000084200000, 0x0000000084300000, 0x0000000084300000|100%| O|  |TAMS 0x0000000084200000| PB 0x0000000084200000| Untracked |  0
|  47|0x0000000084300000, 0x0000000084300000, 0x0000000084400000|  0%| F|  |TAMS 0x0000000084300000| PB 0x0000000084300000| Untracked |  0
|  48|0x0000000084400000, 0x0000000084400000, 0x0000000084500000|  0%| F|  |TAMS 0x0000000084400000| PB 0x0000000084400000| Untracked |  0
|  49|0x0000000084500000, 0x0000000084500000, 0x0000000084600000|  0%| F|  |TAMS 0x0000000084500000| PB 0x0000000084500000| Untracked |  0
|  50|0x0000000084600000, 0x0000000084700000, 0x0000000084700000|100%| O|Cm|TAMS 0x0000000084600000| PB 0x0000000084600000| Complete |  0
|  51|0x0000000084700000, 0x0000000084700000, 0x0000000084800000|  0%| F|  |TAMS 0x0000000084700000| PB 0x0000000084700000| Untracked |  0
|  52|0x0000000084800000, 0x0000000084900000, 0x0000000084900000|100%| O|Cm|TAMS 0x0000000084800000| PB 0x0000000084800000| Complete |  0
|  53|0x0000000084900000, 0x0000000084900000, 0x0000000084a00000|  0%| F|  |TAMS 0x0000000084900000| PB 0x0000000084900000| Untracked |  0
|  54|0x0000000084a00000, 0x0000000084b00000, 0x0000000084b00000|100%| O|Cm|TAMS 0x0000000084a00000| PB 0x0000000084a00000| Complete |  0
|  55|0x0000000084b00000, 0x0000000084b00000, 0x0000000084c00000|  0%| F|  |TAMS 0x0000000084b00000| PB 0x0000000084b00000| Untracked |  0
|  56|0x0000000084c00000, 0x0000000084d00000, 0x0000000084d00000|100%| O|Cm|TAMS 0x0000000084c00000| PB 0x0000000084c00000| Complete |  0
|  57|0x0000000084d00000, 0x0000000084d00000, 0x0000000084e00000|  0%| F|  |TAMS 0x0000000084d00000| PB 0x0000000084d00000| Untracked |  0
|  58|0x0000000084e00000, 0x0000000084f00000, 0x0000000084f00000|100%| O|  |TAMS 0x0000000084e00000| PB 0x0000000084e00000| Untracked |  0
|  59|0x0000000084f00000, 0x0000000085000000, 0x0000000085000000|100%| O|  |TAMS 0x0000000084f00000| PB 0x0000000084f00000| Untracked |  0
|  60|0x0000000085000000, 0x0000000085100000, 0x0000000085100000|100%| O|  |TAMS 0x0000000085000000| PB 0x0000000085000000| Untracked |  0
|  61|0x0000000085100000, 0x0000000085200000, 0x0000000085200000|100%| O|Cm|TAMS 0x0000000085100000| PB 0x0000000085100000| Complete |  0
|  62|0x0000000085200000, 0x0000000085300000, 0x0000000085300000|100%| O|  |TAMS 0x0000000085200000| PB 0x0000000085200000| Untracked |  0
|  63|0x0000000085300000, 0x0000000085400000, 0x0000000085400000|100%| O|Cm|TAMS 0x0000000085300000| PB 0x0000000085300000| Complete |  0
|  64|0x0000000085400000, 0x0000000085500000, 0x0000000085500000|100%| O|  |TAMS 0x0000000085400000| PB 0x0000000085400000| Untracked |  0
|  65|0x0000000085500000, 0x0000000085600000, 0x0000000085600000|100%| O|  |TAMS 0x0000000085500000| PB 0x0000000085500000| Untracked |  0
|  66|0x0000000085600000, 0x0000000085700000, 0x0000000085700000|100%| O|  |TAMS 0x0000000085600000| PB 0x0000000085600000| Untracked |  0
|  67|0x0000000085700000, 0x0000000085800000, 0x0000000085800000|100%| O|  |TAMS 0x0000000085700000| PB 0x0000000085700000| Untracked |  0
|  68|0x0000000085800000, 0x0000000085900000, 0x0000000085900000|100%| O|  |TAMS 0x0000000085800000| PB 0x0000000085800000| Untracked |  0
|  69|0x0000000085900000, 0x0000000085a00000, 0x0000000085a00000|100%| O|Cm|TAMS 0x0000000085900000| PB 0x0000000085900000| Complete |  0
|  70|0x0000000085a00000, 0x0000000085a00000, 0x0000000085b00000|  0%| F|  |TAMS 0x0000000085a00000| PB 0x0000000085a00000| Untracked |  0
|  71|0x0000000085b00000, 0x0000000085c00000, 0x0000000085c00000|100%| O|Cm|TAMS 0x0000000085b00000| PB 0x0000000085b00000| Complete |  0
|  72|0x0000000085c00000, 0x0000000085d00000, 0x0000000085d00000|100%| O|Cm|TAMS 0x0000000085c00000| PB 0x0000000085c00000| Complete |  0
|  73|0x0000000085d00000, 0x0000000085d00000, 0x0000000085e00000|  0%| F|  |TAMS 0x0000000085d00000| PB 0x0000000085d00000| Untracked |  0
|  74|0x0000000085e00000, 0x0000000085f00000, 0x0000000085f00000|100%| O|Cm|TAMS 0x0000000085e00000| PB 0x0000000085e00000| Complete |  0
|  75|0x0000000085f00000, 0x0000000086000000, 0x0000000086000000|100%| O|Cm|TAMS 0x0000000085f00000| PB 0x0000000085f00000| Complete |  0
|  76|0x0000000086000000, 0x0000000086100000, 0x0000000086100000|100%| O|  |TAMS 0x0000000086000000| PB 0x0000000086000000| Untracked |  0
|  77|0x0000000086100000, 0x0000000086200000, 0x0000000086200000|100%| O|  |TAMS 0x0000000086100000| PB 0x0000000086100000| Untracked |  0
|  78|0x0000000086200000, 0x0000000086300000, 0x0000000086300000|100%| O|  |TAMS 0x0000000086200000| PB 0x0000000086200000| Untracked |  0
|  79|0x0000000086300000, 0x0000000086400000, 0x0000000086400000|100%| O|  |TAMS 0x0000000086300000| PB 0x0000000086300000| Untracked |  0
|  80|0x0000000086400000, 0x0000000086500000, 0x0000000086500000|100%| O|  |TAMS 0x0000000086400000| PB 0x0000000086400000| Untracked |  0
|  81|0x0000000086500000, 0x0000000086600000, 0x0000000086600000|100%| O|  |TAMS 0x0000000086500000| PB 0x0000000086500000| Untracked |  0
|  82|0x0000000086600000, 0x0000000086700000, 0x0000000086700000|100%| O|  |TAMS 0x0000000086600000| PB 0x0000000086600000| Untracked |  0
|  83|0x0000000086700000, 0x0000000086800000, 0x0000000086800000|100%| O|  |TAMS 0x0000000086700000| PB 0x0000000086700000| Untracked |  0
|  84|0x0000000086800000, 0x0000000086900000, 0x0000000086900000|100%| O|  |TAMS 0x0000000086800000| PB 0x0000000086800000| Untracked |  0
|  85|0x0000000086900000, 0x0000000086a00000, 0x0000000086a00000|100%| O|  |TAMS 0x0000000086900000| PB 0x0000000086900000| Untracked |  0
|  86|0x0000000086a00000, 0x0000000086b00000, 0x0000000086b00000|100%| O|  |TAMS 0x0000000086a00000| PB 0x0000000086a00000| Untracked |  0
|  87|0x0000000086b00000, 0x0000000086c00000, 0x0000000086c00000|100%| O|  |TAMS 0x0000000086b00000| PB 0x0000000086b00000| Untracked |  0
|  88|0x0000000086c00000, 0x0000000086d00000, 0x0000000086d00000|100%| O|  |TAMS 0x0000000086c00000| PB 0x0000000086c00000| Untracked |  0
|  89|0x0000000086d00000, 0x0000000086e00000, 0x0000000086e00000|100%| O|  |TAMS 0x0000000086d00000| PB 0x0000000086d00000| Untracked |  0
|  90|0x0000000086e00000, 0x0000000086f00000, 0x0000000086f00000|100%| O|  |TAMS 0x0000000086e00000| PB 0x0000000086e00000| Untracked |  0
|  91|0x0000000086f00000, 0x0000000087000000, 0x0000000087000000|100%| O|  |TAMS 0x0000000086f00000| PB 0x0000000086f00000| Untracked |  0
|  92|0x0000000087000000, 0x0000000087100000, 0x0000000087100000|100%| O|  |TAMS 0x0000000087000000| PB 0x0000000087000000| Untracked |  0
|  93|0x0000000087100000, 0x0000000087200000, 0x0000000087200000|100%| O|  |TAMS 0x0000000087100000| PB 0x0000000087100000| Untracked |  0
|  94|0x0000000087200000, 0x0000000087300000, 0x0000000087300000|100%| O|  |TAMS 0x0000000087200000| PB 0x0000000087200000| Untracked |  0
|  95|0x0000000087300000, 0x0000000087400000, 0x0000000087400000|100%| O|  |TAMS 0x0000000087300000| PB 0x0000000087300000| Untracked |  0
|  96|0x0000000087400000, 0x0000000087500000, 0x0000000087500000|100%| O|  |TAMS 0x0000000087400000| PB 0x0000000087400000| Untracked |  0
|  97|0x0000000087500000, 0x0000000087600000, 0x0000000087600000|100%| O|  |TAMS 0x0000000087500000| PB 0x0000000087500000| Untracked |  0
|  98|0x0000000087600000, 0x0000000087700000, 0x0000000087700000|100%| O|  |TAMS 0x0000000087600000| PB 0x0000000087600000| Untracked |  0
|  99|0x0000000087700000, 0x0000000087800000, 0x0000000087800000|100%| O|  |TAMS 0x0000000087700000| PB 0x0000000087700000| Untracked |  0
| 100|0x0000000087800000, 0x0000000087900000, 0x0000000087900000|100%| O|  |TAMS 0x0000000087800000| PB 0x0000000087800000| Untracked |  0
| 101|0x0000000087900000, 0x0000000087a00000, 0x0000000087a00000|100%| O|  |TAMS 0x0000000087900000| PB 0x0000000087900000| Untracked |  0
| 102|0x0000000087a00000, 0x0000000087b00000, 0x0000000087b00000|100%| O|  |TAMS 0x0000000087a00000| PB 0x0000000087a00000| Untracked |  0
| 103|0x0000000087b00000, 0x0000000087c00000, 0x0000000087c00000|100%| O|  |TAMS 0x0000000087b00000| PB 0x0000000087b00000| Untracked |  0
| 104|0x0000000087c00000, 0x0000000087d00000, 0x0000000087d00000|100%| O|  |TAMS 0x0000000087c00000| PB 0x0000000087c00000| Untracked |  0
| 105|0x0000000087d00000, 0x0000000087e00000, 0x0000000087e00000|100%| O|  |TAMS 0x0000000087d00000| PB 0x0000000087d00000| Untracked |  0
| 106|0x0000000087e00000, 0x0000000087f00000, 0x0000000087f00000|100%| O|  |TAMS 0x0000000087e00000| PB 0x0000000087e00000| Untracked |  0
| 107|0x0000000087f00000, 0x0000000088000000, 0x0000000088000000|100%| O|  |TAMS 0x0000000087f00000| PB 0x0000000087f00000| Untracked |  0
| 108|0x0000000088000000, 0x0000000088100000, 0x0000000088100000|100%| O|  |TAMS 0x0000000088000000| PB 0x0000000088000000| Untracked |  0
| 109|0x0000000088100000, 0x0000000088200000, 0x0000000088200000|100%| O|  |TAMS 0x0000000088100000| PB 0x0000000088100000| Untracked |  0
| 110|0x0000000088200000, 0x0000000088300000, 0x0000000088300000|100%| O|  |TAMS 0x0000000088200000| PB 0x0000000088200000| Untracked |  0
| 111|0x0000000088300000, 0x0000000088400000, 0x0000000088400000|100%| O|  |TAMS 0x0000000088300000| PB 0x0000000088300000| Untracked |  0
| 112|0x0000000088400000, 0x0000000088500000, 0x0000000088500000|100%| O|  |TAMS 0x0000000088400000| PB 0x0000000088400000| Untracked |  0
| 113|0x0000000088500000, 0x0000000088600000, 0x0000000088600000|100%| O|  |TAMS 0x0000000088500000| PB 0x0000000088500000| Untracked |  0
| 114|0x0000000088600000, 0x0000000088700000, 0x0000000088700000|100%| O|  |TAMS 0x0000000088600000| PB 0x0000000088600000| Untracked |  0
| 115|0x0000000088700000, 0x0000000088800000, 0x0000000088800000|100%| O|  |TAMS 0x0000000088700000| PB 0x0000000088700000| Untracked |  0
| 116|0x0000000088800000, 0x0000000088900000, 0x0000000088900000|100%| O|  |TAMS 0x0000000088800000| PB 0x0000000088800000| Untracked |  0
| 117|0x0000000088900000, 0x0000000088a00000, 0x0000000088a00000|100%| O|  |TAMS 0x0000000088900000| PB 0x0000000088900000| Untracked |  0
| 118|0x0000000088a00000, 0x0000000088b00000, 0x0000000088b00000|100%| O|  |TAMS 0x0000000088a00000| PB 0x0000000088a00000| Untracked |  0
| 119|0x0000000088b00000, 0x0000000088c00000, 0x0000000088c00000|100%| O|  |TAMS 0x0000000088b00000| PB 0x0000000088b00000| Untracked |  0
| 120|0x0000000088c00000, 0x0000000088d00000, 0x0000000088d00000|100%| O|  |TAMS 0x0000000088c00000| PB 0x0000000088c00000| Untracked |  0
| 121|0x0000000088d00000, 0x0000000088e00000, 0x0000000088e00000|100%| O|  |TAMS 0x0000000088d00000| PB 0x0000000088d00000| Untracked |  0
| 122|0x0000000088e00000, 0x0000000088f00000, 0x0000000088f00000|100%| O|  |TAMS 0x0000000088e00000| PB 0x0000000088e00000| Untracked |  0
| 123|0x0000000088f00000, 0x0000000089000000, 0x0000000089000000|100%| O|  |TAMS 0x0000000088f00000| PB 0x0000000088f00000| Untracked |  0
| 124|0x0000000089000000, 0x0000000089100000, 0x0000000089100000|100%| O|Cm|TAMS 0x0000000089000000| PB 0x0000000089000000| Complete |  0
| 125|0x0000000089100000, 0x0000000089200000, 0x0000000089200000|100%| O|  |TAMS 0x0000000089100000| PB 0x0000000089100000| Untracked |  0
| 126|0x0000000089200000, 0x0000000089300000, 0x0000000089300000|100%| O|Cm|TAMS 0x0000000089200000| PB 0x0000000089200000| Complete |  0
| 127|0x0000000089300000, 0x0000000089400000, 0x0000000089400000|100%| O|Cm|TAMS 0x0000000089300000| PB 0x0000000089300000| Complete |  0
| 128|0x0000000089400000, 0x0000000089500000, 0x0000000089500000|100%| O|  |TAMS 0x0000000089400000| PB 0x0000000089400000| Untracked |  0
| 129|0x0000000089500000, 0x0000000089600000, 0x0000000089600000|100%| O|  |TAMS 0x0000000089500000| PB 0x0000000089500000| Untracked |  0
| 130|0x0000000089600000, 0x0000000089700000, 0x0000000089700000|100%| O|  |TAMS 0x0000000089600000| PB 0x0000000089600000| Untracked |  0
| 131|0x0000000089700000, 0x0000000089800000, 0x0000000089800000|100%| O|  |TAMS 0x0000000089700000| PB 0x0000000089700000| Untracked |  0
| 132|0x0000000089800000, 0x0000000089900000, 0x0000000089900000|100%| O|  |TAMS 0x0000000089800000| PB 0x0000000089800000| Untracked |  0
| 133|0x0000000089900000, 0x0000000089a00000, 0x0000000089a00000|100%| O|  |TAMS 0x0000000089900000| PB 0x0000000089900000| Untracked |  0
| 134|0x0000000089a00000, 0x0000000089b00000, 0x0000000089b00000|100%|HS|  |TAMS 0x0000000089a00000| PB 0x0000000089a00000| Complete |  0
| 135|0x0000000089b00000, 0x0000000089b00000, 0x0000000089c00000|  0%| F|  |TAMS 0x0000000089b00000| PB 0x0000000089b00000| Untracked |  0
| 136|0x0000000089c00000, 0x0000000089c00000, 0x0000000089d00000|  0%| F|  |TAMS 0x0000000089c00000| PB 0x0000000089c00000| Untracked |  0
| 137|0x0000000089d00000, 0x0000000089e00000, 0x0000000089e00000|100%| O|  |TAMS 0x0000000089d00000| PB 0x0000000089d00000| Untracked |  0
| 138|0x0000000089e00000, 0x0000000089e00000, 0x0000000089f00000|  0%| F|  |TAMS 0x0000000089e00000| PB 0x0000000089e00000| Untracked |  0
| 139|0x0000000089f00000, 0x000000008a000000, 0x000000008a000000|100%| O|  |TAMS 0x0000000089f00000| PB 0x0000000089f00000| Untracked |  0
| 140|0x000000008a000000, 0x000000008a100000, 0x000000008a100000|100%| O|Cm|TAMS 0x000000008a000000| PB 0x000000008a000000| Complete |  0
| 141|0x000000008a100000, 0x000000008a200000, 0x000000008a200000|100%| O|Cm|TAMS 0x000000008a100000| PB 0x000000008a100000| Complete |  0
| 142|0x000000008a200000, 0x000000008a200000, 0x000000008a300000|  0%| F|  |TAMS 0x000000008a200000| PB 0x000000008a200000| Untracked |  0
| 143|0x000000008a300000, 0x000000008a400000, 0x000000008a400000|100%| O|  |TAMS 0x000000008a300000| PB 0x000000008a300000| Untracked |  0
| 144|0x000000008a400000, 0x000000008a400000, 0x000000008a500000|  0%| F|  |TAMS 0x000000008a400000| PB 0x000000008a400000| Untracked |  0
| 145|0x000000008a500000, 0x000000008a600000, 0x000000008a600000|100%| O|Cm|TAMS 0x000000008a500000| PB 0x000000008a500000| Complete |  0
| 146|0x000000008a600000, 0x000000008a700000, 0x000000008a700000|100%| O|  |TAMS 0x000000008a600000| PB 0x000000008a600000| Untracked |  0
| 147|0x000000008a700000, 0x000000008a800000, 0x000000008a800000|100%| O|Cm|TAMS 0x000000008a700000| PB 0x000000008a700000| Complete |  0
| 148|0x000000008a800000, 0x000000008a900000, 0x000000008a900000|100%| O|  |TAMS 0x000000008a800000| PB 0x000000008a800000| Untracked |  0
| 149|0x000000008a900000, 0x000000008aa00000, 0x000000008aa00000|100%| O|Cm|TAMS 0x000000008a900000| PB 0x000000008a900000| Complete |  0
| 150|0x000000008aa00000, 0x000000008ab00000, 0x000000008ab00000|100%| O|  |TAMS 0x000000008aa00000| PB 0x000000008aa00000| Untracked |  0
| 151|0x000000008ab00000, 0x000000008ab00000, 0x000000008ac00000|  0%| F|  |TAMS 0x000000008ab00000| PB 0x000000008ab00000| Untracked |  0
| 152|0x000000008ac00000, 0x000000008ad00000, 0x000000008ad00000|100%| O|  |TAMS 0x000000008ac00000| PB 0x000000008ac00000| Untracked |  0
| 153|0x000000008ad00000, 0x000000008ad00000, 0x000000008ae00000|  0%| F|  |TAMS 0x000000008ad00000| PB 0x000000008ad00000| Untracked |  0
| 154|0x000000008ae00000, 0x000000008ae00000, 0x000000008af00000|  0%| F|  |TAMS 0x000000008ae00000| PB 0x000000008ae00000| Untracked |  0
| 155|0x000000008af00000, 0x000000008af00000, 0x000000008b000000|  0%| F|  |TAMS 0x000000008af00000| PB 0x000000008af00000| Untracked |  0
| 156|0x000000008b000000, 0x000000008b000000, 0x000000008b100000|  0%| F|  |TAMS 0x000000008b000000| PB 0x000000008b000000| Untracked |  0
| 157|0x000000008b100000, 0x000000008b100000, 0x000000008b200000|  0%| F|  |TAMS 0x000000008b100000| PB 0x000000008b100000| Untracked |  0
| 158|0x000000008b200000, 0x000000008b200000, 0x000000008b300000|  0%| F|  |TAMS 0x000000008b200000| PB 0x000000008b200000| Untracked |  0
| 159|0x000000008b300000, 0x000000008b400000, 0x000000008b400000|100%|HS|  |TAMS 0x000000008b300000| PB 0x000000008b300000| Complete |  0
| 160|0x000000008b400000, 0x000000008b500000, 0x000000008b500000|100%|HC|  |TAMS 0x000000008b400000| PB 0x000000008b400000| Complete |  0
| 161|0x000000008b500000, 0x000000008b600000, 0x000000008b600000|100%|HC|  |TAMS 0x000000008b500000| PB 0x000000008b500000| Complete |  0
| 162|0x000000008b600000, 0x000000008b700000, 0x000000008b700000|100%|HC|  |TAMS 0x000000008b600000| PB 0x000000008b600000| Complete |  0
| 163|0x000000008b700000, 0x000000008b800000, 0x000000008b800000|100%|HC|  |TAMS 0x000000008b700000| PB 0x000000008b700000| Complete |  0
| 164|0x000000008b800000, 0x000000008b900000, 0x000000008b900000|100%|HC|  |TAMS 0x000000008b800000| PB 0x000000008b800000| Complete |  0
| 165|0x000000008b900000, 0x000000008b900000, 0x000000008ba00000|  0%| F|  |TAMS 0x000000008b900000| PB 0x000000008b900000| Untracked |  0
| 166|0x000000008ba00000, 0x000000008ba00000, 0x000000008bb00000|  0%| F|  |TAMS 0x000000008ba00000| PB 0x000000008ba00000| Untracked |  0
| 167|0x000000008bb00000, 0x000000008bb00000, 0x000000008bc00000|  0%| F|  |TAMS 0x000000008bb00000| PB 0x000000008bb00000| Untracked |  0
| 168|0x000000008bc00000, 0x000000008bc00000, 0x000000008bd00000|  0%| F|  |TAMS 0x000000008bc00000| PB 0x000000008bc00000| Untracked |  0
| 169|0x000000008bd00000, 0x000000008bd00000, 0x000000008be00000|  0%| F|  |TAMS 0x000000008bd00000| PB 0x000000008bd00000| Untracked |  0
| 170|0x000000008be00000, 0x000000008be00000, 0x000000008bf00000|  0%| F|  |TAMS 0x000000008be00000| PB 0x000000008be00000| Untracked |  0
| 171|0x000000008bf00000, 0x000000008bf00000, 0x000000008c000000|  0%| F|  |TAMS 0x000000008bf00000| PB 0x000000008bf00000| Untracked |  0
| 172|0x000000008c000000, 0x000000008c000000, 0x000000008c100000|  0%| F|  |TAMS 0x000000008c000000| PB 0x000000008c000000| Untracked |  0
| 173|0x000000008c100000, 0x000000008c100000, 0x000000008c200000|  0%| F|  |TAMS 0x000000008c100000| PB 0x000000008c100000| Untracked |  0
| 174|0x000000008c200000, 0x000000008c200000, 0x000000008c300000|  0%| F|  |TAMS 0x000000008c200000| PB 0x000000008c200000| Untracked |  0
| 175|0x000000008c300000, 0x000000008c300000, 0x000000008c400000|  0%| F|  |TAMS 0x000000008c300000| PB 0x000000008c300000| Untracked |  0
| 176|0x000000008c400000, 0x000000008c400000, 0x000000008c500000|  0%| F|  |TAMS 0x000000008c400000| PB 0x000000008c400000| Untracked |  0
| 177|0x000000008c500000, 0x000000008c500000, 0x000000008c600000|  0%| F|  |TAMS 0x000000008c500000| PB 0x000000008c500000| Untracked |  0
| 178|0x000000008c600000, 0x000000008c600000, 0x000000008c700000|  0%| F|  |TAMS 0x000000008c600000| PB 0x000000008c600000| Untracked |  0
| 179|0x000000008c700000, 0x000000008c700000, 0x000000008c800000|  0%| F|  |TAMS 0x000000008c700000| PB 0x000000008c700000| Untracked |  0
| 180|0x000000008c800000, 0x000000008c800000, 0x000000008c900000|  0%| F|  |TAMS 0x000000008c800000| PB 0x000000008c800000| Untracked |  0
| 181|0x000000008c900000, 0x000000008c900000, 0x000000008ca00000|  0%| F|  |TAMS 0x000000008c900000| PB 0x000000008c900000| Untracked |  0
| 182|0x000000008ca00000, 0x000000008ca00000, 0x000000008cb00000|  0%| F|  |TAMS 0x000000008ca00000| PB 0x000000008ca00000| Untracked |  0
| 183|0x000000008cb00000, 0x000000008cb00000, 0x000000008cc00000|  0%| F|  |TAMS 0x000000008cb00000| PB 0x000000008cb00000| Untracked |  0
| 184|0x000000008cc00000, 0x000000008cc00000, 0x000000008cd00000|  0%| F|  |TAMS 0x000000008cc00000| PB 0x000000008cc00000| Untracked |  0
| 185|0x000000008cd00000, 0x000000008cd00000, 0x000000008ce00000|  0%| F|  |TAMS 0x000000008cd00000| PB 0x000000008cd00000| Untracked |  0
| 186|0x000000008ce00000, 0x000000008ce00000, 0x000000008cf00000|  0%| F|  |TAMS 0x000000008ce00000| PB 0x000000008ce00000| Untracked |  0
| 187|0x000000008cf00000, 0x000000008cf00000, 0x000000008d000000|  0%| F|  |TAMS 0x000000008cf00000| PB 0x000000008cf00000| Untracked |  0
| 188|0x000000008d000000, 0x000000008d000000, 0x000000008d100000|  0%| F|  |TAMS 0x000000008d000000| PB 0x000000008d000000| Untracked |  0
| 189|0x000000008d100000, 0x000000008d100000, 0x000000008d200000|  0%| F|  |TAMS 0x000000008d100000| PB 0x000000008d100000| Untracked |  0
| 190|0x000000008d200000, 0x000000008d200000, 0x000000008d300000|  0%| F|  |TAMS 0x000000008d200000| PB 0x000000008d200000| Untracked |  0
| 191|0x000000008d300000, 0x000000008d300000, 0x000000008d400000|  0%| F|  |TAMS 0x000000008d300000| PB 0x000000008d300000| Untracked |  0
| 192|0x000000008d400000, 0x000000008d400000, 0x000000008d500000|  0%| F|  |TAMS 0x000000008d400000| PB 0x000000008d400000| Untracked |  0
| 193|0x000000008d500000, 0x000000008d500000, 0x000000008d600000|  0%| F|  |TAMS 0x000000008d500000| PB 0x000000008d500000| Untracked |  0
| 194|0x000000008d600000, 0x000000008d600000, 0x000000008d700000|  0%| F|  |TAMS 0x000000008d600000| PB 0x000000008d600000| Untracked |  0
| 195|0x000000008d700000, 0x000000008d700000, 0x000000008d800000|  0%| F|  |TAMS 0x000000008d700000| PB 0x000000008d700000| Untracked |  0
| 196|0x000000008d800000, 0x000000008d800000, 0x000000008d900000|  0%| F|  |TAMS 0x000000008d800000| PB 0x000000008d800000| Untracked |  0
| 197|0x000000008d900000, 0x000000008d900000, 0x000000008da00000|  0%| F|  |TAMS 0x000000008d900000| PB 0x000000008d900000| Untracked |  0
| 198|0x000000008da00000, 0x000000008da00000, 0x000000008db00000|  0%| F|  |TAMS 0x000000008da00000| PB 0x000000008da00000| Untracked |  0
| 199|0x000000008db00000, 0x000000008db00000, 0x000000008dc00000|  0%| F|  |TAMS 0x000000008db00000| PB 0x000000008db00000| Untracked |  0
| 200|0x000000008dc00000, 0x000000008dc00000, 0x000000008dd00000|  0%| F|  |TAMS 0x000000008dc00000| PB 0x000000008dc00000| Untracked |  0
| 201|0x000000008dd00000, 0x000000008dd00000, 0x000000008de00000|  0%| F|  |TAMS 0x000000008dd00000| PB 0x000000008dd00000| Untracked |  0
| 202|0x000000008de00000, 0x000000008de00000, 0x000000008df00000|  0%| F|  |TAMS 0x000000008de00000| PB 0x000000008de00000| Untracked |  0
| 203|0x000000008df00000, 0x000000008df00000, 0x000000008e000000|  0%| F|  |TAMS 0x000000008df00000| PB 0x000000008df00000| Untracked |  0
| 204|0x000000008e000000, 0x000000008e000000, 0x000000008e100000|  0%| F|  |TAMS 0x000000008e000000| PB 0x000000008e000000| Untracked |  0
| 205|0x000000008e100000, 0x000000008e100000, 0x000000008e200000|  0%| F|  |TAMS 0x000000008e100000| PB 0x000000008e100000| Untracked |  0
| 206|0x000000008e200000, 0x000000008e200000, 0x000000008e300000|  0%| F|  |TAMS 0x000000008e200000| PB 0x000000008e200000| Untracked |  0
| 207|0x000000008e300000, 0x000000008e300000, 0x000000008e400000|  0%| F|  |TAMS 0x000000008e300000| PB 0x000000008e300000| Untracked |  0
| 208|0x000000008e400000, 0x000000008e400000, 0x000000008e500000|  0%| F|  |TAMS 0x000000008e400000| PB 0x000000008e400000| Untracked |  0
| 209|0x000000008e500000, 0x000000008e500000, 0x000000008e600000|  0%| F|  |TAMS 0x000000008e500000| PB 0x000000008e500000| Untracked |  0
| 210|0x000000008e600000, 0x000000008e600000, 0x000000008e700000|  0%| F|  |TAMS 0x000000008e600000| PB 0x000000008e600000| Untracked |  0
| 211|0x000000008e700000, 0x000000008e700000, 0x000000008e800000|  0%| F|  |TAMS 0x000000008e700000| PB 0x000000008e700000| Untracked |  0
| 212|0x000000008e800000, 0x000000008e800000, 0x000000008e900000|  0%| F|  |TAMS 0x000000008e800000| PB 0x000000008e800000| Untracked |  0
| 213|0x000000008e900000, 0x000000008e900000, 0x000000008ea00000|  0%| F|  |TAMS 0x000000008e900000| PB 0x000000008e900000| Untracked |  0
| 214|0x000000008ea00000, 0x000000008ea00000, 0x000000008eb00000|  0%| F|  |TAMS 0x000000008ea00000| PB 0x000000008ea00000| Untracked |  0
| 215|0x000000008eb00000, 0x000000008eb00000, 0x000000008ec00000|  0%| F|  |TAMS 0x000000008eb00000| PB 0x000000008eb00000| Untracked |  0
| 216|0x000000008ec00000, 0x000000008ec00000, 0x000000008ed00000|  0%| F|  |TAMS 0x000000008ec00000| PB 0x000000008ec00000| Untracked |  0
| 217|0x000000008ed00000, 0x000000008ed00000, 0x000000008ee00000|  0%| F|  |TAMS 0x000000008ed00000| PB 0x000000008ed00000| Untracked |  0
| 218|0x000000008ee00000, 0x000000008ee00000, 0x000000008ef00000|  0%| F|  |TAMS 0x000000008ee00000| PB 0x000000008ee00000| Untracked |  0
| 219|0x000000008ef00000, 0x000000008ef00000, 0x000000008f000000|  0%| F|  |TAMS 0x000000008ef00000| PB 0x000000008ef00000| Untracked |  0
| 220|0x000000008f000000, 0x000000008f000000, 0x000000008f100000|  0%| F|  |TAMS 0x000000008f000000| PB 0x000000008f000000| Untracked |  0
| 221|0x000000008f100000, 0x000000008f100000, 0x000000008f200000|  0%| F|  |TAMS 0x000000008f100000| PB 0x000000008f100000| Untracked |  0
| 222|0x000000008f200000, 0x000000008f200000, 0x000000008f300000|  0%| F|  |TAMS 0x000000008f200000| PB 0x000000008f200000| Untracked |  0
| 223|0x000000008f300000, 0x000000008f300000, 0x000000008f400000|  0%| F|  |TAMS 0x000000008f300000| PB 0x000000008f300000| Untracked |  0
| 224|0x000000008f400000, 0x000000008f400000, 0x000000008f500000|  0%| F|  |TAMS 0x000000008f400000| PB 0x000000008f400000| Untracked |  0
| 225|0x000000008f500000, 0x000000008f500000, 0x000000008f600000|  0%| F|  |TAMS 0x000000008f500000| PB 0x000000008f500000| Untracked |  0
| 226|0x000000008f600000, 0x000000008f600000, 0x000000008f700000|  0%| F|  |TAMS 0x000000008f600000| PB 0x000000008f600000| Untracked |  0
| 227|0x000000008f700000, 0x000000008f700000, 0x000000008f800000|  0%| F|  |TAMS 0x000000008f700000| PB 0x000000008f700000| Untracked |  0
| 228|0x000000008f800000, 0x000000008f800000, 0x000000008f900000|  0%| F|  |TAMS 0x000000008f800000| PB 0x000000008f800000| Untracked |  0
| 229|0x000000008f900000, 0x000000008f900000, 0x000000008fa00000|  0%| F|  |TAMS 0x000000008f900000| PB 0x000000008f900000| Untracked |  0
| 230|0x000000008fa00000, 0x000000008fa00000, 0x000000008fb00000|  0%| F|  |TAMS 0x000000008fa00000| PB 0x000000008fa00000| Untracked |  0
| 231|0x000000008fb00000, 0x000000008fb00000, 0x000000008fc00000|  0%| F|  |TAMS 0x000000008fb00000| PB 0x000000008fb00000| Untracked |  0
| 232|0x000000008fc00000, 0x000000008fc00000, 0x000000008fd00000|  0%| F|  |TAMS 0x000000008fc00000| PB 0x000000008fc00000| Untracked |  0
| 233|0x000000008fd00000, 0x000000008fd00000, 0x000000008fe00000|  0%| F|  |TAMS 0x000000008fd00000| PB 0x000000008fd00000| Untracked |  0
| 234|0x000000008fe00000, 0x000000008fe00000, 0x000000008ff00000|  0%| F|  |TAMS 0x000000008fe00000| PB 0x000000008fe00000| Untracked |  0
| 235|0x000000008ff00000, 0x000000008ff00000, 0x0000000090000000|  0%| F|  |TAMS 0x000000008ff00000| PB 0x000000008ff00000| Untracked |  0
| 236|0x0000000090000000, 0x0000000090000000, 0x0000000090100000|  0%| F|  |TAMS 0x0000000090000000| PB 0x0000000090000000| Untracked |  0
| 237|0x0000000090100000, 0x0000000090100000, 0x0000000090200000|  0%| F|  |TAMS 0x0000000090100000| PB 0x0000000090100000| Untracked |  0
| 238|0x0000000090200000, 0x0000000090200000, 0x0000000090300000|  0%| F|  |TAMS 0x0000000090200000| PB 0x0000000090200000| Untracked |  0
| 239|0x0000000090300000, 0x0000000090300000, 0x0000000090400000|  0%| F|  |TAMS 0x0000000090300000| PB 0x0000000090300000| Untracked |  0
| 240|0x0000000090400000, 0x0000000090400000, 0x0000000090500000|  0%| F|  |TAMS 0x0000000090400000| PB 0x0000000090400000| Untracked |  0
| 241|0x0000000090500000, 0x0000000090500000, 0x0000000090600000|  0%| F|  |TAMS 0x0000000090500000| PB 0x0000000090500000| Untracked |  0
| 242|0x0000000090600000, 0x0000000090600000, 0x0000000090700000|  0%| F|  |TAMS 0x0000000090600000| PB 0x0000000090600000| Untracked |  0
| 243|0x0000000090700000, 0x0000000090700000, 0x0000000090800000|  0%| F|  |TAMS 0x0000000090700000| PB 0x0000000090700000| Untracked |  0
| 244|0x0000000090800000, 0x0000000090800000, 0x0000000090900000|  0%| F|  |TAMS 0x0000000090800000| PB 0x0000000090800000| Untracked |  0
| 245|0x0000000090900000, 0x0000000090900000, 0x0000000090a00000|  0%| F|  |TAMS 0x0000000090900000| PB 0x0000000090900000| Untracked |  0
| 246|0x0000000090a00000, 0x0000000090a00000, 0x0000000090b00000|  0%| F|  |TAMS 0x0000000090a00000| PB 0x0000000090a00000| Untracked |  0
| 247|0x0000000090b00000, 0x0000000090b00000, 0x0000000090c00000|  0%| F|  |TAMS 0x0000000090b00000| PB 0x0000000090b00000| Untracked |  0
| 248|0x0000000090c00000, 0x0000000090c00000, 0x0000000090d00000|  0%| F|  |TAMS 0x0000000090c00000| PB 0x0000000090c00000| Untracked |  0
| 249|0x0000000090d00000, 0x0000000090d00000, 0x0000000090e00000|  0%| F|  |TAMS 0x0000000090d00000| PB 0x0000000090d00000| Untracked |  0
| 250|0x0000000090e00000, 0x0000000090e00000, 0x0000000090f00000|  0%| F|  |TAMS 0x0000000090e00000| PB 0x0000000090e00000| Untracked |  0
| 251|0x0000000090f00000, 0x0000000090f00000, 0x0000000091000000|  0%| F|  |TAMS 0x0000000090f00000| PB 0x0000000090f00000| Untracked |  0
| 252|0x0000000091000000, 0x0000000091000000, 0x0000000091100000|  0%| F|  |TAMS 0x0000000091000000| PB 0x0000000091000000| Untracked |  0
| 253|0x0000000091100000, 0x0000000091100000, 0x0000000091200000|  0%| F|  |TAMS 0x0000000091100000| PB 0x0000000091100000| Untracked |  0
| 254|0x0000000091200000, 0x0000000091200000, 0x0000000091300000|  0%| F|  |TAMS 0x0000000091200000| PB 0x0000000091200000| Untracked |  0
| 255|0x0000000091300000, 0x0000000091300000, 0x0000000091400000|  0%| F|  |TAMS 0x0000000091300000| PB 0x0000000091300000| Untracked |  0
| 256|0x0000000091400000, 0x0000000091400000, 0x0000000091500000|  0%| F|  |TAMS 0x0000000091400000| PB 0x0000000091400000| Untracked |  0
| 257|0x0000000091500000, 0x0000000091500000, 0x0000000091600000|  0%| F|  |TAMS 0x0000000091500000| PB 0x0000000091500000| Untracked |  0
| 258|0x0000000091600000, 0x0000000091600000, 0x0000000091700000|  0%| F|  |TAMS 0x0000000091600000| PB 0x0000000091600000| Untracked |  0
| 259|0x0000000091700000, 0x0000000091700000, 0x0000000091800000|  0%| F|  |TAMS 0x0000000091700000| PB 0x0000000091700000| Untracked |  0
| 260|0x0000000091800000, 0x0000000091800000, 0x0000000091900000|  0%| F|  |TAMS 0x0000000091800000| PB 0x0000000091800000| Untracked |  0
| 261|0x0000000091900000, 0x0000000091900000, 0x0000000091a00000|  0%| F|  |TAMS 0x0000000091900000| PB 0x0000000091900000| Untracked |  0
| 262|0x0000000091a00000, 0x0000000091a00000, 0x0000000091b00000|  0%| F|  |TAMS 0x0000000091a00000| PB 0x0000000091a00000| Untracked |  0
| 263|0x0000000091b00000, 0x0000000091b00000, 0x0000000091c00000|  0%| F|  |TAMS 0x0000000091b00000| PB 0x0000000091b00000| Untracked |  0
| 264|0x0000000091c00000, 0x0000000091c00000, 0x0000000091d00000|  0%| F|  |TAMS 0x0000000091c00000| PB 0x0000000091c00000| Untracked |  0
| 265|0x0000000091d00000, 0x0000000091d00000, 0x0000000091e00000|  0%| F|  |TAMS 0x0000000091d00000| PB 0x0000000091d00000| Untracked |  0
| 266|0x0000000091e00000, 0x0000000091e00000, 0x0000000091f00000|  0%| F|  |TAMS 0x0000000091e00000| PB 0x0000000091e00000| Untracked |  0
| 267|0x0000000091f00000, 0x0000000092000000, 0x0000000092000000|100%| S|CS|TAMS 0x0000000091f00000| PB 0x0000000091f00000| Complete |  0
| 268|0x0000000092000000, 0x0000000092100000, 0x0000000092100000|100%| S|CS|TAMS 0x0000000092000000| PB 0x0000000092000000| Complete |  0
| 269|0x0000000092100000, 0x0000000092200000, 0x0000000092200000|100%| S|CS|TAMS 0x0000000092100000| PB 0x0000000092100000| Complete |  0
| 270|0x0000000092200000, 0x0000000092300000, 0x0000000092300000|100%| S|CS|TAMS 0x0000000092200000| PB 0x0000000092200000| Complete |  0
| 271|0x0000000092300000, 0x0000000092400000, 0x0000000092400000|100%| S|CS|TAMS 0x0000000092300000| PB 0x0000000092300000| Complete |  0
| 272|0x0000000092400000, 0x0000000092500000, 0x0000000092500000|100%| S|CS|TAMS 0x0000000092400000| PB 0x0000000092400000| Complete |  0
| 273|0x0000000092500000, 0x0000000092600000, 0x0000000092600000|100%| S|CS|TAMS 0x0000000092500000| PB 0x0000000092500000| Complete |  0
| 274|0x0000000092600000, 0x0000000092700000, 0x0000000092700000|100%| S|CS|TAMS 0x0000000092600000| PB 0x0000000092600000| Complete |  0
| 275|0x0000000092700000, 0x0000000092800000, 0x0000000092800000|100%| S|CS|TAMS 0x0000000092700000| PB 0x0000000092700000| Complete |  0
| 276|0x0000000092800000, 0x0000000092800000, 0x0000000092900000|  0%| F|  |TAMS 0x0000000092800000| PB 0x0000000092800000| Untracked |  0
| 277|0x0000000092900000, 0x0000000092900000, 0x0000000092a00000|  0%| F|  |TAMS 0x0000000092900000| PB 0x0000000092900000| Untracked |  0
| 278|0x0000000092a00000, 0x0000000092a00000, 0x0000000092b00000|  0%| F|  |TAMS 0x0000000092a00000| PB 0x0000000092a00000| Untracked |  0
| 279|0x0000000092b00000, 0x0000000092b00000, 0x0000000092c00000|  0%| F|  |TAMS 0x0000000092b00000| PB 0x0000000092b00000| Untracked |  0
| 280|0x0000000092c00000, 0x0000000092c00000, 0x0000000092d00000|  0%| F|  |TAMS 0x0000000092c00000| PB 0x0000000092c00000| Untracked |  0
| 281|0x0000000092d00000, 0x0000000092d00000, 0x0000000092e00000|  0%| F|  |TAMS 0x0000000092d00000| PB 0x0000000092d00000| Untracked |  0
| 282|0x0000000092e00000, 0x0000000092e00000, 0x0000000092f00000|  0%| F|  |TAMS 0x0000000092e00000| PB 0x0000000092e00000| Untracked |  0
| 283|0x0000000092f00000, 0x0000000092f00000, 0x0000000093000000|  0%| F|  |TAMS 0x0000000092f00000| PB 0x0000000092f00000| Untracked |  0
| 284|0x0000000093000000, 0x0000000093000000, 0x0000000093100000|  0%| F|  |TAMS 0x0000000093000000| PB 0x0000000093000000| Untracked |  0
| 285|0x0000000093100000, 0x0000000093100000, 0x0000000093200000|  0%| F|  |TAMS 0x0000000093100000| PB 0x0000000093100000| Untracked |  0
| 286|0x0000000093200000, 0x0000000093200000, 0x0000000093300000|  0%| F|  |TAMS 0x0000000093200000| PB 0x0000000093200000| Untracked |  0
| 287|0x0000000093300000, 0x0000000093300000, 0x0000000093400000|  0%| F|  |TAMS 0x0000000093300000| PB 0x0000000093300000| Untracked |  0
| 288|0x0000000093400000, 0x0000000093400000, 0x0000000093500000|  0%| F|  |TAMS 0x0000000093400000| PB 0x0000000093400000| Untracked |  0
| 289|0x0000000093500000, 0x0000000093500000, 0x0000000093600000|  0%| F|  |TAMS 0x0000000093500000| PB 0x0000000093500000| Untracked |  0
| 290|0x0000000093600000, 0x0000000093600000, 0x0000000093700000|  0%| F|  |TAMS 0x0000000093600000| PB 0x0000000093600000| Untracked |  0
| 291|0x0000000093700000, 0x0000000093700000, 0x0000000093800000|  0%| F|  |TAMS 0x0000000093700000| PB 0x0000000093700000| Untracked |  0
| 292|0x0000000093800000, 0x0000000093800000, 0x0000000093900000|  0%| F|  |TAMS 0x0000000093800000| PB 0x0000000093800000| Untracked |  0
| 293|0x0000000093900000, 0x0000000093900000, 0x0000000093a00000|  0%| F|  |TAMS 0x0000000093900000| PB 0x0000000093900000| Untracked |  0
| 294|0x0000000093a00000, 0x0000000093a00000, 0x0000000093b00000|  0%| F|  |TAMS 0x0000000093a00000| PB 0x0000000093a00000| Untracked |  0
| 295|0x0000000093b00000, 0x0000000093b00000, 0x0000000093c00000|  0%| F|  |TAMS 0x0000000093b00000| PB 0x0000000093b00000| Untracked |  0
| 296|0x0000000093c00000, 0x0000000093d00000, 0x0000000093d00000|100%| E|CS|TAMS 0x0000000093c00000| PB 0x0000000093c00000| Complete |  0
|2003|0x00000000fe700000, 0x00000000fe700000, 0x00000000fe800000|  0%| F|  |TAMS 0x00000000fe700000| PB 0x00000000fe700000| Untracked |  0
|2004|0x00000000fe800000, 0x00000000fe800000, 0x00000000fe900000|  0%| F|  |TAMS 0x00000000fe800000| PB 0x00000000fe800000| Untracked |  0
|2005|0x00000000fe900000, 0x00000000fe900000, 0x00000000fea00000|  0%| F|  |TAMS 0x00000000fe900000| PB 0x00000000fe900000| Untracked |  0
|2006|0x00000000fea00000, 0x00000000feb00000, 0x00000000feb00000|100%| E|  |TAMS 0x00000000fea00000| PB 0x00000000fea00000| Complete |  0
|2007|0x00000000feb00000, 0x00000000fec00000, 0x00000000fec00000|100%| E|CS|TAMS 0x00000000feb00000| PB 0x00000000feb00000| Complete |  0
|2008|0x00000000fec00000, 0x00000000fed00000, 0x00000000fed00000|100%| E|CS|TAMS 0x00000000fec00000| PB 0x00000000fec00000| Complete |  0
|2009|0x00000000fed00000, 0x00000000fee00000, 0x00000000fee00000|100%| E|CS|TAMS 0x00000000fed00000| PB 0x00000000fed00000| Complete |  0
|2010|0x00000000fee00000, 0x00000000fef00000, 0x00000000fef00000|100%| E|CS|TAMS 0x00000000fee00000| PB 0x00000000fee00000| Complete |  0
|2011|0x00000000fef00000, 0x00000000ff000000, 0x00000000ff000000|100%| E|CS|TAMS 0x00000000fef00000| PB 0x00000000fef00000| Complete |  0
|2012|0x00000000ff000000, 0x00000000ff100000, 0x00000000ff100000|100%| E|CS|TAMS 0x00000000ff000000| PB 0x00000000ff000000| Complete |  0
|2013|0x00000000ff100000, 0x00000000ff200000, 0x00000000ff200000|100%| E|CS|TAMS 0x00000000ff100000| PB 0x00000000ff100000| Complete |  0
|2014|0x00000000ff200000, 0x00000000ff300000, 0x00000000ff300000|100%| E|CS|TAMS 0x00000000ff200000| PB 0x00000000ff200000| Complete |  0
|2015|0x00000000ff300000, 0x00000000ff400000, 0x00000000ff400000|100%| E|CS|TAMS 0x00000000ff300000| PB 0x00000000ff300000| Complete |  0
|2016|0x00000000ff400000, 0x00000000ff500000, 0x00000000ff500000|100%| E|CS|TAMS 0x00000000ff400000| PB 0x00000000ff400000| Complete |  0
|2017|0x00000000ff500000, 0x00000000ff600000, 0x00000000ff600000|100%| E|CS|TAMS 0x00000000ff500000| PB 0x00000000ff500000| Complete |  0
|2018|0x00000000ff600000, 0x00000000ff700000, 0x00000000ff700000|100%| E|CS|TAMS 0x00000000ff600000| PB 0x00000000ff600000| Complete |  0
|2019|0x00000000ff700000, 0x00000000ff800000, 0x00000000ff800000|100%| E|CS|TAMS 0x00000000ff700000| PB 0x00000000ff700000| Complete |  0
|2020|0x00000000ff800000, 0x00000000ff900000, 0x00000000ff900000|100%| E|CS|TAMS 0x00000000ff800000| PB 0x00000000ff800000| Complete |  0
|2021|0x00000000ff900000, 0x00000000ffa00000, 0x00000000ffa00000|100%| E|CS|TAMS 0x00000000ff900000| PB 0x00000000ff900000| Complete |  0
|2022|0x00000000ffa00000, 0x00000000ffb00000, 0x00000000ffb00000|100%| E|CS|TAMS 0x00000000ffa00000| PB 0x00000000ffa00000| Complete |  0
|2023|0x00000000ffb00000, 0x00000000ffc00000, 0x00000000ffc00000|100%| E|CS|TAMS 0x00000000ffb00000| PB 0x00000000ffb00000| Complete |  0
|2024|0x00000000ffc00000, 0x00000000ffd00000, 0x00000000ffd00000|100%| E|CS|TAMS 0x00000000ffc00000| PB 0x00000000ffc00000| Complete |  0
|2025|0x00000000ffd00000, 0x00000000ffe00000, 0x00000000ffe00000|100%| E|CS|TAMS 0x00000000ffd00000| PB 0x00000000ffd00000| Complete |  0
|2026|0x00000000ffe00000, 0x00000000fff00000, 0x00000000fff00000|100%| O|  |TAMS 0x00000000ffe00000| PB 0x00000000ffe00000| Untracked |  0
|2027|0x00000000fff00000, 0x00000000fff24e30, 0x0000000100000000| 14%| O|  |TAMS 0x00000000fff00000| PB 0x00000000fff00000| Untracked |  0

Card table byte_map: [0x000001d0cbbb0000,0x000001d0cbfb0000] _byte_map_base: 0x000001d0cb7a6000

Marking Bits: (CMBitMap*) 0x000001d0b3f94600
 Bits: [0x000001d0cbfb0000, 0x000001d0cdf60000)

Polling page: 0x000001d0b3700000

Metaspace:
Metaspace        used 14414K, committed 14720K, reserved 1114112K
 class space     used 1084K, committed 1216K, reserved 1048576K

Usage:
  Non-class:     13.02 MB used.
      Class:      1.06 MB used.
       Both:     14.08 MB used.

Virtual space:
  Non-class space:       64.00 MB reserved,      13.19 MB ( 21%) committed,  1 nodes.
      Class space:        1.00 GB reserved,       1.19 MB ( <1%) committed,  1 nodes.
             Both:        1.06 GB reserved,      14.38 MB (  1%) committed. 

Chunk freelists:
   Non-Class:  2.11 MB
       Class:  14.84 MB
        Both:  16.95 MB

MaxMetaspaceSize: unlimited
CompressedClassSpaceSize: 1.00 GB
Initial GC threshold: 21.00 MB
Current GC threshold: 21.00 MB
CDS: on
 - commit_granule_bytes: 65536.
 - commit_granule_words: 8192.
 - virtual_space_node_default_size: 8388608.
 - enlarge_chunks_in_place: 1.
UseCompressedClassPointers 1, UseCompactObjectHeaders 0
Narrow klass pointer bits 32, Max shift 3
Narrow klass base: 0x000000002b000000, Narrow klass shift: 0
Encoding Range: [0x000000002b000000 - 0x000000012b000000), (4294967296 bytes)
Klass Range:    [0x000000002b010000 - 0x000000006c000000), (1090453504 bytes)
Klass ID Range:  [65536 - 1090519033) (1090453497)
Protection zone: [0x000000002b000000 - 0x000000002b010000), (65536 bytes)


Internal statistics:

num_allocs_failed_limit: 0.
num_arena_births: 192.
num_arena_deaths: 0.
num_vsnodes_births: 2.
num_vsnodes_deaths: 0.
num_space_committed: 229.
num_space_uncommitted: 0.
num_chunks_returned_to_freelist: 0.
num_chunks_taken_from_freelist: 657.
num_chunk_merges: 0.
num_chunk_splits: 478.
num_chunks_enlarged: 367.
num_inconsistent_stats: 0.

CodeHeap 'non-profiled nmethods': size=120064Kb used=2209Kb max_used=2209Kb free=117854Kb
 bounds [0x000001d0c4270000, 0x000001d0c44e0000, 0x000001d0cb7b0000]
CodeHeap 'profiled nmethods': size=120000Kb used=5837Kb max_used=5837Kb free=114162Kb
 bounds [0x000001d0bc7b0000, 0x000001d0bcd70000, 0x000001d0c3ce0000]
CodeHeap 'non-nmethods': size=5696Kb used=2348Kb max_used=2462Kb free=3347Kb
 bounds [0x000001d0c3ce0000, 0x000001d0c3f50000, 0x000001d0c4270000]
CodeCache: size=245760Kb, used=10394Kb, max_used=10508Kb, free=235363Kb
 total_blobs=5494, nmethods=3995, adapters=1402, full_count=0
Compilation: enabled, stopped_count=0, restarted_count=0

Compilation events (20 events):
Event: 167.138 Thread 0x000001d0d053d8e0 4051       3       com.badlogic.gdx.backends.lwjgl3.Lwjgl3GL20::glPixelStorei (6 bytes)
Event: 167.138 Thread 0x000001d0d053d8e0 nmethod 4051 0x000001d0bcd60c88 code [0x000001d0bcd60d80, 0x000001d0bcd60f10]
Event: 167.138 Thread 0x000001d0d053d8e0 4052       3       org.lwjgl.opengl.GL11::glPixelStorei (6 bytes)
Event: 167.138 Thread 0x000001d0d053d8e0 nmethod 4052 0x000001d0bcd60f88 code [0x000001d0bcd61080, 0x000001d0bcd61190]
Event: 167.138 Thread 0x000001d0d053d8e0 4053       3       com.badlogic.gdx.utils.Pool::<init> (9 bytes)
Event: 167.138 Thread 0x000001d0d053d8e0 nmethod 4053 0x000001d0bcd61288 code [0x000001d0bcd61380, 0x000001d0bcd614c8]
Event: 167.312 Thread 0x000001d0d053d8e0 4054       3       com.badlogic.gdx.graphics.glutils.ShapeRenderer::flush (20 bytes)
Event: 167.313 Thread 0x000001d0d053d8e0 nmethod 4054 0x000001d0bcd61588 code [0x000001d0bcd61680, 0x000001d0bcd61990]
Event: 167.462 Thread 0x000001d0d053d8e0 4055       1       nintendont.amongspirits.ui.game.PauseMenu::access$000 (5 bytes)
Event: 167.463 Thread 0x000001d0d053d8e0 nmethod 4055 0x000001d0c4497108 code [0x000001d0c4497200, 0x000001d0c44972b0]
Event: 167.463 Thread 0x000001d0d053d8e0 4056       1       nintendont.amongspirits.ui.game.PauseMenu::access$100 (5 bytes)
Event: 167.463 Thread 0x000001d0d053d8e0 nmethod 4056 0x000001d0c4497408 code [0x000001d0c4497500, 0x000001d0c44975b0]
Event: 167.496 Thread 0x000001d0d053d8e0 4057       3       com.badlogic.gdx.scenes.scene2d.Group::drawDebugChildren (242 bytes)
Event: 167.498 Thread 0x000001d0d053d8e0 nmethod 4057 0x000001d0bcd61a08 code [0x000001d0bcd61b00, 0x000001d0bcd62a70]
Event: 167.613 Thread 0x000001d0d05370b0 4058       4       com.badlogic.gdx.scenes.scene2d.ui.Button::draw (258 bytes)
Event: 167.636 Thread 0x000001d0d05370b0 nmethod 4058 0x000001d0c4497708 code [0x000001d0c4497820, 0x000001d0c4498688]
Event: 167.750 Thread 0x000001d0d053d8e0 4059       3       com.badlogic.gdx.utils.Array::removeValue (99 bytes)
Event: 167.750 Thread 0x000001d0d053d8e0 nmethod 4059 0x000001d0bcd62a88 code [0x000001d0bcd62b80, 0x000001d0bcd631a8]
Event: 167.753 Thread 0x000001d0d053d8e0 4060       3       java.lang.invoke.MethodHandleNatives::findMethodHandleType (7 bytes)
Event: 167.753 Thread 0x000001d0d053d8e0 nmethod 4060 0x000001d0bcd63208 code [0x000001d0bcd63300, 0x000001d0bcd63418]

GC Heap Usage History (20 events):
Event: 1.113 {heap Before GC invocations=0 (full 0):
 garbage-first heap   total reserved 2076672K, committed 133120K, used 29843K [0x0000000081400000, 0x0000000100000000)
  region size 1024K, 28 young (28672K), 0 survivors (0K)
}
Event: 1.118 {heap After GC invocations=1 (full 0):
 garbage-first heap   total reserved 2076672K, committed 133120K, used 3724K [0x0000000081400000, 0x0000000100000000)
  region size 1024K, 3 young (3072K), 3 survivors (3072K)
}
Event: 1.149 {heap Before GC invocations=1 (full 0):
 garbage-first heap   total reserved 2076672K, committed 133120K, used 59020K [0x0000000081400000, 0x0000000100000000)
  region size 1024K, 58 young (59392K), 3 survivors (3072K)
}
Event: 1.152 {heap After GC invocations=2 (full 0):
 garbage-first heap   total reserved 2076672K, committed 133120K, used 4110K [0x0000000081400000, 0x0000000100000000)
  region size 1024K, 3 young (3072K), 3 survivors (3072K)
}
Event: 9.275 {heap Before GC invocations=2 (full 0):
 garbage-first heap   total reserved 2076672K, committed 133120K, used 112654K [0x0000000081400000, 0x0000000100000000)
  region size 1024K, 56 young (57344K), 3 survivors (3072K)
}
Event: 9.279 {heap After GC invocations=3 (full 0):
 garbage-first heap   total reserved 2076672K, committed 133120K, used 13284K [0x0000000081400000, 0x0000000100000000)
  region size 1024K, 4 young (4096K), 4 survivors (4096K)
}
Event: 9.548 {heap Before GC invocations=3 (full 0):
 garbage-first heap   total reserved 2076672K, committed 133120K, used 79844K [0x0000000081400000, 0x0000000100000000)
  region size 1024K, 27 young (27648K), 4 survivors (4096K)
}
Event: 9.559 {heap After GC invocations=4 (full 0):
 garbage-first heap   total reserved 2076672K, committed 133120K, used 20627K [0x0000000081400000, 0x0000000100000000)
  region size 1024K, 10 young (10240K), 10 survivors (10240K)
}
Event: 10.034 {heap Before GC invocations=4 (full 0):
 garbage-first heap   total reserved 2076672K, committed 133120K, used 93331K [0x0000000081400000, 0x0000000100000000)
  region size 1024K, 36 young (36864K), 10 survivors (10240K)
}
Event: 10.055 {heap After GC invocations=5 (full 0):
 garbage-first heap   total reserved 2076672K, committed 133120K, used 32915K [0x0000000081400000, 0x0000000100000000)
  region size 1024K, 10 young (10240K), 10 survivors (10240K)
}
Event: 10.078 {heap Before GC invocations=5 (full 0):
 garbage-first heap   total reserved 2076672K, committed 133120K, used 59539K [0x0000000081400000, 0x0000000100000000)
  region size 1024K, 11 young (11264K), 10 survivors (10240K)
}
Event: 10.084 {heap After GC invocations=6 (full 0):
 garbage-first heap   total reserved 2076672K, committed 133120K, used 45715K [0x0000000081400000, 0x0000000100000000)
  region size 1024K, 0 young (0K), 0 survivors (0K)
}
Event: 10.234 {heap Before GC invocations=6 (full 0):
 garbage-first heap   total reserved 2076672K, committed 133120K, used 131731K [0x0000000081400000, 0x0000000100000000)
  region size 1024K, 51 young (52224K), 0 survivors (0K)
}
Event: 10.265 {heap After GC invocations=7 (full 0):
 garbage-first heap   total reserved 2076672K, committed 329728K, used 93843K [0x0000000081400000, 0x0000000100000000)
  region size 1024K, 8 young (8192K), 8 survivors (8192K)
}
Event: 10.768 {heap Before GC invocations=7 (full 0):
 garbage-first heap   total reserved 2076672K, committed 329728K, used 214675K [0x0000000081400000, 0x0000000100000000)
  region size 1024K, 71 young (72704K), 8 survivors (8192K)
}
Event: 10.808 {heap After GC invocations=8 (full 0):
 garbage-first heap   total reserved 2076672K, committed 329728K, used 127123K [0x0000000081400000, 0x0000000100000000)
  region size 1024K, 17 young (17408K), 17 survivors (17408K)
}
Event: 10.869 {heap Before GC invocations=8 (full 0):
 garbage-first heap   total reserved 2076672K, committed 329728K, used 212115K [0x0000000081400000, 0x0000000100000000)
  region size 1024K, 95 young (97280K), 17 survivors (17408K)
}
Event: 10.918 {heap After GC invocations=9 (full 0):
 garbage-first heap   total reserved 2076672K, committed 329728K, used 181907K [0x0000000081400000, 0x0000000100000000)
  region size 1024K, 12 young (12288K), 12 survivors (12288K)
}
Event: 11.058 {heap Before GC invocations=9 (full 0):
 garbage-first heap   total reserved 2076672K, committed 329728K, used 202387K [0x0000000081400000, 0x0000000100000000)
  region size 1024K, 33 young (33792K), 12 survivors (12288K)
}
Event: 11.075 {heap After GC invocations=10 (full 0):
 garbage-first heap   total reserved 2076672K, committed 329728K, used 194707K [0x0000000081400000, 0x0000000100000000)
  region size 1024K, 9 young (9216K), 9 survivors (9216K)
}

Metaspace Usage History (20 events):
Event: 1.113 {metaspace Before GC invocations=0 (full 0):
 Metaspace       used 6686K, committed 6912K, reserved 1114112K
  class space    used 397K, committed 512K, reserved 1048576K
}
Event: 1.118 {metaspace After GC invocations=1 (full 0):
 Metaspace       used 6686K, committed 6912K, reserved 1114112K
  class space    used 397K, committed 512K, reserved 1048576K
}
Event: 1.149 {metaspace Before GC invocations=1 (full 0):
 Metaspace       used 6689K, committed 6912K, reserved 1114112K
  class space    used 397K, committed 512K, reserved 1048576K
}
Event: 1.152 {metaspace After GC invocations=2 (full 0):
 Metaspace       used 6689K, committed 6912K, reserved 1114112K
  class space    used 397K, committed 512K, reserved 1048576K
}
Event: 9.275 {metaspace Before GC invocations=2 (full 0):
 Metaspace       used 9828K, committed 10048K, reserved 1114112K
  class space    used 725K, committed 832K, reserved 1048576K
}
Event: 9.279 {metaspace After GC invocations=3 (full 0):
 Metaspace       used 9828K, committed 10048K, reserved 1114112K
  class space    used 725K, committed 832K, reserved 1048576K
}
Event: 9.548 {metaspace Before GC invocations=3 (full 0):
 Metaspace       used 10019K, committed 10176K, reserved 1114112K
  class space    used 747K, committed 832K, reserved 1048576K
}
Event: 9.559 {metaspace After GC invocations=4 (full 0):
 Metaspace       used 10019K, committed 10176K, reserved 1114112K
  class space    used 747K, committed 832K, reserved 1048576K
}
Event: 10.035 {metaspace Before GC invocations=4 (full 0):
 Metaspace       used 10059K, committed 10304K, reserved 1114112K
  class space    used 748K, committed 832K, reserved 1048576K
}
Event: 10.055 {metaspace After GC invocations=5 (full 0):
 Metaspace       used 10059K, committed 10304K, reserved 1114112K
  class space    used 748K, committed 832K, reserved 1048576K
}
Event: 10.078 {metaspace Before GC invocations=5 (full 0):
 Metaspace       used 10059K, committed 10304K, reserved 1114112K
  class space    used 748K, committed 832K, reserved 1048576K
}
Event: 10.084 {metaspace After GC invocations=6 (full 0):
 Metaspace       used 10059K, committed 10304K, reserved 1114112K
  class space    used 748K, committed 832K, reserved 1048576K
}
Event: 10.234 {metaspace Before GC invocations=6 (full 0):
 Metaspace       used 10059K, committed 10304K, reserved 1114112K
  class space    used 748K, committed 832K, reserved 1048576K
}
Event: 10.265 {metaspace After GC invocations=7 (full 0):
 Metaspace       used 10059K, committed 10304K, reserved 1114112K
  class space    used 748K, committed 832K, reserved 1048576K
}
Event: 10.768 {metaspace Before GC invocations=7 (full 0):
 Metaspace       used 10060K, committed 10304K, reserved 1114112K
  class space    used 748K, committed 832K, reserved 1048576K
}
Event: 10.808 {metaspace After GC invocations=8 (full 0):
 Metaspace       used 10060K, committed 10304K, reserved 1114112K
  class space    used 748K, committed 832K, reserved 1048576K
}
Event: 10.869 {metaspace Before GC invocations=8 (full 0):
 Metaspace       used 10062K, committed 10304K, reserved 1114112K
  class space    used 748K, committed 832K, reserved 1048576K
}
Event: 10.918 {metaspace After GC invocations=9 (full 0):
 Metaspace       used 10062K, committed 10304K, reserved 1114112K
  class space    used 748K, committed 832K, reserved 1048576K
}
Event: 11.058 {metaspace Before GC invocations=9 (full 0):
 Metaspace       used 12202K, committed 12416K, reserved 1114112K
  class space    used 847K, committed 960K, reserved 1048576K
}
Event: 11.075 {metaspace After GC invocations=10 (full 0):
 Metaspace       used 12202K, committed 12416K, reserved 1114112K
  class space    used 847K, committed 960K, reserved 1048576K
}

Dll operation events (15 events):
Event: 0.021 Loaded shared library C:\Users\Kirby\.jdks\openjdk-25\bin\java.dll
Event: 0.180 Loaded shared library C:\Users\Kirby\.jdks\openjdk-25\bin\zip.dll
Event: 0.184 Loaded shared library C:\Users\Kirby\.jdks\openjdk-25\bin\instrument.dll
Event: 0.188 Loaded shared library C:\Users\Kirby\.jdks\openjdk-25\bin\net.dll
Event: 0.191 Loaded shared library C:\Users\Kirby\.jdks\openjdk-25\bin\nio.dll
Event: 0.197 Loaded shared library C:\Users\Kirby\.jdks\openjdk-25\bin\zip.dll
Event: 0.304 Loaded shared library C:\Users\Kirby\.jdks\openjdk-25\bin\jimage.dll
Event: 0.304 Loaded shared library C:\Users\Kirby\.jdks\openjdk-25\bin\extnet.dll
Event: 0.340 Loaded shared library C:\ProgramData\libGDX-temp\libgdxUser_72504843_GDX1_14_0\4c3cbe99\gdx64.dll
Event: 0.451 Loaded shared library C:\Users\Kirby\AppData\Local\Temp\lwjgl_Kirby\3.3.3+5\x64\lwjgl.dll
Event: 0.915 Loaded shared library C:\Users\Kirby\AppData\Local\Temp\lwjgl_Kirby\3.3.3+5\x64\lwjgl_opengl.dll
Event: 9.084 Loaded shared library C:\Users\Kirby\AppData\Local\Temp\libgdxKirby\11105a6b\gdx-bullet64.dll
Event: 11.044 Loaded shared library C:\Users\Kirby\AppData\Local\Temp\lwjgl_Kirby\3.3.3+5\x64\lwjgl_stb.dll
Event: 11.589 Loaded shared library C:\Users\Kirby\AppData\Local\Temp\libgdxKirby\d0673c77\gdx-freetype64.dll
Event: 12.160 Loaded shared library C:\Users\Kirby\.jdks\openjdk-25\bin\verify.dll

Deoptimization events (20 events):
Event: 44.891 Thread 0x000001d0b3f3adc0 Uncommon trap: trap_request=0xffffff45 fr.pc=0x000001d0c442b8f4 relative=0x00000000000000f4
Event: 44.891 Thread 0x000001d0b3f3adc0 Uncommon trap: reason=unstable_if action=reinterpret pc=0x000001d0c442b8f4 method=com.badlogic.gdx.utils.SnapshotArray.end()V @ 18 c2
Event: 44.891 Thread 0x000001d0b3f3adc0 DEOPT PACKING pc=0x000001d0c442b8f4 sp=0x000000bb83eff1c0
Event: 44.891 Thread 0x000001d0b3f3adc0 DEOPT UNPACKING pc=0x000001d0c3d6b282 sp=0x000000bb83eff150 mode 2
Event: 44.893 Thread 0x000001d0b3f3adc0 Uncommon trap: trap_request=0xffffff45 fr.pc=0x000001d0c4449504 relative=0x0000000000001204
Event: 44.893 Thread 0x000001d0b3f3adc0 Uncommon trap: reason=unstable_if action=reinterpret pc=0x000001d0c4449504 method=com.badlogic.gdx.scenes.scene2d.Group.drawDebugChildren(Lcom/badlogic/gdx/graphics/glutils/ShapeRenderer;)V @ 151 c2
Event: 44.893 Thread 0x000001d0b3f3adc0 DEOPT PACKING pc=0x000001d0c4449504 sp=0x000000bb83efec70
Event: 44.893 Thread 0x000001d0b3f3adc0 DEOPT UNPACKING pc=0x000001d0c3d6b282 sp=0x000000bb83efec38 mode 2
Event: 158.656 Thread 0x000001d0b3f3adc0 Uncommon trap: trap_request=0xffffff45 fr.pc=0x000001d0c4467b28 relative=0x0000000000000e08
Event: 158.656 Thread 0x000001d0b3f3adc0 Uncommon trap: reason=unstable_if action=reinterpret pc=0x000001d0c4467b28 method=com.badlogic.gdx.scenes.scene2d.utils.ClickListener.isOver()Z @ 4 c2
Event: 158.656 Thread 0x000001d0b3f3adc0 DEOPT PACKING pc=0x000001d0c4467b28 sp=0x000000bb83efebd0
Event: 158.656 Thread 0x000001d0b3f3adc0 DEOPT UNPACKING pc=0x000001d0c3d6b282 sp=0x000000bb83efea58 mode 2
Event: 158.656 Thread 0x000001d0b3f3adc0 Uncommon trap: trap_request=0xffffff45 fr.pc=0x000001d0c4463ce4 relative=0x0000000000000064
Event: 158.656 Thread 0x000001d0b3f3adc0 Uncommon trap: reason=unstable_if action=reinterpret pc=0x000001d0c4463ce4 method=com.badlogic.gdx.scenes.scene2d.utils.ClickListener.isOver()Z @ 4 c2
Event: 158.656 Thread 0x000001d0b3f3adc0 DEOPT PACKING pc=0x000001d0c4463ce4 sp=0x000000bb83efeab0
Event: 158.656 Thread 0x000001d0b3f3adc0 DEOPT UNPACKING pc=0x000001d0c3d6b282 sp=0x000000bb83efe9d8 mode 2
Event: 167.141 Thread 0x000001d0b3f3adc0 Uncommon trap: trap_request=0xffffff45 fr.pc=0x000001d0c445970c relative=0x0000000000000a0c
Event: 167.141 Thread 0x000001d0b3f3adc0 Uncommon trap: reason=unstable_if action=reinterpret pc=0x000001d0c445970c method=com.badlogic.gdx.scenes.scene2d.Group.drawDebugChildren(Lcom/badlogic/gdx/graphics/glutils/ShapeRenderer;)V @ 58 c2
Event: 167.141 Thread 0x000001d0b3f3adc0 DEOPT PACKING pc=0x000001d0c445970c sp=0x000000bb83eff1d0
Event: 167.141 Thread 0x000001d0b3f3adc0 DEOPT UNPACKING pc=0x000001d0c3d6b282 sp=0x000000bb83eff178 mode 2

Classes loaded (20 events):
Event: 12.212 Loading class java/security/AlgorithmConstraints
Event: 12.212 Loading class java/security/AlgorithmConstraints done
Event: 12.212 Loading class javax/net/ssl/SSLSocket
Event: 12.212 Loading class javax/net/ssl/SSLSocket done
Event: 12.212 Loading class java/net/ConnectException
Event: 12.212 Loading class java/net/ConnectException done
Event: 12.213 Loading class java/net/SocketTimeoutException
Event: 12.213 Loading class java/io/InterruptedIOException
Event: 12.213 Loading class java/io/InterruptedIOException done
Event: 12.213 Loading class java/net/SocketTimeoutException done
Event: 12.213 Loading class java/lang/StackTraceElement$HashedModules
Event: 12.213 Loading class java/lang/StackTraceElement$HashedModules done
Event: 12.215 Loading class java/lang/Throwable$WrappedPrintStream
Event: 12.215 Loading class java/lang/Throwable$PrintStreamOrWriter
Event: 12.215 Loading class java/lang/Throwable$PrintStreamOrWriter done
Event: 12.215 Loading class java/lang/Throwable$WrappedPrintStream done
Event: 14.558 Loading class java/lang/FdLibm$Acos
Event: 14.558 Loading class java/lang/FdLibm$Acos done
Event: 15.128 Loading class java/lang/FdLibm$Atan
Event: 15.128 Loading class java/lang/FdLibm$Atan done

Classes unloaded (0 events):
No events

Classes redefined (0 events):
No events

Internal exceptions (20 events):
Event: 9.154 Thread 0x000001d0d08a10a0 Exception <a 'java/lang/NoSuchMethodError'{0x000000008639b1c0}: 'void java.lang.invoke.Invokers$Holder.invokeExact_MT(java.lang.Object, java.lang.Object, java.lang.Object, java.lang.Object)'> (0x000000008639b1c0) 
thrown [s\open\src\hotspot\share\interpreter\linkResolver.cpp, line 804]
Event: 9.156 Thread 0x000001d0d08a10a0 Exception <a 'java/lang/NoSuchMethodError'{0x00000000863b6958}: 'void java.lang.invoke.DelegatingMethodHandle$Holder.reinvoke_L(java.lang.Object, java.lang.Object, int)'> (0x00000000863b6958) 
thrown [s\open\src\hotspot\share\interpreter\linkResolver.cpp, line 804]
Event: 9.157 Thread 0x000001d0d08a10a0 Exception <a 'java/lang/NoSuchMethodError'{0x00000000863c6d98}: 'void java.lang.invoke.Invokers$Holder.invokeExact_MT(java.lang.Object, java.lang.Object, int, java.lang.Object)'> (0x00000000863c6d98) 
thrown [s\open\src\hotspot\share\interpreter\linkResolver.cpp, line 804]
Event: 9.163 Thread 0x000001d0d08a10a0 Exception <a 'java/lang/NoSuchMethodError'{0x0000000086206900}: 'float java.lang.invoke.DelegatingMethodHandle$Holder.reinvoke_L(java.lang.Object, java.lang.Object)'> (0x0000000086206900) 
thrown [s\open\src\hotspot\share\interpreter\linkResolver.cpp, line 804]
Event: 9.164 Thread 0x000001d0d08a10a0 Exception <a 'java/lang/NoSuchMethodError'{0x000000008621ef20}: 'void java.lang.invoke.DelegatingMethodHandle$Holder.reinvoke_L(java.lang.Object, java.lang.Object, float)'> (0x000000008621ef20) 
thrown [s\open\src\hotspot\share\interpreter\linkResolver.cpp, line 804]
Event: 9.960 Thread 0x000001d0b3f3adc0 Implicit null exception at 0x000001d0c430e6f9 to 0x000001d0c43101f0
Event: 11.033 Thread 0x000001d0d08a10a0 Exception <a 'java/lang/NoSuchMethodError'{0x0000000092ca4478}: 'void java.lang.System.load(java.lang.String, java.lang.Class)'> (0x0000000092ca4478) 
thrown [s\open\src\hotspot\share\interpreter\linkResolver.cpp, line 804]
Event: 11.034 Thread 0x000001d0d08a10a0 Exception <a 'java/lang/NoSuchMethodError'{0x0000000092cac258}: 'void java.lang.System.loadLibrary(java.lang.String, java.lang.Class)'> (0x0000000092cac258) 
thrown [s\open\src\hotspot\share\interpreter\linkResolver.cpp, line 804]
Event: 11.041 Thread 0x000001d0d08a10a0 Exception <a 'sun/nio/fs/WindowsException'{0x0000000092cc0730}> (0x0000000092cc0730) 
thrown [s\open\src\hotspot\share\prims\jni.cpp, line 516]
Event: 11.042 Thread 0x000001d0d08a10a0 Exception <a 'sun/nio/fs/WindowsException'{0x0000000092cc0ab0}> (0x0000000092cc0ab0) 
thrown [s\open\src\hotspot\share\prims\jni.cpp, line 516]
Event: 11.591 Thread 0x000001d0b3f3adc0 Exception <a 'java/io/FileNotFoundException'{0x0000000093c98eb0}> (0x0000000093c98eb0) 
thrown [s\open\src\hotspot\share\prims\jni.cpp, line 516]
Event: 11.664 Thread 0x000001d0b3f3adc0 Exception <a 'java/io/FileNotFoundException'{0x00000000ffc1e5d8}> (0x00000000ffc1e5d8) 
thrown [s\open\src\hotspot\share\prims\jni.cpp, line 516]
Event: 11.862 Thread 0x000001d0b3f3adc0 Implicit null exception at 0x000001d0c42e508e to 0x000001d0c42e54f0
Event: 12.105 Thread 0x000001d0b3f3adc0 Exception <a 'java/lang/NoSuchMethodError'{0x00000000ff7423d0}: 'int java.lang.invoke.DirectMethodHandle$Holder.invokeStatic(java.lang.Object, int, java.lang.Object)'> (0x00000000ff7423d0) 
thrown [s\open\src\hotspot\share\interpreter\linkResolver.cpp, line 804]
Event: 12.167 Thread 0x000001d0b3f3adc0 Exception <a 'java/lang/NoSuchMethodError'{0x00000000ff66f470}: 'java.lang.Object java.lang.invoke.DirectMethodHandle$Holder.invokeStaticInit(java.lang.Object, int, int, int, int)'> (0x00000000ff66f470) 
thrown [s\open\src\hotspot\share\interpreter\linkResolver.cpp, line 804]
Event: 12.212 Thread 0x000001d0de3aa1c0 Exception <a 'java/net/ConnectException'{0x00000000ff404ec8}: Connection refused: connect> (0x00000000ff404ec8) 
thrown [s\open\src\hotspot\share\prims\jni.cpp, line 534]
Event: 12.213 Thread 0x000001d0de3a5b70 Exception <a 'java/net/ConnectException'{0x00000000ff480578}: Connection refused: connect> (0x00000000ff480578) 
thrown [s\open\src\hotspot\share\prims\jni.cpp, line 534]
Event: 12.355 Thread 0x000001d0b3f3adc0 Implicit null exception at 0x000001d0c42ed28d to 0x000001d0c42ed474
Event: 16.163 Thread 0x000001d0b3f3adc0 Implicit null exception at 0x000001d0c43dc338 to 0x000001d0c43dcf64
Event: 16.163 Thread 0x000001d0b3f3adc0 Implicit null exception at 0x000001d0c43eaad7 to 0x000001d0c43eabcc

VM Operations (20 events):
Event: 11.580 Executing non-safepoint VM operation: HandshakeAllThreads (Deoptimize)
Event: 11.580 Executing non-safepoint VM operation: HandshakeAllThreads (Deoptimize) done
Event: 11.597 Executing non-safepoint VM operation: HandshakeAllThreads (Deoptimize)
Event: 11.597 Executing non-safepoint VM operation: HandshakeAllThreads (Deoptimize) done
Event: 11.766 Executing non-safepoint VM operation: HandshakeAllThreads (Deoptimize)
Event: 11.766 Executing non-safepoint VM operation: HandshakeAllThreads (Deoptimize) done
Event: 11.778 Executing non-safepoint VM operation: HandshakeAllThreads (Deoptimize)
Event: 11.778 Executing non-safepoint VM operation: HandshakeAllThreads (Deoptimize) done
Event: 11.782 Executing non-safepoint VM operation: HandshakeAllThreads (Deoptimize)
Event: 11.782 Executing non-safepoint VM operation: HandshakeAllThreads (Deoptimize) done
Event: 12.113 Executing non-safepoint VM operation: HandshakeAllThreads (Deoptimize)
Event: 12.113 Executing non-safepoint VM operation: HandshakeAllThreads (Deoptimize) done
Event: 12.114 Executing non-safepoint VM operation: HandshakeAllThreads (Deoptimize)
Event: 12.114 Executing non-safepoint VM operation: HandshakeAllThreads (Deoptimize) done
Event: 12.166 Executing non-safepoint VM operation: HandshakeAllThreads (Deoptimize)
Event: 12.166 Executing non-safepoint VM operation: HandshakeAllThreads (Deoptimize) done
Event: 60.260 Executing non-safepoint VM operation: HandshakeAllThreads (HandshakeForDeflation)
Event: 60.260 Executing non-safepoint VM operation: HandshakeAllThreads (HandshakeForDeflation) done
Event: 60.260 Executing non-safepoint VM operation: RendezvousGCThreads
Event: 60.260 Executing non-safepoint VM operation: RendezvousGCThreads done

Memory protections (0 events):
No events

Nmethod flushes (0 events):
No events

Events (20 events):
Event: 0.279 Thread 0x000001d0b3f3adc0 Thread added: 0x000001d0d5186f90
Event: 0.279 Thread 0x000001d0b3f3adc0 Thread added: 0x000001d0d5187750
Event: 0.738 Thread 0x000001d0d0742830 Thread exited: 0x000001d0d0742830
Event: 0.751 Thread 0x000001d0b3f3adc0 Thread added: 0x000001d0d59bdd30
Event: 0.921 Thread 0x000001d0d053d8e0 Thread added: 0x000001d0d603a7f0
Event: 1.713 Thread 0x000001d0d603a7f0 Thread exited: 0x000001d0d603a7f0
Event: 2.660 Thread 0x000001d0b3f3adc0 Thread added: 0x000001d0d6114620
Event: 5.927 Thread 0x000001d0b3f3adc0 Thread added: 0x000001d0d66f4010
Event: 9.122 Thread 0x000001d0b3f3adc0 Thread added: 0x000001d0d08a10a0
Event: 9.211 Thread 0x000001d0d053d8e0 Thread added: 0x000001d0d614a400
Event: 12.182 Thread 0x000001d0b3f3adc0 Thread added: 0x000001d0def36cd0
Event: 12.210 Thread 0x000001d0def36cd0 Thread added: 0x000001d0de3aa1c0
Event: 12.210 Thread 0x000001d0def36cd0 Thread added: 0x000001d0de3a5b70
Event: 12.213 Thread 0x000001d0de3aa1c0 Thread exited: 0x000001d0de3aa1c0
Event: 12.214 Thread 0x000001d0de3a5b70 Thread exited: 0x000001d0de3a5b70
Event: 12.216 Thread 0x000001d0def36cd0 Thread exited: 0x000001d0def36cd0
Event: 12.353 Thread 0x000001d0d614a400 Thread exited: 0x000001d0d614a400
Event: 154.235 Thread 0x000001d0d05370b0 Thread added: 0x000001d0d614bc30
Event: 159.190 Thread 0x000001d0d614bc30 Thread exited: 0x000001d0d614bc30
Event: 167.754 Thread 0x000001d0d08a10a0 Thread exited: 0x000001d0d08a10a0


Dynamic libraries:
0x00007ff6a2380000 - 0x00007ff6a238e000 	C:\Users\Kirby\.jdks\openjdk-25\bin\java.exe
0x00007ffb3c1b0000 - 0x00007ffb3c3a8000 	C:\Windows\SYSTEM32\ntdll.dll
0x00007ffb3a330000 - 0x00007ffb3a3f2000 	C:\Windows\System32\KERNEL32.DLL
0x00007ffb39b70000 - 0x00007ffb39e66000 	C:\Windows\System32\KERNELBASE.dll
0x00007ffb39840000 - 0x00007ffb39940000 	C:\Windows\System32\ucrtbase.dll
0x00007ffb34520000 - 0x00007ffb34537000 	C:\Users\Kirby\.jdks\openjdk-25\bin\jli.dll
0x00007ffb3b410000 - 0x00007ffb3b5b1000 	C:\Windows\System32\USER32.dll
0x00007ffb39fd0000 - 0x00007ffb39ff2000 	C:\Windows\System32\win32u.dll
0x00007ffb3ba30000 - 0x00007ffb3ba5b000 	C:\Windows\System32\GDI32.dll
0x00007ffb3a000000 - 0x00007ffb3a119000 	C:\Windows\System32\gdi32full.dll
0x00007ffb39940000 - 0x00007ffb399dd000 	C:\Windows\System32\msvcp_win.dll
0x00007ffb318c0000 - 0x00007ffb318de000 	C:\Users\Kirby\.jdks\openjdk-25\bin\VCRUNTIME140.dll
0x00007ffb1f850000 - 0x00007ffb1faeb000 	C:\Windows\WinSxS\amd64_microsoft.windows.common-controls_6595b64144ccf1df_6.0.19041.6456_none_60b8a6cb71f64256\COMCTL32.dll
0x00007ffb3bd10000 - 0x00007ffb3bdae000 	C:\Windows\System32\msvcrt.dll
0x00007ffb3a300000 - 0x00007ffb3a32f000 	C:\Windows\System32\IMM32.DLL
0x00007ffb34510000 - 0x00007ffb3451c000 	C:\Users\Kirby\.jdks\openjdk-25\bin\vcruntime140_1.dll
0x00007ffb1ba80000 - 0x00007ffb1bb0d000 	C:\Users\Kirby\.jdks\openjdk-25\bin\msvcp140.dll
0x00007ffaf1350000 - 0x00007ffaf21af000 	C:\Users\Kirby\.jdks\openjdk-25\bin\server\jvm.dll
0x00007ffb3aad0000 - 0x00007ffb3ab81000 	C:\Windows\System32\ADVAPI32.dll
0x00007ffb3b370000 - 0x00007ffb3b40f000 	C:\Windows\System32\sechost.dll
0x00007ffb3bae0000 - 0x00007ffb3bc00000 	C:\Windows\System32\RPCRT4.dll
0x00007ffb3a1a0000 - 0x00007ffb3a1c7000 	C:\Windows\System32\bcrypt.dll
0x00007ffb3ba70000 - 0x00007ffb3badb000 	C:\Windows\System32\WS2_32.dll
0x00007ffb39580000 - 0x00007ffb395cb000 	C:\Windows\SYSTEM32\POWRPROF.dll
0x00007ffb29500000 - 0x00007ffb29527000 	C:\Windows\SYSTEM32\WINMM.dll
0x00007ffb34830000 - 0x00007ffb3483a000 	C:\Windows\SYSTEM32\VERSION.dll
0x00007ffb392b0000 - 0x00007ffb392c2000 	C:\Windows\SYSTEM32\UMPDC.dll
0x00007ffb37690000 - 0x00007ffb376a2000 	C:\Windows\SYSTEM32\kernel.appcore.dll
0x00007ffb2fbc0000 - 0x00007ffb2fbca000 	C:\Users\Kirby\.jdks\openjdk-25\bin\jimage.dll
0x00007ffb247c0000 - 0x00007ffb249c1000 	C:\Windows\SYSTEM32\DBGHELP.DLL
0x00007ffb16db0000 - 0x00007ffb16de4000 	C:\Windows\SYSTEM32\dbgcore.DLL
0x00007ffb399e0000 - 0x00007ffb39a62000 	C:\Windows\System32\bcryptPrimitives.dll
0x00007ffb2fb90000 - 0x00007ffb2fba0000 	C:\Users\Kirby\.jdks\openjdk-25\bin\instrument.dll
0x00007ffb2fac0000 - 0x00007ffb2fadf000 	C:\Users\Kirby\.jdks\openjdk-25\bin\java.dll
0x00007ffb3a1d0000 - 0x00007ffb3a2fb000 	C:\Windows\System32\ole32.dll
0x00007ffb3bdb0000 - 0x00007ffb3c104000 	C:\Windows\System32\combase.dll
0x00007ffb3ac00000 - 0x00007ffb3b370000 	C:\Windows\System32\SHELL32.dll
0x00007ffb37890000 - 0x00007ffb38035000 	C:\Windows\SYSTEM32\windows.storage.dll
0x00007ffb39120000 - 0x00007ffb3914b000 	C:\Windows\SYSTEM32\Wldp.dll
0x00007ffb3a430000 - 0x00007ffb3a4fd000 	C:\Windows\System32\OLEAUT32.dll
0x00007ffb3bc60000 - 0x00007ffb3bd0d000 	C:\Windows\System32\SHCORE.dll
0x00007ffb3c110000 - 0x00007ffb3c16b000 	C:\Windows\System32\shlwapi.dll
0x00007ffb39770000 - 0x00007ffb39794000 	C:\Windows\SYSTEM32\profapi.dll
0x00007ffb2a110000 - 0x00007ffb2a127000 	C:\Users\Kirby\.jdks\openjdk-25\bin\zip.dll
0x00007ffb281a0000 - 0x00007ffb281b2000 	C:\Users\Kirby\.jdks\openjdk-25\bin\net.dll
0x00007ffb38e90000 - 0x00007ffb38efa000 	C:\Windows\system32\mswsock.dll
0x00007ffb1dc60000 - 0x00007ffb1dc76000 	C:\Users\Kirby\.jdks\openjdk-25\bin\nio.dll
0x00007ffb2fa90000 - 0x00007ffb2fa99000 	C:\Users\Kirby\.jdks\openjdk-25\bin\extnet.dll
0x00007ffb1a6f0000 - 0x00007ffb1a717000 	C:\ProgramData\libGDX-temp\libgdxUser_72504843_GDX1_14_0\4c3cbe99\gdx64.dll
0x00007ffb122a0000 - 0x00007ffb1231b000 	C:\Users\Kirby\AppData\Local\Temp\lwjgl_Kirby\3.3.3+5\x64\lwjgl.dll
0x00007ffb03fd0000 - 0x00007ffb04240000 	C:\Users\Kirby\AppData\Local\Temp\lwjgl_Kirby\3.3.3+5\x64\jemalloc.dll
0x00007ffb0e9f0000 - 0x00007ffb0ea72000 	C:\Users\Kirby\AppData\Local\Temp\lwjgl_Kirby\3.3.3+5\x64\glfw.dll
0x00007ffb18ec0000 - 0x00007ffb18f05000 	C:\Windows\SYSTEM32\dinput8.dll
0x00007ffb2fa10000 - 0x00007ffb2fa21000 	C:\Windows\SYSTEM32\xinput1_4.dll
0x00007ffb39a70000 - 0x00007ffb39abe000 	C:\Windows\System32\cfgmgr32.dll
0x00007ffb395d0000 - 0x00007ffb39603000 	C:\Windows\SYSTEM32\DEVOBJ.dll
0x00007ffb37390000 - 0x00007ffb373be000 	C:\Windows\SYSTEM32\dwmapi.dll
0x00007ffb302b0000 - 0x00007ffb30402000 	C:\Windows\SYSTEM32\inputhost.dll
0x00007ffb369a0000 - 0x00007ffb36a92000 	C:\Windows\SYSTEM32\CoreMessaging.dll
0x00007ffb34e90000 - 0x00007ffb34f84000 	C:\Windows\SYSTEM32\PROPSYS.dll
0x00007ffb35190000 - 0x00007ffb352e7000 	C:\Windows\SYSTEM32\wintypes.dll
0x00007ffb362c0000 - 0x00007ffb3661b000 	C:\Windows\SYSTEM32\CoreUIComponents.dll
0x00007ffb38a20000 - 0x00007ffb38a53000 	C:\Windows\SYSTEM32\ntmarta.dll
0x00007ffb37180000 - 0x00007ffb3721e000 	C:\Windows\system32\uxtheme.dll
0x00007ffb3b6d0000 - 0x00007ffb3b7e5000 	C:\Windows\System32\MSCTF.dll
0x00007ffafd010000 - 0x00007ffafd1d7000 	C:\Users\Kirby\AppData\Local\Temp\lwjgl_Kirby\3.3.3+5\x64\OpenAL.dll
0x00007ffb3b5c0000 - 0x00007ffb3b669000 	C:\Windows\System32\clbcatq.dll
0x00007ffb34340000 - 0x00007ffb343c5000 	C:\Windows\System32\MMDevApi.dll
0x00007ffb33f70000 - 0x00007ffb340f1000 	C:\Windows\SYSTEM32\AUDIOSES.DLL
0x00007ffb37290000 - 0x00007ffb372a4000 	C:\Windows\SYSTEM32\resourcepolicyclient.dll
0x00007ffb24e30000 - 0x00007ffb24f58000 	C:\Windows\SYSTEM32\opengl32.dll
0x00007ffb28c00000 - 0x00007ffb28c2c000 	C:\Windows\SYSTEM32\GLU32.dll
0x00007ffb33080000 - 0x00007ffb33186000 	C:\Windows\System32\AppXDeploymentClient.dll
0x00007ffaec940000 - 0x00007ffaed9e5000 	C:\Windows\System32\DriverStore\FileRepository\iigd_dch.inf_amd64_51f685305808e3a5\ig9icd64.dll
0x00007ffb38080000 - 0x00007ffb38176000 	C:\Windows\system32\dxgi.dll
0x00007ffaf99f0000 - 0x00007ffaf9b1c000 	C:\Windows\System32\DriverStore\FileRepository\iigd_dch.inf_amd64_51f685305808e3a5\igdml64.dll
0x00007ffb30760000 - 0x00007ffb30b69000 	C:\Windows\System32\DriverStore\FileRepository\iigd_dch.inf_amd64_51f685305808e3a5\igdgmm64.dll
0x00007ffb2bbf0000 - 0x00007ffb2f384000 	C:\Windows\System32\DriverStore\FileRepository\iigd_dch.inf_amd64_51f685305808e3a5\igc64.dll
0x00007ffb338e0000 - 0x00007ffb3398e000 	C:\Windows\SYSTEM32\mscms.dll
0x00007ffb396f0000 - 0x00007ffb3971e000 	C:\Windows\SYSTEM32\USERENV.dll
0x00007ffb33d90000 - 0x00007ffb33da1000 	C:\Windows\SYSTEM32\ColorAdapterClient.dll
0x00007ffb1dd60000 - 0x00007ffb1dda5000 	C:\Windows\SYSTEM32\icm32.dll
0x00007ffb11d90000 - 0x00007ffb11dee000 	C:\Users\Kirby\AppData\Local\Temp\lwjgl_Kirby\3.3.3+5\x64\lwjgl_opengl.dll
0x00007ffb301b0000 - 0x00007ffb302a9000 	C:\Windows\SYSTEM32\textinputframework.dll
0x00007ffb1c2a0000 - 0x00007ffb1c594000 	C:\Windows\SYSTEM32\uiautomationcore.dll
0x00007ffb39020000 - 0x00007ffb3902c000 	C:\Windows\SYSTEM32\CRYPTBASE.DLL
0x00007ffb2a870000 - 0x00007ffb2a8d6000 	C:\Windows\SYSTEM32\OLEACC.dll
0x00007ffaf23e0000 - 0x00007ffaf27f9000 	C:\Users\Kirby\AppData\Local\Temp\libgdxKirby\11105a6b\gdx-bullet64.dll
0x00007ffb0d040000 - 0x00007ffb0d0c2000 	C:\Users\Kirby\AppData\Local\Temp\lwjgl_Kirby\3.3.3+5\x64\lwjgl_stb.dll
0x00007ffb0a320000 - 0x00007ffb0a3dc000 	C:\Users\Kirby\AppData\Local\Temp\libgdxKirby\d0673c77\gdx-freetype64.dll
0x00007ffb27350000 - 0x00007ffb27360000 	C:\Users\Kirby\.jdks\openjdk-25\bin\verify.dll
0x00007ffb38bd0000 - 0x00007ffb38c9a000 	C:\Windows\SYSTEM32\DNSAPI.dll
0x00007ffb38b90000 - 0x00007ffb38bcb000 	C:\Windows\SYSTEM32\IPHLPAPI.DLL
0x00007ffb3ba60000 - 0x00007ffb3ba68000 	C:\Windows\System32\NSI.dll
0x00007ffb27c40000 - 0x00007ffb27c4a000 	C:\Windows\System32\rasadhlp.dll
0x00007ffb2b650000 - 0x00007ffb2b6d0000 	C:\Windows\System32\fwpuclnt.dll

JVMTI agents:
C:\Program Files\JetBrains\IntelliJ IDEA 2025.2.2\lib\idea_rt.jar path:C:\Users\Kirby\.jdks\openjdk-25\bin\instrument.dll, loaded, initialized, instrumentlib options:58500

dbghelp: loaded successfully - version: 4.0.5 - missing functions: none
symbol engine: initialized successfully - sym options: 0x614 - pdb path: .;C:\Users\Kirby\.jdks\openjdk-25\bin;C:\Windows\SYSTEM32;C:\Windows\WinSxS\amd64_microsoft.windows.common-controls_6595b64144ccf1df_6.0.19041.6456_none_60b8a6cb71f64256;C:\Users\Kirby\.jdks\openjdk-25\bin\server;C:\ProgramData\libGDX-temp\libgdxUser_72504843_GDX1_14_0\4c3cbe99;C:\Users\Kirby\AppData\Local\Temp\lwjgl_Kirby\3.3.3+5\x64;C:\Windows\System32\DriverStore\FileRepository\iigd_dch.inf_amd64_51f685305808e3a5;C:\Users\Kirby\AppData\Local\Temp\libgdxKirby\11105a6b;C:\Users\Kirby\AppData\Local\Temp\libgdxKirby\d0673c77

VM Arguments:
jvm_args: -javaagent:C:\Program Files\JetBrains\IntelliJ IDEA 2025.2.2\lib\idea_rt.jar=58500 -Dfile.encoding=UTF-8 -Dsun.stdout.encoding=UTF-8 -Dsun.stderr.encoding=UTF-8 
java_command: nintendont.amongspirits.lwjgl3.Lwjgl3Launcher
java_class_path (initial): C:\Users\Kirby\repos\ucab-arceus\game\core\build\classes\java\main;C:\Users\Kirby\.gradle\caches\modules-2\files-2.1\com.badlogicgames.ashley\ashley\1.7.4\21a3a8932919099c4e5006a7d8378dcbe76ef8a5\ashley-1.7.4.jar;C:\Users\Kirby\.gradle\caches\modules-2\files-2.1\com.badlogicgames.gdx-controllers\gdx-controllers-core\2.2.3\82b77d6cb6394420cdd480fc2ab373f7ba5e0e45\gdx-controllers-core-2.2.3.jar;C:\Users\Kirby\.gradle\caches\modules-2\files-2.1\com.badlogicgames.gdx\gdx-bullet\1.14.0\8d2248e9af7b43588c142d47512590de7d377448\gdx-bullet-1.14.0.jar;C:\Users\Kirby\.gradle\caches\modules-2\files-2.1\com.badlogicgames.gdx\gdx-freetype\1.14.0\90299d782fca725677549b88bc1958f968e09bd8\gdx-freetype-1.14.0.jar;C:\Users\Kirby\.gradle\caches\modules-2\files-2.1\com.github.mgsx-dev.gdx-gltf\gltf\0436377df4\77ac0d9f20afa182e0636c74201c696a2060f657\gltf-0436377df4.jar;C:\Users\Kirby\.gradle\caches\modules-2\files-2.1\com.badlogicgames.gdx\gdx\1.14.0\8accfce8d9313d9ddd23a2c9e315179783085ef2\gdx-1.14.0.jar;C:\Users\Kirby\.gradle\caches\modules-2\files-2.1\com.github.MrStahlfelge.gdx-websockets\core\1.9.10.3\667a57cfd21a2598438b4667f7a4e61a2eea14b8\core-1.9.10.3.jar;C:\Users\Kirby\.gradle\caches\modules-2\files-2.1\com.badlogicgames.gdx\gdx-jnigen-loader\2.5.2\f35e90affe07c46b4f5e5958a1a4c1820c4890e2\gdx-jnigen-loader-2.5.2.jar;C:\Users\Kirby\repos\ucab-arceus\game\lwjgl3\build\classes\java\main;C:\Users\Kirby\repos\ucab-arceus\game\lwjgl3\build\resources\main;C:\Users\Kirby\.gradle\caches\modules-2\files-2.1\com.badlogicgames.gdx-controllers\gdx-controllers-desktop\2.2.3\f496535b094461487a71b3f23a17cd7d524de0f5\gdx-controllers-desktop-2.2.3.jar;C:\Users\Kirby\.gradle\caches\modules-2\files-2.1\com.badlogicgames.gdx\gdx-backend-lwjgl3\1.14.0\122cf51d4a3bcd4e14e8fbd16ae2b65f27fe2d57\gdx-backend-lwjgl3-1.14.0.jar;C:\Users\Kirby\.gradle\caches\modules-2\files-2.1\com.badlogicgames.gdx\gdx-bullet-platform\1.14.0\f4b2d51d8c126dad99af8a28568493bc12f3ffd5\gdx-bullet-platform-1.14.0-natives-desktop.jar;C:\Users\Kirby\.gradle\caches\modules-2\files-2.1\com.badlogicgames.gdx\gdx-freetype-platform\1.14.0\f6fa9182df2efab018b7a3378a9a729fd94a19ab\gdx-freetype-platform-1.14.0-natives-desktop.jar;C:\Users\Kirby\.gradle\caches\modules-2\files-2.1\com.badlogicgames.gdx\gdx-lwjgl3-angle\1.14.0\f15d8d7ec09ef7486490f05f098ab57b4d318073\gdx-lwjgl3-angle-1.14.0.jar;C:\Users\Kirby\.gradle\caches\modules-2\files-2.1\com.badlogicgames.gdx\gdx-platform\1.14.0\d0ecc53f2c20576f1ba4ac9ba157cf48f7bd9821\gdx-platform-1.14.0-natives-desktop.jar;C:\Users\Kirby\.gradle\caches\modules-2\files-2.1\com.github.MrStahlfelge.gdx-websockets\common\1.9.10.3\e48aa34e94334ca4884aa8f8ba4066814bceb52d\common-1.9.10.3.jar;C:\Users\Kirby\.gradle\caches\modules-2\files-2.1\com.badlogicgames.jamepad\jamepad\2.0.20.0\55eb0007fd55c9914d106dac3387b9d444572cab\jamepad-2.0.20.0.jar;C:\Users\Kirby\.gradle\caches\modules-2\files-2.1\org.lwjgl\lwjgl-glfw\3.3.3\efa1eb78c5ccd840e9f329717109b5e892d72f8e\lwjgl-glfw-3.3.3.jar;C:\Users\Kirby\.gradle\caches\modules-2\files-2.1\org.lwjgl\lwjgl-glfw\3.3.3\a03684c5e4b1b1dbbe0d29dbbdc27b985b6840f2\lwjgl-glfw-3.3.3-natives-linux.jar;C:\Users\Kirby\.gradle\caches\modules-2\files-2.1\org.lwjgl\lwjgl-glfw\3.3.3\d9af485c32545b37dd5359b163161d42d7534dcf\lwjgl-glfw-3.3.3-natives-linux-arm32.jar;C:\Users\Kirby\.gradle\caches\modules-2\files-2.1\org.lwjgl\lwjgl-glfw\3.3.3\492a0f11f85b85899a6568f07511160c1b87cd38\lwjgl-glfw-3.3.3-natives-linux-arm64.jar;C:\Users\Kirby\.gradle\caches\modules-2\files-2.1\org.lwjgl\lwjgl-glfw\3.3.3\a1bf400f6bc64e6195596cb1430dafda46090751\lwjgl-glfw-3.3.3-natives-macos.jar;C:\Users\Kirby\.gradle\caches\modules-2\files-2.1\org.lwjgl\lwjgl-glfw\3.3.3\ee8cc78d0a4a5b3b4600fade6d927c9fc320c858\lwjgl-glfw-3.3.3-natives-macos-arm64.jar;C:\Users\Kirby\.gradle\caches\modules-2\files-2.1\org.lwjgl\lwjgl-glfw\3.3.3\e449e28b4891fc423c54c85fbc5bb0b9efece67a\lwjgl-glfw-3.3.3-natives-windows.jar;C:\Users\Kirby\.gradle\caches\modules-2\files-2.1\org.lwjgl\lwjgl-glfw\3.3.3\32334f3fd5270a59bad9939a93115acb6de36dcf\lwjgl-glfw-3.3.3-natives-windows-x86.jar;C:\Users\Kirby\.gradle\caches\modules-2\files-2.1\org.lwjgl\lwjgl-jemalloc\3.3.3\b543467b7ff3c6920539a88ee602d34098628be5\lwjgl-jemalloc-3.3.3.jar;C:\Users\Kirby\.gradle\caches\modules-2\files-2.1\org.lwjgl\lwjgl-jemalloc\3.3.3\4f86728bf449b1dd61251c4e0ac01df1389cb51e\lwjgl-jemalloc-3.3.3-natives-linux.jar;C:\Users\Kirby\.gradle\caches\modules-2\files-2.1\org.lwjgl\lwjgl-jemalloc\3.3.3\109b6931880d02d4e65ced38928a16e41d19873e\lwjgl-jemalloc-3.3.3-natives-linux-arm32.jar;C:\Users\Kirby\.gradle\caches\modules-2\files-2.1\org.lwjgl\lwjgl-jemalloc\3.3.3\eff8b86798191192fe2cba2dc2776109f30c239d\lwjgl-jemalloc-3.3.3-natives-linux-arm64.jar;C:\Users\Kirby\.gradle\caches\modules-2\files-2.1\org.lwjgl\lwjgl-jemalloc\3.3.3\2906637657a57579847238c9c72d2c4bde7083f8\lwjgl-jemalloc-3.3.3-natives-macos.jar;C:\Users\Kirby\.gradle\caches\modules-2\files-2.1\org.lwjgl\lwjgl-jemalloc\3.3.3\e9412c3ff8cb3a3bad1d3f52909ad74d8a5bdad1\lwjgl-jemalloc-3.3.3-natives-macos-arm64.jar;C:\Users\Kirby\.gradle\caches\modules-2\files-2.1\org.lwjgl\lwjgl-jemalloc\3.3.3\426222fc027602a5f21b9c0fe79cde6a4c7a011f\lwjgl-jemalloc-3.3.3-natives-windows.jar;C:\Users\Kirby\.gradle\caches\modules-2\files-2.1\org.lwjgl\lwjgl-jemalloc\3.3.3\f6063b6e0f23be483c5c88d84ce51b39dc69126c\lwjgl-jemalloc-3.3.3-natives-windows-x86.jar;C:\Users\Kirby\.gradle\caches\modules-2\files-2.1\org.lwjgl\lwjgl-openal\3.3.3\daada81ceb5fc0c291fbfdd4433cb8d9423577f2\lwjgl-openal-3.3.3.jar;C:\Users\Kirby\.gradle\caches\modules-2\files-2.1\org.lwjgl\lwjgl-openal\3.3.3\3037360cc4595079bea240af250b6d1a527e0905\lwjgl-openal-3.3.3-natives-linux.jar;C:\Users\Kirby\.gradle\caches\modules-2\files-2.1\org.lwjgl\lwjgl-openal\3.3.3\e1702aa09d20359d6cf5cb2999fa7685a785eca7\lwjgl-openal-3.3.3-natives-linux-arm32.jar;C:\Users\Kirby\.gradle\caches\modules-2\files-2.1\org.lwjgl\lwjgl-openal\3.3.3\ad8f302118a65bb8d615f8a2a680db58fb8f835e\lwjgl-openal-3.3.3-natives-linux-arm64.jar;C:\Users\Kirby\.gradle\caches\modules-2\files-2.1\org.lwjgl\lwjgl-openal\3.3.3\8df8338bfa77f2ebabef4e58964bd04d24805cbf\lwjgl-openal-3.3.3-natives-macos.jar;C:\Users\Kirby\.gradle\caches\modules-2\files-2.1\org.lwjgl\lwjgl-openal\3.3.3\c78b078de2fb52f45aa55d04db889a560f3544f\lwjgl-openal-3.3.3-natives-macos-arm64.jar;C:\Users\Kirby\.gradle\caches\modules-2\files-2.1\org.lwjgl\lwjgl-openal\3.3.3\cf83862ae95d98496b26915024c7e666d8ab1c8f\lwjgl-openal-3.3.3-natives-windows.jar;C:\Users\Kirby\.gradle\caches\modules-2\files-2.1\org.lwjgl\lwjgl-openal\3.3.3\87b8d5050e3adb46bb58fe1cb2669a4a48fce10d\lwjgl-openal-3.3.3-natives-windows-x86.jar;C:\Users\Kirby\.gradle\caches\modules-2\files-2.1\org.lwjgl\lwjgl-opengl\3.3.3\2f6b0147078396a58979125a4c947664e98293a\lwjgl-opengl-3.3.3.jar;C:\Users\Kirby\.gradle\caches\modules-2\files-2.1\org.lwjgl\lwjgl-opengl\3.3.3\62c70a4b00ca5391882b0f4b787c1588d24f1c86\lwjgl-opengl-3.3.3-natives-linux.jar;C:\Users\Kirby\.gradle\caches\modules-2\files-2.1\org.lwjgl\lwjgl-opengl\3.3.3\dbba17fc5ac0985d14a57c11f9537617d67b9952\lwjgl-opengl-3.3.3-natives-linux-arm32.jar;C:\Users\Kirby\.gradle\caches\modules-2\files-2.1\org.lwjgl\lwjgl-opengl\3.3.3\2096f6b94b2d68745d858fbfe53aacf5f0c8074c\lwjgl-opengl-3.3.3-natives-linux-arm64.jar;C:\Users\Kirby\.gradle\caches\modules-2\files-2.1\org.lwjgl\lwjgl-opengl\3.3.3\1bd45997551ae8a28469f3a2b678f4b7289e12c0\lwjgl-opengl-3.3.3-natives-macos.jar;C:\Users\Kirby\.gradle\caches\modules-2\files-2.1\org.lwjgl\lwjgl-opengl\3.3.3\d213ddef27637b1af87961ffa94d6b27036becc8\lwjgl-opengl-3.3.3-natives-macos-arm64.jar;C:\Users\Kirby\.gradle\caches\modules-2\files-2.1\org.lwjgl\lwjgl-opengl\3.3.3\e6c1eec8be8a71951b830a4d69efc01c6531900c\lwjgl-opengl-3.3.3-natives-windows.jar;C:\Users\Kirby\.gradle\caches\modules-2\files-2.1\org.lwjgl\lwjgl-opengl\3.3.3\d32d833dcaa2f355a886eaf21f0408b5f03241d\lwjgl-opengl-3.3.3-natives-windows-x86.jar;C:\Users\Kirby\.gradle\caches\modules-2\files-2.1\org.lwjgl\lwjgl-stb\3.3.3\25dd6161988d7e65f71d5065c99902402ee32746\lwjgl-stb-3.3.3.jar;C:\Users\Kirby\.gradle\caches\modules-2\files-2.1\org.lwjgl\lwjgl-stb\3.3.3\fd1271ccd9d85eff2fa31f3fd543e02ccfaf5041\lwjgl-stb-3.3.3-natives-linux.jar;C:\Users\Kirby\.gradle\caches\modules-2\files-2.1\org.lwjgl\lwjgl-stb\3.3.3\1ae28ff044699ff29b0e980ffabd73fba8a664b3\lwjgl-stb-3.3.3-natives-linux-arm32.jar;C:\Users\Kirby\.gradle\caches\modules-2\files-2.1\org.lwjgl\lwjgl-stb\3.3.3\ddc177afc2be1ee8d93684b11363b80589a13fe1\lwjgl-stb-3.3.3-natives-linux-arm64.jar;C:\Users\Kirby\.gradle\caches\modules-2\files-2.1\org.lwjgl\lwjgl-stb\3.3.3\472792c98fb2c1557c060cb9da5fca6a9773621f\lwjgl-stb-3.3.3-natives-macos.jar;C:\Users\Kirby\.gradle\caches\modules-2\files-2.1\org.lwjgl\lwjgl-stb\3.3.3\51c6955571fbcdb7bb538c6aa589b953b584c6af\lwjgl-stb-3.3.3-natives-macos-arm64.jar;C:\Users\Kirby\.gradle\caches\modules-2\files-2.1\org.lwjgl\lwjgl-stb\3.3.3\1d9facdf6541de114b0f963be33505b7679c78cb\lwjgl-stb-3.3.3-natives-windows.jar;C:\Users\Kirby\.gradle\caches\modules-2\files-2.1\org.lwjgl\lwjgl-stb\3.3.3\b5c874687b9aac1a936501d4ed2c49567fd1b575\lwjgl-stb-3.3.3-natives-windows-x86.jar;C:\Users\Kirby\.gradle\caches\modules-2\files-2.1\org.lwjgl\lwjgl\3.3.3\29589b5f87ed335a6c7e7ee6a5775f81f97ecb84\lwjgl-3.3.3.jar;C:\Users\Kirby\.gradle\caches\modules-2\files-2.1\org.lwjgl\lwjgl\3.3.3\1713758e3660ba66e1e954396fd18126038b33c0\lwjgl-3.3.3-natives-linux.jar;C:\Users\Kirby\.gradle\caches\modules-2\files-2.1\org.lwjgl\lwjgl\3.3.3\2075c51a80f0ef0f22ba616ba54007ac2b0debd4\lwjgl-3.3.3-natives-linux-arm32.jar;C:\Users\Kirby\.gradle\caches\modules-2\files-2.1\org.lwjgl\lwjgl\3.3.3\f35d8b6ffe1ac1e3a5eb1d4e33de80f044ad5fd8\lwjgl-3.3.3-natives-linux-arm64.jar;C:\Users\Kirby\.gradle\caches\modules-2\files-2.1\org.lwjgl\lwjgl\3.3.3\33a6efa288390490ce6eb6c3df47ac21ecf648cf\lwjgl-3.3.3-natives-macos.jar;C:\Users\Kirby\.gradle\caches\modules-2\files-2.1\org.lwjgl\lwjgl\3.3.3\226246e75f6bd8d4e1895bdce8638ef87808d114\lwjgl-3.3.3-natives-macos-arm64.jar;C:\Users\Kirby\.gradle\caches\modules-2\files-2.1\org.lwjgl\lwjgl\3.3.3\a5ed18a2b82fc91b81f40d717cb1f64c9dcb0540\lwjgl-3.3.3-natives-windows.jar;C:\Users\Kirby\.gradle\caches\modules-2\files-2.1\org.lwjgl\lwjgl\3.3.3\9e670718e050aeaeea0c2d5b907cffb142f2e58f\lwjgl-3.3.3-natives-windows-x86.jar;C:\Users\Kirby\.gradle\caches\modules-2\files-2.1\com.badlogicgames.jlayer\jlayer\1.0.1-gdx\7cca83cec5c1b2f011362f4d85aabd71a73b049d\jlayer-1.0.1-gdx.jar;C:\Users\Kirby\.gradle\caches\modules-2\files-2.1\org.jcraft\jorbis\0.0.17\8872d22b293e8f5d7d56ff92be966e6dc28ebdc6\jorbis-0.0.17.jar;C:\Users\Kirby\.gradle\caches\modules-2\files-2.1\org.lwjgl\lwjgl-opengles\3.3.3\b3a29ff95bdb320122839741a3723338e6ecfa28\lwjgl-opengles-3.3.3.jar;C:\Users\Kirby\.gradle\caches\modules-2\files-2.1\org.lwjgl\lwjgl-opengles\3.3.3\d59211c8746d50cfb610bd38f8d817a94fbdf013\lwjgl-opengles-3.3.3-natives-linux.jar;C:\Users\Kirby\.gradle\caches\modules-2\files-2.1\org.lwjgl\lwjgl-opengles\3.3.3\8b0c02692d6f869dee1060f290fd157f05dfa999\lwjgl-opengles-3.3.3-natives-linux-arm32.jar;C:\Users\Kirby\.gradle\caches\modules-2\files-2.1\org.lwjgl\lwjgl-opengles\3.3.3\af05595560d4ae6117242ca051e5ae4f27aea9e3\lwjgl-opengles-3.3.3-natives-linux-arm64.jar;C:\Users\Kirby\.gradle\caches\modules-2\files-2.1\org.lwjgl\lwjgl-opengles\3.3.3\d6a20b1f204e48989d994923f4f5131c55424844\lwjgl-opengles-3.3.3-natives-macos.jar;C:\Users\Kirby\.gradle\caches\modules-2\files-2.1\org.lwjgl\lwjgl-opengles\3.3.3\5aeb20635f6d20f2f7f69fe9c05cab831e574b8c\lwjgl-opengles-3.3.3-natives-macos-arm64.jar;C:\Users\Kirby\.gradle\caches\modules-2\files-2.1\org.lwjgl\lwjgl-opengles\3.3.3\22939720fc2737b419dd52db84b8c56bcfab3aac\lwjgl-opengles-3.3.3-natives-windows.jar;C:\Users\Kirby\.gradle\caches\modules-2\files-2.1\org.lwjgl\lwjgl-opengles\3.3.3\331b739ab66790449888e553052ecb051f37ad3f\lwjgl-opengles-3.3.3-natives-windows-x86.jar;C:\Users\Kirby\.gradle\caches\modules-2\files-2.1\org.lwjgl\lwjgl-egl\3.3.3\2f0d613e3f769577548f08b11ae9b7571980aeb1\lwjgl-egl-3.3.3.jar;C:\Users\Kirby\.gradle\caches\modules-2\files-2.1\com.neovisionaries\nv-websocket-client\2.10\4309de0f0ba90e77f14bf9dd1a43c163d9541e70\nv-websocket-client-2.10.jar
Launcher Type: SUN_STANDARD

[Global flags]
     intx CICompilerCount                          = 3                                         {product} {ergonomic}
     uint ConcGCThreads                            = 1                                         {product} {ergonomic}
     uint G1ConcRefinementThreads                  = 4                                         {product} {ergonomic}
   size_t G1HeapRegionSize                         = 1048576                                   {product} {ergonomic}
   size_t InitialHeapSize                          = 134217728                                 {product} {ergonomic}
   size_t MarkStackSize                            = 4194304                                   {product} {ergonomic}
   size_t MarkStackSizeMax                         = 536870912                                 {product} {ergonomic}
   size_t MaxHeapSize                              = 2126512128                                {product} {ergonomic}
   size_t MaxNewSize                               = 1275068416                                {product} {ergonomic}
   size_t MinHeapDeltaBytes                        = 1048576                                   {product} {ergonomic}
   size_t MinHeapSize                              = 8388608                                   {product} {ergonomic}
    uintx NonNMethodCodeHeapSize                   = 5832704                                {pd product} {ergonomic}
    uintx NonProfiledCodeHeapSize                  = 122945536                              {pd product} {ergonomic}
    uintx ProfiledCodeHeapSize                     = 122880000                              {pd product} {ergonomic}
    uintx ReservedCodeCacheSize                    = 251658240                              {pd product} {ergonomic}
     bool SegmentedCodeCache                       = true                                      {product} {ergonomic}
   size_t SoftMaxHeapSize                          = 2126512128                             {manageable} {ergonomic}
     bool UseCompressedOops                        = true                           {product lp64_product} {ergonomic}
     bool UseG1GC                                  = true                                      {product} {ergonomic}
     bool UseLargePagesIndividualAllocation        = false                                  {pd product} {ergonomic}

Logging:
Log output configuration:
 #0: stdout all=warning uptime,level,tags foldmultilines=false
 #1: stderr all=off uptime,level,tags foldmultilines=false

Release file:
IMPLEMENTOR="Oracle Corporation" 
JAVA_RUNTIME_VERSION="25+36-3489" 
JAVA_VERSION="25" 
JAVA_VERSION_DATE="2025-09-16" 
LIBC="default" 
MODULES="java.base java.compiler java.datatransfer java.xml java.prefs java.desktop java.instrument java.logging java.management java.security.sasl java.naming java.rmi java.management.rmi java.net.http java.scripting java.security.jgss java.transaction.xa java.sql java.sql.rowset java.xml.crypto java.se java.smartcardio jdk.accessibility jdk.internal.jvmstat jdk.attach jdk.charsets jdk.internal.opt jdk.zipfs jdk.compiler jdk.crypto.cryptoki jdk.crypto.ec jdk.crypto.mscapi jdk.dynalink jdk.internal.ed jdk.editpad jdk.internal.vm.ci jdk.graal.compiler jdk.graal.compiler.management jdk.hotspot.agent jdk.httpserver jdk.incubator.vector jdk.internal.le jdk.internal.md jdk.jartool jdk.javadoc jdk.jcmd jdk.management jdk.management.agent jdk.jconsole jdk.jdeps jdk.jdwp.agent jdk.jdi jdk.jfr jdk.jlink jdk.jpackage jdk.jshell jdk.jsobject jdk.jstatd jdk.localedata jdk.management.jfr jdk.naming.dns jdk.naming.rmi jdk.net jdk.nio.mapmode jdk.sctp jdk.security.auth jdk.security.jgss jdk.unsupported jdk.unsupported.desktop jdk.xml.dom" 
OS_ARCH="x86_64" 
OS_NAME="Windows" 
SOURCE=".:git:6c48f4ed707b" 

Environment Variables:
PATH=C:\Program Files\Eclipse Adoptium\jdk-25.0.1.8-hotspot\bin;C:\Windows\system32;C:\Windows;C:\Windows\System32\Wbem;C:\Windows\System32\WindowsPowerShell\v1.0\;C:\Windows\System32\OpenSSH\;C:\Program Files\Microsoft SQL Server\120\Tools\Binn\;C:\Program Files\Git\cmd;C:\Users\Kirby\AppData\Local\Packages\PythonSoftwareFoundation.Python.3.11_qbz5n2kfra8p0\LocalCache\local-packages\Python311\Scripts;C:\ffmpeg\bin;C:\MinGW\bin;C:\Users\Kirby\devlibs;C:\SDL\x86_64-w64-mingw32\include;C:\msys64\ucrt64\bin;C:\Program Files\dotnet\;C:\Program Files (x86)\ZeroTier\One\;C:\Program Files (x86)\dotnet\;C:\Users\Kirby\AppData\Local\Microsoft\WindowsApps;C:\Users\Kirby\platform-tools;C:\Users\Kirby\devlibs;C:\MinGW\bin;C:\msys64\ucrt64\bin;C:\Users\Kirby\AppData\Local\Programs\Microsoft VS Code\bin;C:\Users\Kirby\dev\vcpkg;C:\Program Files\JetBrains\IntelliJ IDEA 2025.2.2\bin;C:\Users\Kirby\AppData\Local\JetBrains\Toolbox\scripts;
USERNAME=Kirby
OS=Windows_NT
PROCESSOR_IDENTIFIER=Intel64 Family 6 Model 94 Stepping 3, GenuineIntel
TMP=C:\Users\Kirby\AppData\Local\Temp
TEMP=C:\Users\Kirby\AppData\Local\Temp




Compilation memory statistics disabled.

Periodic native trim disabled

---------------  S Y S T E M  ---------------

OS:
 Windows 10 , 64 bit Build 19041 (10.0.19041.5915)
OS uptime: 7 days 5:31 hours
Hyper-V role detected

CPU: total 4 (initial active 4) (4 cores per cpu, 1 threads per core) family 6 model 94 stepping 3 microcode 0xcc, cx8, cmov, fxsr, mmx, 3dnowpref, sse, sse2, sse3, ssse3, sse4.1, sse4.2, popcnt, lzcnt, tsc, tscinvbit, avx, avx2, aes, erms, clmul, bmi1, bmi2, rtm, adx, fma, vzeroupper, clflush, clflushopt, hv, rdtscp, f16c
Processor Information for the first 4 processors :
  Max Mhz: 3192, Current Mhz: 3192, Mhz Limit: 3192

Memory: 4k page, system-wide physical 8106M (630M free)
TotalPageFile size 30175M (AvailPageFile size 18967M)
current process WorkingSet (physical memory assigned to process): 916M, peak: 1090M
current process commit charge ("private bytes"): 971M, peak: 1144M

vm_info: OpenJDK 64-Bit Server VM (25+36-3489) for windows-amd64 JRE (25+36-3489), built on 2025-08-12T17:19:28Z with unknown MS VC++:1943

END.
