#
# A fatal error has been detected by the Java Runtime Environment:
#
#  EXCEPTION_ACCESS_VIOLATION (0xc0000005) at pc=0x00007ffaf4fb59ed, pid=12400, tid=6368
#
# JRE version: OpenJDK Runtime Environment (25.0+36) (build 25+36-3489)
# Java VM: OpenJDK 64-Bit Server VM (25+36-3489, mixed mode, sharing, tiered, compressed oops, compressed class ptrs, g1 gc, windows-amd64)
# Problematic frame:
# C  [gdx-bullet64.dll+0x159ed]
#
# No core dump will be written. Minidumps are not enabled by default on client versions of Windows
#
# If you would like to submit a bug report, please visit:
#   https://bugreport.java.com/bugreport/crash.jsp
# The crash happened outside the Java Virtual Machine in native code.
# See problematic frame for where to report the bug.
#

---------------  S U M M A R Y ------------

Command Line: -javaagent:C:\Program Files\JetBrains\IntelliJ IDEA 2025.2.2\lib\idea_rt.jar=58885 -Dfile.encoding=UTF-8 -Dsun.stdout.encoding=UTF-8 -Dsun.stderr.encoding=UTF-8 nintendont.amongspirits.lwjgl3.Lwjgl3Launcher

Host: Intel(R) Core(TM) i5-6500 CPU @ 3.20GHz, 4 cores, 7G,  Windows 10 , 64 bit Build 19041 (10.0.19041.5915)
Time: Mon Jan 19 19:07:46 2026 Venezuela Standard Time elapsed time: 56.781949 seconds (0d 0h 0m 56s)

---------------  T H R E A D  ---------------

Current thread (0x000001e19a8a5e70):  JavaThread "main"             [_thread_in_native, id=6368, stack(0x0000003a9ee00000,0x0000003a9ef00000) (1024K)]

Stack: [0x0000003a9ee00000,0x0000003a9ef00000],  sp=0x0000003a9eefebb0,  free space=1018k
Native frames: (J=compiled Java code, j=interpreted, Vv=VM code, C=native code)
C  [gdx-bullet64.dll+0x159ed]  (no source info available)
C  [gdx-bullet64.dll+0x91ede]  (no source info available)
C  0x000001e1aa65d193  (no source info available)

The last pc belongs to native method entry point (kind = native) (printed below).
Java frames: (J=compiled Java code, j=interpreted, Vv=VM code)
j  com.badlogic.gdx.physics.bullet.dynamics.DynamicsJNI.delete_btDiscreteDynamicsWorld(J)V+0
j  com.badlogic.gdx.physics.bullet.dynamics.btDiscreteDynamicsWorld.delete()V+25
j  com.badlogic.gdx.physics.bullet.BulletBase.dispose()V+74
j  nintendont.amongspirits.physics.PhysicsWorld.dispose()V+46
j  nintendont.amongspirits.screens.GameScreen.dispose()V+66
j  nintendont.amongspirits.Main.quitGame()V+10
j  nintendont.amongspirits.screens.GameScreen$1.onQuitRequest()V+4
j  nintendont.amongspirits.ui.game.PauseMenu.onQuit()V+11
j  nintendont.amongspirits.ui.game.PauseMenu$$Lambda+0x000000002a0ff498.run()V+4
j  nintendont.amongspirits.ui.game.PauseMenu$2.changed(Lcom/badlogic/gdx/scenes/scene2d/utils/ChangeListener$ChangeEvent;Lcom/badlogic/gdx/scenes/scene2d/Actor;)V+4
j  com.badlogic.gdx.scenes.scene2d.utils.ChangeListener.handle(Lcom/badlogic/gdx/scenes/scene2d/Event;)Z+18
J 3858 c2 com.badlogic.gdx.scenes.scene2d.Actor.notify(Lcom/badlogic/gdx/scenes/scene2d/Event;Z)Z (183 bytes) @ 0x000001e1aadb7bf0 [0x000001e1aadb7a80+0x0000000000000170]
J 3593 c1 com.badlogic.gdx.scenes.scene2d.Actor.fire(Lcom/badlogic/gdx/scenes/scene2d/Event;)Z (318 bytes) @ 0x000001e1a3663e9c [0x000001e1a3663400+0x0000000000000a9c]
j  com.badlogic.gdx.scenes.scene2d.ui.Button.setChecked(ZZ)V+52
j  com.badlogic.gdx.scenes.scene2d.ui.Button$1.clicked(Lcom/badlogic/gdx/scenes/scene2d/InputEvent;FF)V+31
j  com.badlogic.gdx.scenes.scene2d.utils.ClickListener.touchUp(Lcom/badlogic/gdx/scenes/scene2d/InputEvent;FFII)V+108
J 3748 c1 com.badlogic.gdx.scenes.scene2d.InputListener.handle(Lcom/badlogic/gdx/scenes/scene2d/Event;)Z (361 bytes) @ 0x000001e1a368b1b4 [0x000001e1a3689b80+0x0000000000001634]
j  com.badlogic.gdx.scenes.scene2d.Stage.touchUp(IIII)Z+218
j  com.badlogic.gdx.InputMultiplexer.touchUp(IIII)Z+41
J 3357 c1 com.badlogic.gdx.InputEventQueue.drain(Lcom/badlogic/gdx/InputProcessor;)V (379 bytes) @ 0x000001e1a361adfc [0x000001e1a361a500+0x00000000000008fc]
J 3359 c1 com.badlogic.gdx.backends.lwjgl3.Lwjgl3Window.update()Z (312 bytes) @ 0x000001e1a361c90c [0x000001e1a361bf80+0x000000000000098c]
j  com.badlogic.gdx.backends.lwjgl3.Lwjgl3Application.loop()V+120
j  com.badlogic.gdx.backends.lwjgl3.Lwjgl3Application.<init>(Lcom/badlogic/gdx/ApplicationListener;Lcom/badlogic/gdx/backends/lwjgl3/Lwjgl3ApplicationConfiguration;)V+269
j  nintendont.amongspirits.lwjgl3.Lwjgl3Launcher.createApplication()Lcom/badlogic/gdx/backends/lwjgl3/Lwjgl3Application;+17
j  nintendont.amongspirits.lwjgl3.Lwjgl3Launcher.main([Ljava/lang/String;)V+7
v  ~StubRoutines::call_stub 0x000001e1aa6512ed

siginfo: EXCEPTION_ACCESS_VIOLATION (0xc0000005), reading address 0x000001e1ca77df90


Registers:
RAX=0x0000000000000001, RBX=0x000001e1bd2fe7a0, RCX=0x000001e1e9a05130, RDX=0x000001e1987b0000
RSP=0x0000003a9eefebb0, RBP=0x00007ffaf51f9370, RSI=0x0000000000000001, RDI=0x000001e1ca77ded0
R8 =0x00000000ffffffff, R9 =0x0000000000000001, R10=0x000001e1987b0000, R11=0x0000003a9eefead0
R12=0x000001e1ca77ef00, R13=0x00007ffaf5200730, R14=0x0000003a9eefece0, R15=0x000001e19a8a5e70
RIP=0x00007ffaf4fb59ed, EFLAGS=0x0000000000010202

XMM[0]=0x0000000000000000 0x0000000000000000
XMM[1]=0x0000000000000000 0x0000000000000000
XMM[2]=0x0000000000000000 0x0000000000000000
XMM[3]=0x0000000000000000 0x0000000000000000
XMM[4]=0x0000000000000000 0x0000000000000000
XMM[5]=0x0000000000000000 0x0000000000000000
XMM[6]=0x0000000000000000 0x0000000041a80010
XMM[7]=0x0000000000000000 0x0000000044200000
XMM[8]=0x0000000000000000 0x00000000437e0002
XMM[9]=0x0000000000000000 0x00000000c2d40001
XMM[10]=0x0000000000000000 0x0000000080000000
XMM[11]=0x0000000000000000 0x0000000043b40001
XMM[12]=0x0000000000000000 0x00000000c2c80000
XMM[13]=0x0000000000000000 0x0000000000000000
XMM[14]=0x0000000000000000 0x00000000c2480000
XMM[15]=0x0000000000000000 0x00000000c2480000
  MXCSR=0x00001fb3


Register to memory mapping:

RAX=0x0000000000000001 is an unknown value
RBX=0x000001e1bd2fe7a0 points into unknown readable memory: 0x00007ffaf5259250 | 50 92 25 f5 fa 7f 00 00
RCX=0x000001e1e9a05130 points into unknown readable memory: 0x000001e1ca76da50 | 50 da 76 ca e1 01 00 00
RDX=0x000001e1987b0000 points into unknown readable memory: 0x0000000000000000 | 00 00 00 00 00 00 00 00
RSP=0x0000003a9eefebb0 is pointing into the stack for thread: 0x000001e19a8a5e70
RBP=0x00007ffaf51f9370 gdx-bullet64.dll
RSI=0x0000000000000001 is an unknown value
RDI=0x000001e1ca77ded0 is an unknown value
R8 =0x00000000ffffffff is an unknown heap location
R9 =0x0000000000000001 is an unknown value
R10=0x000001e1987b0000 points into unknown readable memory: 0x0000000000000000 | 00 00 00 00 00 00 00 00
R11=0x0000003a9eefead0 is pointing into the stack for thread: 0x000001e19a8a5e70
R12=0x000001e1ca77ef00 points into unknown readable memory: 0x000001e1ca76da50 | 50 da 76 ca e1 01 00 00
R13=0x00007ffaf5200730 gdx-bullet64.dll
R14=0x0000003a9eefece0 is pointing into the stack for thread: 0x000001e19a8a5e70
R15=0x000001e19a8a5e70 is a thread

Top of Stack: (sp=0x0000003a9eefebb0)
0x0000003a9eefebb0:   000001e1b7b611b8 0000000000000000   ................
0x0000003a9eefebc0:   0000003a9eefecb8 00007ffaf17c4885   ....:....H|.....
0x0000003a9eefebd0:   000001e1b7b611b8 000001e1b7b611b8   ................
0x0000003a9eefebe0:   0000000000000000 0000000000000ffc   ................
0x0000003a9eefebf0:   0000003a9eefecb8 000001e1bd2fe7a0   ....:...../.....
0x0000003a9eefec00:   000001e1b7b611b8 00007ffaf5031ede   ................
0x0000003a9eefec10:   000001e1b7b611b8 000001e1b7b611b8   ................
0x0000003a9eefec20:   000001e1b7b611b8 00007ffaf1aa1795   ................
0x0000003a9eefec30:   0000000000000000 000001e1aa65d193   ..........e.....
0x0000003a9eefec40:   0000003a9eefece0 000001e1b7b611b8   ....:...........
0x0000003a9eefec50:   0000000000000000 0000000000000000   ................
0x0000003a9eefec60:   3ff0000000000000 000001e1aa65ce6b   .......?k.e.....
0x0000003a9eefec70:   fffffffffffffff7 000001e1b7b611b8   ................
0x0000003a9eefec80:   0000000000000005 000001e1b7bbf110   ................
0x0000003a9eefec90:   0000000000000000 0000000092080078   ........x.......
0x0000003a9eefeca0:   000001e1b7b611b8 0000000000000000   ................
0x0000003a9eefecb0:   0000003a9eefecd8 0000003a9eefed40   ....:...@...:...
0x0000003a9eefecc0:   000001e1aa658b18 0000000092080078   ..e.....x.......
0x0000003a9eefecd0:   000001e1aa65a757 000001e1bd2fe7a0   W.e......./.....
0x0000003a9eefece0:   0000000000000000 00007ffaf1aa1795   ................
0x0000003a9eefecf0:   0000000092017028 fffffffffffffff5   (p..............
0x0000003a9eefed00:   000001e1b7bbf739 0000000000000002   9...............
0x0000003a9eefed10:   000001e1b7bc5bb0 0000000000000000   .[..............
0x0000003a9eefed20:   0000000092005290 000001e1b7bbf760   .R......`.......
0x0000003a9eefed30:   fffffffffffffff3 0000003a9eefed50   ........P...:...
0x0000003a9eefed40:   0000003a9eefeda0 000001e1aa658b18   ....:.....e.....
0x0000003a9eefed50:   0000000092017028 fffffffffffffff7   (p..............
0x0000003a9eefed60:   000001e1b79547e2 0000000000000002   .G..............
0x0000003a9eefed70:   000000002a0dff70 0000000000000000   p..*............
0x0000003a9eefed80:   0000000084241530 000001e1b7954800   0.$......H......
0x0000003a9eefed90:   fffffffffffffff6 0000003a9eefedb0   ............:...
0x0000003a9eefeda0:   0000003a9eefee00 000001e1aa658b18   ....:.....e.....

Instructions: (pc=0x00007ffaf4fb59ed)
  0x00007ffaf4fb58ed:   8b 4b 60 48 8d 15 39 ae 24 00 48 8b 6b 28 48 8b
  0x00007ffaf4fb58fd:   78 40 48 8b 01 48 8b 40 48 48 39 d0 75 35 48 8b
  0x00007ffaf4fb590d:   51 30 49 89 e9 49 89 f0 4c 89 e1 ff d7 4c 89 e9
  0x00007ffaf4fb591d:   e8 ee b7 0f 00 4c 89 f1 e8 e6 b7 0f 00 90 48 83
  0x00007ffaf4fb592d:   c4 30 5b 5e 5f 5d 41 5c 41 5d 41 5e c3 66 0f 1f
  0x00007ffaf4fb593d:   44 00 00 ff d0 48 89 c2 eb c8 4c 89 e9 49 89 c4
  0x00007ffaf4fb594d:   e8 be b7 0f 00 4c 89 f1 e8 b6 b7 0f 00 4c 89 e1
  0x00007ffaf4fb595d:   e8 be 23 22 00 49 89 c4 eb eb 90 0f 1f 84 00 00
  0x00007ffaf4fb596d:   00 00 00 41 55 41 54 55 57 56 53 48 83 ec 28 48
  0x00007ffaf4fb597d:   8d 05 cd 38 2a 00 48 89 cb 48 89 01 48 8b 49 18
  0x00007ffaf4fb598d:   8b 43 0c 85 c0 0f 8e 98 00 00 00 31 f6 4c 8d 2d
  0x00007ffaf4fb599d:   8f ad 24 00 48 8d 2d c8 39 24 00 eb 3f 66 0f 1f
  0x00007ffaf4fb59ad:   44 00 00 48 8b 49 30 4c 8b 43 28 48 8b 01 48 8b
  0x00007ffaf4fb59bd:   40 50 48 39 e8 75 5a 48 8b 4b 60 4c 89 e2 48 8b
  0x00007ffaf4fb59cd:   01 ff 50 18 48 c7 87 c0 00 00 00 00 00 00 00 48
  0x00007ffaf4fb59dd:   8b 4b 18 48 83 c6 01 39 73 0c 7e 47 48 8b 3c f1
=>0x00007ffaf4fb59ed:   4c 8b a7 c0 00 00 00 4d 85 e4 74 e7 48 8b 4b 60
  0x00007ffaf4fb59fd:   48 8b 01 48 8b 40 48 4c 39 e8 74 a7 ff d0 4c 8b
  0x00007ffaf4fb5a0d:   43 28 48 89 c1 48 8b 01 48 8b 40 50 48 39 e8 74
  0x00007ffaf4fb5a1d:   a6 4c 89 e2 ff d0 4c 8b 43 28 eb 9b 0f 1f 80 00
  0x00007ffaf4fb5a2d:   00 00 00 48 85 c9 74 06 80 7b 20 00 75 15 48 83
  0x00007ffaf4fb5a3d:   c4 28 5b 5e 5f 5d 41 5c 41 5d c3 0f 1f 84 00 00
  0x00007ffaf4fb5a4d:   00 00 00 e8 db cb 0e 00 90 48 83 c4 28 5b 5e 5f
  0x00007ffaf4fb5a5d:   5d 41 5c 41 5d c3 90 66 66 2e 0f 1f 84 00 00 00
  0x00007ffaf4fb5a6d:   00 00 90 41 54 48 83 ec 20 49 89 cc e8 f2 fe ff
  0x00007ffaf4fb5a7d:   ff ba 78 00 00 00 4c 89 e1 48 83 c4 20 41 5c e9
  0x00007ffaf4fb5a8d:   af ec 27 00 90 66 66 2e 0f 1f 84 00 00 00 00 00
  0x00007ffaf4fb5a9d:   0f 1f 00 41 55 41 54 55 57 56 53 48 81 ec a8 00
  0x00007ffaf4fb5aad:   00 00 8b 41 0c 48 89 cb 89 82 ec 00 00 00 48 89
  0x00007ffaf4fb5abd:   d6 44 89 c7 44 89 cd 3b 41 10 0f 84 ab 00 00 00
  0x00007ffaf4fb5acd:   4c 8b 63 18 48 63 43 0c 4c 8d 6c 24 50 48 8d 54
  0x00007ffaf4fb5add:   24 60 4d 89 e9 49 89 34 c4 4c 8d 64 24 40 83 43


Stack slot to memory mapping:

stack at sp + 0 slots: {method} {0x000001e1b7b611c0} 'delete_btDiscreteDynamicsWorld' '(J)V' in 'com/badlogic/gdx/physics/bullet/dynamics/DynamicsJNI'
stack at sp + 1 slots: 0x0 is null
stack at sp + 2 slots: 0x0000003a9eefecb8 is pointing into the stack for thread: 0x000001e19a8a5e70
stack at sp + 3 slots: 0x00007ffaf17c4885 jvm.dll
stack at sp + 4 slots: {method} {0x000001e1b7b611c0} 'delete_btDiscreteDynamicsWorld' '(J)V' in 'com/badlogic/gdx/physics/bullet/dynamics/DynamicsJNI'
stack at sp + 5 slots: {method} {0x000001e1b7b611c0} 'delete_btDiscreteDynamicsWorld' '(J)V' in 'com/badlogic/gdx/physics/bullet/dynamics/DynamicsJNI'
stack at sp + 6 slots: 0x0 is null
stack at sp + 7 slots: 0x0000000000000ffc is an unknown value

Lock stack of current Java thread (top to bottom):
LockStack[0]: com.badlogic.gdx.physics.bullet.dynamics.btDiscreteDynamicsWorld 
{0x0000000092017028} - klass: 'com/badlogic/gdx/physics/bullet/dynamics/btDiscreteDynamicsWorld' - flags: has_finalizer 

 - ---- fields (total size 7 words):
 - private 'refCount' 'I' @12  0 (0x00000000)
 - private 'cPointer' 'J' @16  2069053302688 (0x000001e1bd2fe7a0)
 - protected 'swigCMemOwn' 'Z' @24  false (0x00)
 - private 'disposed' 'Z' @25  true (0x01)
 - protected 'destroyed' 'Z' @26  false (0x00)
 - public final 'className' 'Ljava/lang/String;' @28  "btDiscreteDynamicsWorld"{0x0000000092005f90} (0x92005f90)
 - private 'swigCPtr' 'J' @32  2069053302688 (0x000001e1bd2fe7a0)
 - private 'swigCPtr' 'J' @40  2069053302688 (0x000001e1bd2fe7a0)
 - private 'swigCPtr' 'J' @48  2069053302688 (0x000001e1bd2fe7a0)

native method entry point (kind = native)  [0x000001e1aa65cdc0, 0x000001e1aa65d8b8]  2808 bytes
[MachCode]
  0x000001e1aa65cdc0: 488b 4b08 | 0fb7 492e | 584c 8d74 | ccf8 6800 | 0000 0068 | 0000 0000 | 5055 488b | ec41 5548 
  0x000001e1aa65cde0: 8b43 084c | 8d68 3848 | 8b40 0868 | 0000 0000 | 5348 8b50 | 1848 8b52 | 7048 8b12 | 5248 8b53 
  0x000001e1aa65ce00: 1048 85d2 | 7407 4881 | c2d0 0000 | 0052 488b | 5010 5249 | 8bc6 482b | c548 c1e8 | 0350 6800 
  0x000001e1aa65ce20: 0000 0068 | f7ff ffff | 41c6 87f1 | 0400 0001 | 488b 4310 | 4885 c074 | 208b 8890 | 0000 0083 
  0x000001e1aa65ce40: c102 8988 | 9000 0000 | 2388 a400 | 0000 0f84 | b209 0000 | e9cf 0000 | 0048 8b43 | 1848 85c0 
  0x000001e1aa65ce60: 0f85 b000 | 0000 e805 | 0000 00e9 | 9900 0000 | 488b d348 | 8d44 2408 | 4c89 6dc0 | 498b cfc5 
  0x000001e1aa65ce80: f877 4989 | af38 0400 | 0049 8987 | 2804 0000 | 4883 ec20 | 40f6 c40f | 0f84 1900 | 0000 4883 
  0x000001e1aa65cea0: ec08 48b8 | e01e 7cf1 | fa7f 0000 | ffd0 4883 | c408 e90c | 0000 0048 | b8e0 1e7c | f1fa 7f00 
  0x000001e1aa65cec0: 00ff d048 | 83c4 2049 | c787 2804 | 0000 0000 | 0000 49c7 | 8738 0400 | 0000 0000 | 0049 c787 
  0x000001e1aa65cee0: 3004 0000 | 0000 0000 | c5f8 7749 | 837f 0800 | 0f84 0500 | 0000 e9e5 | 42ff ff4c | 8b6d c04c 
  0x000001e1aa65cf00: 8b75 c84e | 8d74 f500 | c348 8b43 | 1848 85c0 | 0f84 1200 | 0000 8b48 | 0883 c102 | 8948 0823 
  0x000001e1aa65cf20: 482c 0f84 | de08 0000 | 493b a770 | 0500 000f | 8748 0000 | 0089 8424 | 00f0 ffff | 8984 2400 
  0x000001e1aa65cf40: e0ff ff89 | 8424 00d0 | ffff 8984 | 2400 c0ff | ff89 8424 | 00b0 ffff | 8984 2400 | a0ff ff89 
  0x000001e1aa65cf60: 8424 0090 | ffff 8984 | 2400 80ff | ff49 3ba7 | 6805 0000 | 7607 4989 | a770 0500 | 0041 c687 
  0x000001e1aa65cf80: f104 0000 | 0048 8b5d | e84c 8b5b | 0845 0fb7 | 5b2e 41c1 | e303 492b | e348 83ec | 2048 83e4 
  0x000001e1aa65cfa0: f04c 8b5b | 604d 85db | 0f85 ab00 | 0000 e805 | 0000 00e9 | 9900 0000 | 488b d348 | 8d44 2408 
  0x000001e1aa65cfc0: 4c89 6dc0 | 498b cfc5 | f877 4989 | af38 0400 | 0049 8987 | 2804 0000 | 4883 ec20 | 40f6 c40f 
  0x000001e1aa65cfe0: 0f84 1900 | 0000 4883 | ec08 48b8 | 1048 7cf1 | fa7f 0000 | ffd0 4883 | c408 e90c | 0000 0048 
  0x000001e1aa65d000: b810 487c | f1fa 7f00 | 00ff d048 | 83c4 2049 | c787 2804 | 0000 0000 | 0000 49c7 | 8738 0400 
  0x000001e1aa65d020: 0000 0000 | 0049 c787 | 3004 0000 | 0000 0000 | c5f8 7749 | 837f 0800 | 0f84 0500 | 0000 e99d 
  0x000001e1aa65d040: 41ff ff4c | 8b6d c04c | 8b75 c84e | 8d74 f500 | c348 8b5d | e84c 8b5b | 6041 ffd3 | 488b 5de8 
  0x000001e1aa65d060: 4889 4518 | 440f b75b | 2c41 f6c3 | 080f 841b | 0000 004c | 8b5b 084d | 8b5b 084d | 8b5b 184d 
  0x000001e1aa65d080: 8b5b 704d | 8b1b 4c89 | 5d10 488d | 5510 488b | 4358 49ba | 800e b7f1 | fa7f 0000 | 493b c20f 
  0x000001e1aa65d0a0: 85ab 0000 | 00e8 0500 | 0000 e999 | 0000 0048 | 8bd3 488d | 4424 084c | 896d c049 | 8bcf c5f8 
  0x000001e1aa65d0c0: 7749 89af | 3804 0000 | 4989 8728 | 0400 0048 | 83ec 2040 | f6c4 0f0f | 8419 0000 | 0048 83ec 
  0x000001e1aa65d0e0: 0848 b810 | 487c f1fa | 7f00 00ff | d048 83c4 | 08e9 0c00 | 0000 48b8 | 1048 7cf1 | fa7f 0000 
  0x000001e1aa65d100: ffd0 4883 | c420 49c7 | 8728 0400 | 0000 0000 | 0049 c787 | 3804 0000 | 0000 0000 | 49c7 8730 
  0x000001e1aa65d120: 0400 0000 | 0000 00c5 | f877 4983 | 7f08 000f | 8405 0000 | 00e9 a640 | ffff 4c8b | 6dc0 4c8b 
  0x000001e1aa65d140: 75c8 4e8d | 74f5 00c3 | 488b 5de8 | 488b 4358 | 498d 8f48 | 0400 004c | 8d15 d500 | 0000 4d89 
  0x000001e1aa65d160: 9730 0400 | 00c5 f877 | 4989 af38 | 0400 0049 | 89a7 2804 | 0000 41c7 | 87d4 0400 | 0004 0000 
  0x000001e1aa65d180: 0049 3ba7 | c805 0000 | 7607 4989 | a7c8 0500 | 00ff d049 | 3ba7 c805 | 0000 720b | 49c7 87c8 
  0x000001e1aa65d1a0: 0500 0000 | 0000 00c5 | f877 4883 | ec10 c5fb | 1104 2448 | 83ec 1048 | 8904 2448 | c744 2408 
  0x000001e1aa65d1c0: 0000 0000 | 41c7 87d4 | 0400 0005 | 0000 00f0 | 8344 24c0 | 0049 3b6f | 280f 870e | 0000 0041 
  0x000001e1aa65d1e0: 83bf d004 | 0000 000f | 8420 0000 | 0049 8bcf | 4c8b e448 | 83ec 2048 | 83e4 f048 | b840 ac7d 
  0x000001e1aa65d200: f1fa 7f00 | 00ff d049 | 8be4 4d33 | e441 c787 | d404 0000 | 0800 0000 | 4d8b 97f0 | 0500 0049 
  0x000001e1aa65d220: 83fa 0074 | 3549 c787 | f005 0000 | 0000 0000 | 41ff e249 | ba60 be65 | aae1 0100 | 0041 ffd2 
  0x000001e1aa65d240: 4883 ec10 | c5fb 1104 | 2448 83ec | 1048 8904 | 2448 c744 | 2408 0000 | 0000 49c7 | 8728 0400 
  0x000001e1aa65d260: 0000 0000 | 0049 c787 | 3804 0000 | 0000 0000 | 49c7 8730 | 0400 0000 | 0000 00c5 | f877 4d8b 
  0x000001e1aa65d280: 9fb8 0400 | 0041 c783 | 0001 0000 | 0000 0000 | 49bb 5aa7 | 65aa e101 | 0000 4c3b | 5d18 0f85 
  0x000001e1aa65d2a0: 5501 0000 | 488b 0424 | 4883 c410 | 4885 c00f | 842f 0100 | 00a8 030f | 8508 0000 | 0048 8b00 
  0x000001e1aa65d2c0: e91f 0100 | 00a8 010f | 8509 0000 | 0048 8b40 | fee9 0e01 | 0000 488b | 40ff 4180 | 7f48 000f 
  0x000001e1aa65d2e0: 84ff 0000 | 0048 83f8 | 000f 84f5 | 0000 004d | 8b5f 384d | 85db 0f84 | 1400 0000 | 4983 eb08 
  0x000001e1aa65d300: 4d89 5f38 | 4d03 5f40 | 4989 03e9 | d400 0000 | 4883 ec70 | 4889 0424 | 4889 4c24 | 0848 8954 
  0x000001e1aa65d320: 2410 4c89 | 4424 184c | 894c 2420 | 4c89 5424 | 284c 895c | 2430 c5fb | 1144 2440 | c5fb 114c 
  0x000001e1aa65d340: 2448 c5fb | 1154 2450 | c5fb 115c | 2458 c5fb | 1164 2460 | c5fb 116c | 2468 498b | d748 8bc8 
  0x000001e1aa65d360: 4883 ec20 | 40f6 c40f | 0f84 1900 | 0000 4883 | ec08 48b8 | 2076 70f1 | fa7f 0000 | ffd0 4883 
  0x000001e1aa65d380: c408 e90c | 0000 0048 | b820 7670 | f1fa 7f00 | 00ff d048 | 83c4 20c5 | fb10 6c24 | 68c5 fb10 
  0x000001e1aa65d3a0: 6424 60c5 | fb10 5c24 | 58c5 fb10 | 5424 50c5 | fb10 4c24 | 48c5 fb10 | 4424 404c | 8b5c 2430 
  0x000001e1aa65d3c0: 4c8b 5424 | 284c 8b4c | 2420 4c8b | 4424 1848 | 8b54 2410 | 488b 4c24 | 0848 8b04 | 2448 83c4 
  0x000001e1aa65d3e0: 70c5 f877 | 4889 4510 | 4883 ec10 | 4889 0424 | 48c7 4424 | 0800 0000 | 0041 83bf | 5005 0000 
  0x000001e1aa65d400: 020f 85bf | 0000 0048 | 81ec 8000 | 0000 4889 | 4424 7848 | 894c 2470 | 4889 5424 | 6848 895c 
  0x000001e1aa65d420: 2460 4889 | 6c24 5048 | 8974 2448 | 4889 7c24 | 404c 8944 | 2438 4c89 | 4c24 304c | 8954 2428 
  0x000001e1aa65d440: 4c89 5c24 | 204c 8964 | 2418 4c89 | 6c24 104c | 8974 2408 | 4c89 3c24 | 4c8b e448 | 83ec 2048 
  0x000001e1aa65d460: 83e4 f048 | b8f0 f5b6 | f1fa 7f00 | 00ff d049 | 8be4 4c8b | 3c24 4c8b | 7424 084c | 8b6c 2410 
  0x000001e1aa65d480: 4c8b 6424 | 184c 8b5c | 2420 4c8b | 5424 284c | 8b4c 2430 | 4c8b 4424 | 3848 8b7c | 2440 488b 
  0x000001e1aa65d4a0: 7424 4848 | 8b6c 2450 | 488b 5c24 | 6048 8b54 | 2468 488b | 4c24 7048 | 8b44 2478 | 4881 c480 
  0x000001e1aa65d4c0: 0000 004d | 33e4 488b | 5de8 4c8b | 6b08 4d8d | 6d38 4983 | 7f08 000f | 84bb 0000 | 00e8 0500 
  0x000001e1aa65d4e0: 0000 e996 | 0000 0048 | 8d44 2408 | 4c89 6dc0 | 498b cfc5 | f877 4989 | af38 0400 | 0049 8987 
  0x000001e1aa65d500: 2804 0000 | 4883 ec20 | 40f6 c40f | 0f84 1900 | 0000 4883 | ec08 48b8 | 5066 7cf1 | fa7f 0000 
  0x000001e1aa65d520: ffd0 4883 | c408 e90c | 0000 0048 | b850 667c | f1fa 7f00 | 00ff d048 | 83c4 2049 | c787 2804 
  0x000001e1aa65d540: 0000 0000 | 0000 49c7 | 8738 0400 | 0000 0000 | 0049 c787 | 3004 0000 | 0000 0000 | c5f8 7749 
  0x000001e1aa65d560: 837f 0800 | 0f84 0500 | 0000 e971 | 3cff ff4c | 8b6d c04c | 8b75 c84e | 8d74 f500 | c348 b928 
  0x000001e1aa65d580: 08e0 f1fa | 7f00 0048 | 83e4 f048 | b850 8ca3 | f1fa 7f00 | 00ff d0f4 | 440f b75b | 2c41 f6c3 
  0x000001e1aa65d5a0: 200f 8472 | 0100 0048 | 8d55 a84c | 8b5a 084d | 85db 0f85 | bb00 0000 | e805 0000 | 00e9 9600 
  0x000001e1aa65d5c0: 0000 488d | 4424 084c | 896d c049 | 8bcf c5f8 | 7749 89af | 3804 0000 | 4989 8728 | 0400 0048 
  0x000001e1aa65d5e0: 83ec 2040 | f6c4 0f0f | 8419 0000 | 0048 83ec | 0848 b880 | 657c f1fa | 7f00 00ff | d048 83c4 
  0x000001e1aa65d600: 08e9 0c00 | 0000 48b8 | 8065 7cf1 | fa7f 0000 | ffd0 4883 | c420 49c7 | 8728 0400 | 0000 0000 
  0x000001e1aa65d620: 0049 c787 | 3804 0000 | 0000 0000 | 49c7 8730 | 0400 0000 | 0000 00c5 | f877 4983 | 7f08 000f 
  0x000001e1aa65d640: 8405 0000 | 00e9 963b | ffff 4c8b | 6dc0 4c8b | 75c8 4e8d | 74f5 00c3 | 48b9 2808 | e0f1 fa7f 
  0x000001e1aa65d660: 0000 4883 | e4f0 48b8 | 508c a3f1 | fa7f 0000 | ffd0 f44c | 896d c04c | 8b4a 0848 | c742 0800 
  0x000001e1aa65d680: 0000 0045 | 8b87 d806 | 0000 4f3b | 4c07 f80f | 8542 0000 | 0041 83af | d806 0000 | 084f 3b4c 
  0x000001e1aa65d6a0: 07f0 0f84 | 2a00 0000 | 498b 01a8 | 020f 8512 | 0000 004c | 8bc0 4983 | c801 f04d | 0fb1 010f 
  0x000001e1aa65d6c0: 840d 0000 | 0041 8387 | d806 0000 | 08e9 0500 | 0000 e93e | 0000 004c | 894a 0848 | 8bca 4883 
  0x000001e1aa65d6e0: ec20 40f6 | c40f 0f84 | 1900 0000 | 4883 ec08 | 48b8 d037 | 7cf1 fa7f | 0000 ffd0 | 4883 c408 
  0x000001e1aa65d700: e90c 0000 | 0048 b8d0 | 377c f1fa | 7f00 00ff | d048 83c4 | 204c 8b6d | c041 c687 | 9603 0000 
  0x000001e1aa65d720: 0149 3b6f | 280f 8705 | 0000 00e9 | ab00 0000 | 4883 ec10 | c5fb 1104 | 2448 83ec | 1048 8904 
  0x000001e1aa65d740: 2448 c744 | 2408 0000 | 0000 c5f8 | 7749 89af | 3804 0000 | 49ba 4ad7 | 65aa e101 | 0000 4d89 
  0x000001e1aa65d760: 9730 0400 | 0049 89a7 | 2804 0000 | 498b cf48 | 83ec 2040 | f6c4 0f0f | 8419 0000 | 0048 83ec 
  0x000001e1aa65d780: 0848 b870 | 1e7c f1fa | 7f00 00ff | d048 83c4 | 08e9 0c00 | 0000 48b8 | 701e 7cf1 | fa7f 0000 
  0x000001e1aa65d7a0: ffd0 4883 | c420 49c7 | 8728 0400 | 0000 0000 | 0049 c787 | 3804 0000 | 0000 0000 | 49c7 8730 
  0x000001e1aa65d7c0: 0400 0000 | 0000 00c5 | f877 488b | 0424 4883 | c410 c5fb | 1004 2448 | 83c4 1048 | 8b04 2448 
  0x000001e1aa65d7e0: 83c4 10c5 | fb10 0424 | 4883 c410 | 4c8b 5d18 | 41ff d34c | 8b5d f8c9 | 41c6 8796 | 0300 0000 
  0x000001e1aa65d800: 5f49 8be3 | ffe7 ba00 | 0000 00e8 | 0500 0000 | e996 0000 | 0048 8d44 | 2408 4c89 | 6dc0 498b 
  0x000001e1aa65d820: cfc5 f877 | 4989 af38 | 0400 0049 | 8987 2804 | 0000 4883 | ec20 40f6 | c40f 0f84 | 1900 0000 
  0x000001e1aa65d840: 4883 ec08 | 48b8 c02d | 7cf1 fa7f | 0000 ffd0 | 4883 c408 | e90c 0000 | 0048 b8c0 | 2d7c f1fa 
  0x000001e1aa65d860: 7f00 00ff | d048 83c4 | 2049 c787 | 2804 0000 | 0000 0000 | 49c7 8738 | 0400 0000 | 0000 0049 
  0x000001e1aa65d880: c787 3004 | 0000 0000 | 0000 c5f8 | 7749 837f | 0800 0f84 | 0500 0000 | e943 39ff | ff4c 8b6d 
  0x000001e1aa65d8a0: c04c 8b75 | c84e 8d74 | f500 c348 | 8b5d e8e9 | 74f6 ffff | 0f1f 4000 
[/MachCode]

Compiled method (c2) 57115 3858   !   4       com.badlogic.gdx.scenes.scene2d.Actor::notify (183 bytes)
 total in heap  [0x000001e1aadb7988,0x000001e1aadb8078] = 1776
 main code      [0x000001e1aadb7a80,0x000001e1aadb8038] = 1464
 stub code      [0x000001e1aadb8038,0x000001e1aadb8070] = 56
 oops           [0x000001e1aadb8070,0x000001e1aadb8078] = 8
 mutable data [0x000001e1dd200a40,0x000001e1dd200b10] = 208
 relocation     [0x000001e1dd200a40,0x000001e1dd200aa8] = 104
 metadata       [0x000001e1dd200aa8,0x000001e1dd200b10] = 104
 immutable data [0x000001e1bbb78e20,0x000001e1bbb79030] = 528
 dependencies   [0x000001e1bbb78e20,0x000001e1bbb78e60] = 64
 nul chk table  [0x000001e1bbb78e60,0x000001e1bbb78e80] = 32
 handler table  [0x000001e1bbb78e80,0x000001e1bbb78ec8] = 72
 scopes pcs     [0x000001e1bbb78ec8,0x000001e1bbb78f78] = 176
 scopes data    [0x000001e1bbb78f78,0x000001e1bbb79030] = 184

[Constant Pool (empty)]

[MachCode]
[Instructions begin]
  0x000001e1aadb7a80: 6690 448b | 5208 443b 

  0x000001e1aadb7a88: ;   {runtime_call Shared Runtime ic_miss_blob}
  0x000001e1aadb7a88: 5008 0f85 | 5070 8eff 
[Verified Entry Point]
  0x000001e1aadb7a90: 8984 2400 | 80ff ff55 | 4883 ec30 | 4181 7f20 | 0800 0000 | 0f85 7d05 | 0000 4889 | 1424 4c89 
  0x000001e1aadb7ab0: 4424 0845 | 8b50 1866 | 0f1f 8400 | 0000 0000 | 4585 d20f | 8461 0200 | 0045 85c9 | 7406 448b 
  0x000001e1aadb7ad0: 5a40 eb04 | 448b 5a3c 

  0x000001e1aadb7ad8: ; implicit exception: dispatches to 0x000001e1aadb7d5c
  0x000001e1aadb7ad8: 418b 6b0c | 0f1f 4000 | 85ed 7526 | 410f b640 | 1048 83c4 

  0x000001e1aadb7aec: ;   {poll_return}
  0x000001e1aadb7aec: 305d 493b | 6728 0f87 | 1905 0000 | c30f 1f80 | 0000 0000 | 488b 4c24 | 10e9 8600 | 0000 458b 
  0x000001e1aadb7b0c: 4014 4585 | c00f 84b8 | 0100 0045 | 8b53 2441 | 83e1 014c | 8b44 2408 | 4588 480c | 41ff c245 
  0x000001e1aadb7b2c: 8953 2449 | 8bcb 488b | 5c24 084c | 8d4b 1c41 | 807f 4800 | 0f85 f202 | 0000 4c8b | c245 8901 
  0x000001e1aadb7b4c: 4d8b d14c | 33d2 49c1 | ea14 0f84 | 1e00 0000 | 4d8b d149 | c1ea 0949 | b800 6011 | b2e1 0100 
  0x000001e1aadb7b6c: 004d 03d0 | 4180 3a02 | 0f85 3603 | 0000 660f | 1f44 0000 | 85ed 0f8e | 9600 0000 | 4533 d244 
  0x000001e1aadb7b8c: 895c 241c | 4489 5424 | 1848 894c | 2410 488b | d145 8bc2 

  0x000001e1aadb7ba0: ;   {optimized virtual_call}
  0x000001e1aadb7ba0: 6666 90e8 

  0x000001e1aadb7ba4: ; ImmutableOopMap {[0]=Oop [8]=Oop [16]=Oop [28]=NarrowOop }
                      ;*invokevirtual get {reexecute=0 rethrow=0 return_oop=1}
                      ; - com.badlogic.gdx.scenes.scene2d.Actor::notify@93 (line 193)
  0x000001e1aadb7ba4: e8e7 e8ff 

  0x000001e1aadb7ba8: ;   {post_call_nop}
  0x000001e1aadb7ba8: 0f1f 8400 | 2002 0000 | 4c8b d044 | 8b40 08be | 0000 0029 | 4903 f04c 

  0x000001e1aadb7bc0: ;   {metadata('com/badlogic/gdx/scenes/scene2d/EventListener')}
  0x000001e1aadb7bc0: 8b5e 2049 | b8d8 1b80 | b7e1 0100 | 004d 3bd8 | 0f85 6f00 | 0000 498b | d24c 8b44 | 2408 6666 
  0x000001e1aadb7be0: 9048 b830 | 85c0 d5e1 

  0x000001e1aadb7be8: ;   {virtual_call}
  0x000001e1aadb7be8: 0100 00e8 

  0x000001e1aadb7bec: ; ImmutableOopMap {[0]=Oop [8]=Oop [16]=Oop [28]=NarrowOop }
                      ;*invokeinterface handle {reexecute=0 rethrow=0 return_oop=0}
                      ; - com.badlogic.gdx.scenes.scene2d.Actor::notify@100 (line 193)
  0x000001e1aadb7bec: 7805 9cff 

  0x000001e1aadb7bf0: ;   {post_call_nop}
  0x000001e1aadb7bf0: 0f1f 8400 | 6802 0001 | 0f1f 8400 | 0000 0000 | 85c0 0f85 | b800 0000 | 448b 5424 | 1841 ffc2 
  0x000001e1aadb7c10: 443b d50f | 8ce7 feff | ff48 8b4c | 2410 488b | d148 8b2c 

  0x000001e1aadb7c24: ;   {optimized virtual_call}
  0x000001e1aadb7c24: 2466 90e8 

  0x000001e1aadb7c28: ; ImmutableOopMap {rbp=Oop [0]=Oop [8]=Oop }
                      ;*invokevirtual end {reexecute=0 rethrow=0 return_oop=0}
                      ; - com.badlogic.gdx.scenes.scene2d.Actor::notify@119 (line 194)
  0x000001e1aadb7c28: f46f 8ef8 

  0x000001e1aadb7c2c: ;   {post_call_nop}
  0x000001e1aadb7c2c: 0f1f 8400 | a402 0002 | 4c8b 5424 | 0841 0fb6 | 4210 6690 | e9a4 feff 

  0x000001e1aadb7c44: ;   {metadata('com/badlogic/gdx/scenes/scene2d/EventListener')}
  0x000001e1aadb7c44: ff48 b8d8 | 1b80 b7e1 | 0100 0048 | 33ff 4c8b | 9ea8 0000 | 0049 8bd3 | 48c1 e204 | 0f89 2100 
  0x000001e1aadb7c64: 0000 f348 | 0fb8 d248 | 8b5e 2848 | 3b04 d374 | 1549 0fba | e33c 730b | 49c1 cb3b 

  0x000001e1aadb7c80: ;   {runtime_call Stub::lookup_secondary_supers_table_slow_path}
  0x000001e1aadb7c80: e83e c78c | ffeb 0348 | ffc7 4885 | ff0f 8443 | ffff ffba | deff ffff | 448b 5c24 | 1c44 895c 
  0x000001e1aadb7ca0: 2410 448b | 4424 1844 | 8944 2414 | 4c89 5424 

  0x000001e1aadb7cb0: ;   {runtime_call UncommonTrapBlob}
  0x000001e1aadb7cb0: 1866 90e8 

  0x000001e1aadb7cb4: ; ImmutableOopMap {[0]=Oop [8]=Oop [16]=NarrowOop [24]=Oop }
                      ;*checkcast {reexecute=0 rethrow=0 return_oop=0}
                      ; - com.badlogic.gdx.scenes.scene2d.Actor::notify@96 (line 193)
  0x000001e1aadb7cb4: 2878 9bff 

  0x000001e1aadb7cb8: ;   {post_call_nop}
  0x000001e1aadb7cb8: 0f1f 8400 | 3003 0003 | 4c8b 5424 | 0841 c642 | 0e01 e939 | ffff ff44 | 8b52 3448 | 8b7c 2408 
  0x000001e1aadb7cd8: 488d 4f14 | 4180 7f48 | 000f 8534 | 0200 0044 | 8911 418b | da4c 8bc1 | 4c33 c349 | c1e8 140f 
  0x000001e1aadb7cf8: 8428 0000 | 0048 83fb | 000f 841e | 0000 004c | 8bc1 49c1 | e809 48bb | 0060 11b2 | e101 0000 
  0x000001e1aadb7d18: 4c03 c341 | 8038 020f | 8577 0200 | 00e9 edfd | ffff ba45 | ffff ff41 

  0x000001e1aadb7d30: ;   {runtime_call UncommonTrapBlob}
  0x000001e1aadb7d30: 8bea 90e8 

  0x000001e1aadb7d34: ; ImmutableOopMap {rbp=NarrowOop }
                      ;*ifnonnull {reexecute=1 rethrow=0 return_oop=0}
                      ; - (reexecute) com.badlogic.gdx.scenes.scene2d.Actor::notify@4 (line 181)
  0x000001e1aadb7d34: a877 9bff 

  0x000001e1aadb7d38: ;   {post_call_nop}
  0x000001e1aadb7d38: 0f1f 8400 | b003 0004 | baf6 ffff | ff48 8b2c | 2444 890c 

  0x000001e1aadb7d4c: ;   {runtime_call UncommonTrapBlob}
  0x000001e1aadb7d4c: 2466 90e8 

  0x000001e1aadb7d50: ; ImmutableOopMap {rbp=Oop }
                      ;*invokevirtual getTarget {reexecute=0 rethrow=0 return_oop=0}
                      ; - com.badlogic.gdx.scenes.scene2d.Actor::notify@1 (line 181)
  0x000001e1aadb7d50: 8c77 9bff 

  0x000001e1aadb7d54: ;   {post_call_nop}
  0x000001e1aadb7d54: 0f1f 8400 | cc03 0005 | baf6 ffff | ff48 8b2c | 244c 8904 | 2444 894c 

  0x000001e1aadb7d6c: ;   {runtime_call UncommonTrapBlob}
  0x000001e1aadb7d6c: 2408 90e8 

  0x000001e1aadb7d70: ; ImmutableOopMap {rbp=Oop [0]=Oop }
                      ;*getfield size {reexecute=1 rethrow=0 return_oop=0}
                      ; - (reexecute) com.badlogic.gdx.scenes.scene2d.Actor::notify@34 (line 184)
  0x000001e1aadb7d70: 6c77 9bff 

  0x000001e1aadb7d74: ;   {post_call_nop}
  0x000001e1aadb7d74: 0f1f 8400 | ec03 0006 | 448b 5008 | 41bb 0000 | 0029 4d03 | da4d 8b53 

  0x000001e1aadb7d8c: ;   {metadata('java/lang/RuntimeException')}
  0x000001e1aadb7d8c: 4849 bb78 | bb1d 2900 | 0000 0066 | 0f1f 8400 | 0000 0000 | 4d3b d30f | 845a 0000 | 0048 8bd0 
  0x000001e1aadb7dac: e948 0000 | 0044 8b58 | 0841 ba00 | 0000 294d | 03d3 4d8b 

  0x000001e1aadb7dc0: ;   {metadata('java/lang/RuntimeException')}
  0x000001e1aadb7dc0: 5248 49bb | 78bb 1d29 | 0000 0000 | 4d3b d374 | 3748 8bd0 | eb23 448b | 5808 41ba | 0000 0029 
  0x000001e1aadb7de0: 4d03 d34d 

  0x000001e1aadb7de4: ;   {metadata('java/lang/RuntimeException')}
  0x000001e1aadb7de4: 8b52 4849 | bb78 bb1d | 2900 0000 | 004d 3bd3 | 7417 488b | d048 83c4 

  0x000001e1aadb7dfc: ;   {runtime_call C2 Runtime rethrow}
  0x000001e1aadb7dfc: 305d e95d | 169c ff48 | 8be8 eb08 | 488b e8eb | 0348 8be8 | ba95 ffff 

  0x000001e1aadb7e14: ;   {runtime_call UncommonTrapBlob}
  0x000001e1aadb7e14: ff66 90e8 

  0x000001e1aadb7e18: ; ImmutableOopMap {rbp=Oop [0]=Oop }
                      ;*astore {reexecute=0 rethrow=0 return_oop=0}
                      ; - com.badlogic.gdx.scenes.scene2d.Actor::notify@125 (line 195)
  0x000001e1aadb7e18: c476 9bff 

  0x000001e1aadb7e1c: ;   {post_call_nop}
  0x000001e1aadb7e1c: 0f1f 8400 | 9404 0007 | baf4 ffff 

  0x000001e1aadb7e28: ;   {runtime_call UncommonTrapBlob}
  0x000001e1aadb7e28: ff66 90e8 

  0x000001e1aadb7e2c: ; ImmutableOopMap {[0]=Oop [8]=Oop [28]=NarrowOop }
                      ;*checkcast {reexecute=0 rethrow=0 return_oop=0}
                      ; - com.badlogic.gdx.scenes.scene2d.Actor::notify@96 (line 193)
  0x000001e1aadb7e2c: b076 9bff 

  0x000001e1aadb7e30: ;   {post_call_nop}
  0x000001e1aadb7e30: 0f1f 8400 | a804 0008 | 458b 0149 | 83f8 000f | 8401 fdff | ff4d 8b57 | 384d 85d2 | 0f84 1400 
  0x000001e1aadb7e50: 0000 4983 | ea08 4d89 | 5738 4d03 | 5740 4d89 | 02e9 e0fc | ffff 4883 | ec40 4c89 | 5c24 384c 
  0x000001e1aadb7e70: 894c 2430 | 4889 4c24 | 2848 8954 | 2420 498b | c849 8bd7 

  0x000001e1aadb7e84: ;   {runtime_call}
  0x000001e1aadb7e84: 48b8 2076 | 70f1 fa7f | 0000 ffd0 | 488b 5424 | 2048 8b4c | 2428 4c8b | 4c24 304c | 8b5c 2438 
  0x000001e1aadb7ea4: c5f8 7748 | 83c4 40e9 | 96fc ffff | f083 4424 | c000 4180 | 3a00 0f84 | bafc ffff | 41c6 0200 
  0x000001e1aadb7ec4: 4d8b 4750 | 4d85 c00f | 8414 0000 | 0049 83e8 | 084d 8947 | 504d 0347 | 584d 8910 | e995 fcff 
  0x000001e1aadb7ee4: ff48 83ec | 304c 895c | 2428 4889 | 4c24 2049 | 8bca 498b 

  0x000001e1aadb7ef8: ;   {runtime_call}
  0x000001e1aadb7ef8: d748 b800 | 7670 f1fa | 7f00 00ff | d048 8b4c | 2420 4c8b | 5c24 28c5 | f877 4883 | c430 e95f 
  0x000001e1aadb7f18: fcff ff8b | 1948 83fb | 000f 84c0 | fdff ff4d | 8b47 384d | 85c0 0f84 | 1400 0000 | 4983 e808 
  0x000001e1aadb7f38: 4d89 4738 | 4d03 4740 | 4989 18e9 | 9ffd ffff | 4883 ec50 | 4c89 5424 | 484c 895c | 2440 4c89 
  0x000001e1aadb7f58: 4c24 3848 | 894c 2430 | 4889 5424 | 2848 8bcb 

  0x000001e1aadb7f68: ;   {runtime_call}
  0x000001e1aadb7f68: 498b d748 | b820 7670 | f1fa 7f00 | 00ff d048 | 8b54 2428 | 488b 4c24 | 304c 8b4c | 2438 4c8b 
  0x000001e1aadb7f88: 5c24 404c | 8b54 2448 | c5f8 7748 | 83c4 50e9 | 4bfd ffff | f083 4424 | c000 4180 | 3800 0f84 
  0x000001e1aadb7fa8: 79fd ffff | 41c6 0000 | 498b 5f50 | 4885 db0f | 8414 0000 | 0048 83eb | 0849 895f | 5049 035f 
  0x000001e1aadb7fc8: 584c 8903 | e954 fdff | ff48 83ec | 404c 895c | 2438 4c89 | 4c24 3048 | 8954 2428 | 498b c849 
  0x000001e1aadb7fe8: ;   {runtime_call}
  0x000001e1aadb7fe8: 8bd7 48b8 | 0076 70f1 | fa7f 0000 | ffd0 488b | 5424 284c | 8b4c 2430 | 4c8b 5c24 | 38c5 f877 
  0x000001e1aadb8008: 4883 c440 | e914 fdff 

  0x000001e1aadb8010: ;   {internal_word}
  0x000001e1aadb8010: ff49 baee | 7adb aae1 | 0100 004d | 8997 e004 

  0x000001e1aadb8020: ;   {runtime_call SafepointBlob}
  0x000001e1aadb8020: 0000 e939 

  0x000001e1aadb8024: ;   {runtime_call Stub::method_entry_barrier}
  0x000001e1aadb8024: 8f8e ffe8 | d4c1 8cff | e979 faff | fff4 f4f4 | f4f4 f4f4 
[Stub Code]
  0x000001e1aadb8038: ;   {static_stub}
  0x000001e1aadb8038: 48bb 0000 | 0000 0000 

  0x000001e1aadb8040: ;   {runtime_call nmethod}
  0x000001e1aadb8040: 0000 e9fb 

  0x000001e1aadb8044: ;   {static_stub}
  0x000001e1aadb8044: ffff ff48 | bb00 0000 | 0000 0000 

  0x000001e1aadb8050: ;   {runtime_call nmethod}
  0x000001e1aadb8050: 00e9 fbff 

  0x000001e1aadb8054: ;   {runtime_call ExceptionBlob}
  0x000001e1aadb8054: ffff e985 | 779b ffe8 | 0000 0000 | 4883 2c24 

  0x000001e1aadb8064: ;   {runtime_call DeoptimizationBlob}
  0x000001e1aadb8064: 05e9 f691 | 8eff f4f4 | f4f4 f4f4 
[/MachCode]


Compiled method (c1) 57132 3593   !   3       com.badlogic.gdx.scenes.scene2d.Actor::fire (318 bytes)
 total in heap  [0x000001e1a3663308,0x000001e1a3665248] = 8000
 main code      [0x000001e1a3663400,0x000001e1a36650c8] = 7368
 stub code      [0x000001e1a36650c8,0x000001e1a3665240] = 376
 oops           [0x000001e1a3665240,0x000001e1a3665248] = 8
 mutable data [0x000001e1bb5ae7a0,0x000001e1bb5aea78] = 728
 relocation     [0x000001e1bb5ae7a0,0x000001e1bb5aea00] = 608
 metadata       [0x000001e1bb5aea00,0x000001e1bb5aea78] = 120
 immutable data [0x000001e1bc45d180,0x000001e1bc45dab8] = 2360
 dependencies   [0x000001e1bc45d180,0x000001e1bc45d1c0] = 64
 nul chk table  [0x000001e1bc45d1c0,0x000001e1bc45d260] = 160
 handler table  [0x000001e1bc45d260,0x000001e1bc45d3c8] = 360
 scopes pcs     [0x000001e1bc45d3c8,0x000001e1bc45d718] = 848
 scopes data    [0x000001e1bc45d718,0x000001e1bc45dab8] = 928

[Constant Pool (empty)]

[MachCode]
[Instructions begin]
  0x000001e1a3663400: 6666 660f | 1f84 0000 | 0000 0066 | 6666 9066 | 6690 448b | 5208 443b 

  0x000001e1a3663418: ;   {runtime_call Shared Runtime ic_miss_blob}
  0x000001e1a3663418: 5008 0f85 | c0b6 0307 
[Verified Entry Point]
  0x000001e1a3663420: 8984 2400 | 80ff ff55 | 4881 eca0 | 0000 0090 | 4181 7f20 | 0800 0000 

  0x000001e1a3663438: ;   {runtime_call Stub::method_entry_barrier}
  0x000001e1a3663438: 7405 e8c1 | 0d02 0748 | 8954 2438 | 4c89 4424 

  0x000001e1a3663448: ;   {metadata(method data for {method} {0x000001e1b7815300} 'fire' '(Lcom/badlogic/gdx/scenes/scene2d/Event;)Z' in 'com/badlogic/gdx/scenes/scene2d/Actor')}
  0x000001e1a3663448: 4048 be28 | d2d9 b7e1 | 0100 008b | be90 0000 | 0083 c702 | 89be 9000 | 0000 81e7 | fe07 0000 
  0x000001e1a3663468: 85ff 0f84 | 211a 0000 

  0x000001e1a3663470: ; implicit exception: dispatches to 0x000001e1a3664eb2
  0x000001e1a3663470: 493b 0049 

  0x000001e1a3663474: ;   {metadata(method data for {method} {0x000001e1b7815300} 'fire' '(Lcom/badlogic/gdx/scenes/scene2d/Event;)Z' in 'com/badlogic/gdx/scenes/scene2d/Actor')}
  0x000001e1a3663474: 8bf0 48bf | 28d2 d9b7 | e101 0000 | 8b76 0841 | ba00 0000 | 2949 03f2 | 483b b7e0 | 0000 0075 
  0x000001e1a3663494: 0d48 8387 | e800 0000 | 01e9 6000 | 0000 483b | b7f0 0000 | 0075 0d48 | 8387 f800 | 0000 01e9 
  0x000001e1a36634b4: 4a00 0000 | 4883 bfe0 | 0000 0000 | 7517 4889 | b7e0 0000 | 0048 c787 | e800 0000 | 0100 0000 
  0x000001e1a36634d4: e929 0000 | 0048 83bf | f000 0000 | 0075 1748 | 89b7 f000 | 0000 48c7 | 87f8 0000 | 0001 0000 
  0x000001e1a36634f4: 00e9 0800 | 0000 4883 | 87d8 0000 | 0001 418b | 7014 4885 

  0x000001e1a3663508: ;   {metadata(method data for {method} {0x000001e1b7815300} 'fire' '(Lcom/badlogic/gdx/scenes/scene2d/Event;)Z' in 'com/badlogic/gdx/scenes/scene2d/Actor')}
  0x000001e1a3663508: f648 be28 | d2d9 b7e1 | 0100 00bf | 0801 0000 | 7505 bf18 | 0100 0048 | 8b1c 3e48 | 8d5b 0148 
  0x000001e1a3663528: 891c 3e0f | 8549 0100 | 0048 8bf2 

  0x000001e1a3663534: ;   {metadata(method data for {method} {0x000001e1b7815300} 'fire' '(Lcom/badlogic/gdx/scenes/scene2d/Event;)Z' in 'com/badlogic/gdx/scenes/scene2d/Actor')}
  0x000001e1a3663534: 48bf 28d2 | d9b7 e101 | 0000 8b76 | 0841 ba00 | 0000 2949 | 03f2 483b | b730 0100 | 0075 0d48 
  0x000001e1a3663554: 8387 3801 | 0000 01e9 | 6000 0000 | 483b b740 | 0100 0075 | 0d48 8387 | 4801 0000 | 01e9 4a00 
  0x000001e1a3663574: 0000 4883 | bf30 0100 | 0000 7517 | 4889 b730 | 0100 0048 | c787 3801 | 0000 0100 | 0000 e929 
  0x000001e1a3663594: 0000 0048 | 83bf 4001 | 0000 0075 | 1748 89b7 | 4001 0000 | 48c7 8748 | 0100 0001 | 0000 00e9 
  0x000001e1a36635b4: 0800 0000 | 4883 8728 | 0100 0001 | 8b72 3449 

  0x000001e1a36635c4: ;   {metadata(method data for {method} {0x000001e1b7815300} 'fire' '(Lcom/badlogic/gdx/scenes/scene2d/Event;)Z' in 'com/badlogic/gdx/scenes/scene2d/Actor')}
  0x000001e1a36635c4: 8bf8 48bb | 28d2 d9b7 | e101 0000 | 8b7f 0841 | ba00 0000 | 2949 03fa | 483b bb60 | 0100 0075 
  0x000001e1a36635e4: 0d48 8383 | 6801 0000 | 01e9 6000 | 0000 483b | bb70 0100 | 0075 0d48 | 8383 7801 | 0000 01e9 
  0x000001e1a3663604: 4a00 0000 | 4883 bb60 | 0100 0000 | 7517 4889 | bb60 0100 | 0048 c783 | 6801 0000 | 0100 0000 
  0x000001e1a3663624: e929 0000 | 0048 83bb | 7001 0000 | 0075 1748 | 89bb 7001 | 0000 48c7 | 8378 0100 | 0001 0000 
  0x000001e1a3663644: 00e9 0800 | 0000 4883 | 8358 0100 | 0001 410f | be7f 4885 | ff0f 8558 | 1800 004c | 8bd6 4589 
  0x000001e1a3663664: 5014 498b | f848 33fe | 48c1 ef14 | 4883 ff00 | 0f85 5918 | 0000 498b 

  0x000001e1a366367c: ;   {metadata(method data for {method} {0x000001e1b7815300} 'fire' '(Lcom/badlogic/gdx/scenes/scene2d/Event;)Z' in 'com/badlogic/gdx/scenes/scene2d/Actor')}
  0x000001e1a366367c: f048 bf28 | d2d9 b7e1 | 0100 008b | 7608 41ba | 0000 0029 | 4903 f248 | 3bb7 9001 | 0000 750d 
  0x000001e1a366369c: 4883 8798 | 0100 0001 | e960 0000 | 0048 3bb7 | a001 0000 | 750d 4883 | 87a8 0100 | 0001 e94a 
  0x000001e1a36636bc: 0000 0048 | 83bf 9001 | 0000 0075 | 1748 89b7 | 9001 0000 | 48c7 8798 | 0100 0001 | 0000 00e9 
  0x000001e1a36636dc: 2900 0000 | 4883 bfa0 | 0100 0000 | 7517 4889 | b7a0 0100 | 0048 c787 | a801 0000 | 0100 0000 
  0x000001e1a36636fc: e908 0000 | 0048 8387 | 8801 0000 | 0141 0fbe | 7748 85f6 | 0f85 d517 | 0000 4c8b | d245 8950 
  0x000001e1a366371c: 1849 8bf0 | 4833 f248 | c1ee 1448 | 83fe 000f | 85d6 1700 

  0x000001e1a3663730: ;   {oop(a 'java/lang/Class'{0x000000008421b190} = 'com/badlogic/gdx/scenes/scene2d/Actor')}
  0x000001e1a3663730: 0048 be90 | b121 8400 | 0000 008b | 7678 483b | 0648 8bfe 

  0x000001e1a3663744: ;   {metadata(method data for {method} {0x000001e1b7815300} 'fire' '(Lcom/badlogic/gdx/scenes/scene2d/Event;)Z' in 'com/badlogic/gdx/scenes/scene2d/Actor')}
  0x000001e1a3663744: 48bb 28d2 | d9b7 e101 | 0000 4883 | 83c8 0100 

  0x000001e1a3663754: ;   {oop(a 'java/lang/Class'{0x00000000839147e8} = 'com/badlogic/gdx/utils/Array')}
  0x000001e1a3663754: 0001 49b8 | e847 9183 | 0000 0000 | 488b d60f 

  0x000001e1a3663764: ;   {optimized virtual_call}
  0x000001e1a3663764: 1f40 00e8 

  0x000001e1a3663768: ; ImmutableOopMap {[56]=Oop [64]=Oop }
                      ;*invokevirtual obtain {reexecute=0 rethrow=0 return_oop=0}
                      ; - com.badlogic.gdx.scenes.scene2d.Actor::fire@25 (line 136)
  0x000001e1a3663768: b4a0 fcff 

  0x000001e1a366376c: ;   {post_call_nop}
  0x000001e1a366376c: 0f1f 8400 | 6404 0000 

  0x000001e1a3663774: ;   {metadata(method data for {method} {0x000001e1b7815300} 'fire' '(Lcom/badlogic/gdx/scenes/scene2d/Event;)Z' in 'com/badlogic/gdx/scenes/scene2d/Actor')}
  0x000001e1a3663774: 4885 c048 | ba28 d2d9 | b7e1 0100 | 0075 0c80 | 8ae1 0100 | 0001 e9a7 | 0000 008b | 7808 41ba 
  0x000001e1a3663794: 0000 0029 | 4903 fa48 | 3bba f001 | 0000 750d | 4883 82f8 | 0100 0001 | e960 0000 | 0048 3bba 
  0x000001e1a36637b4: 0002 0000 | 750d 4883 | 8208 0200 | 0001 e94a | 0000 0048 | 83ba f001 | 0000 0075 | 1748 89ba 
  0x000001e1a36637d4: f001 0000 | 48c7 82f8 | 0100 0001 | 0000 00e9 | 2900 0000 | 4883 ba00 | 0200 0000 | 7517 4889 
  0x000001e1a36637f4: ba00 0200 | 0048 c782 | 0802 0000 | 0100 0000 | e908 0000 | 0048 8382 | e801 0000 

  0x000001e1a3663810: ;   {metadata('com/badlogic/gdx/utils/Array')}
  0x000001e1a3663810: 0148 bf70 | 7604 2a00 | 0000 008b | 5008 41ba | 0000 0029 | 4903 d248 | 3b7a 380f | 85f3 1600 
  0x000001e1a3663830: 00e9 0000 | 0000 488b | f048 8974 | 2450 488b | 5424 3844 | 8b42 38e9 | 0701 0000 | 0f1f 4000 
  0x000001e1a3663850: ; implicit exception: dispatches to 0x000001e1a3664f2d
  0x000001e1a3663850: 483b 0648 

  0x000001e1a3663854: ;   {metadata(method data for {method} {0x000001e1b7815300} 'fire' '(Lcom/badlogic/gdx/scenes/scene2d/Event;)Z' in 'com/badlogic/gdx/scenes/scene2d/Actor')}
  0x000001e1a3663854: 8bfe 48bb | 28d2 d9b7 | e101 0000 | 8b7f 0841 | ba00 0000 | 2949 03fa | 483b bb40 | 0200 0075 
  0x000001e1a3663874: 0d48 8383 | 4802 0000 | 01e9 6000 | 0000 483b | bb50 0200 | 0075 0d48 | 8383 5802 | 0000 01e9 
  0x000001e1a3663894: 4a00 0000 | 4883 bb40 | 0200 0000 | 7517 4889 | bb40 0200 | 0048 c783 | 4802 0000 | 0100 0000 
  0x000001e1a36638b4: e929 0000 | 0048 83bb | 5002 0000 | 0075 1748 | 89bb 5002 | 0000 48c7 | 8358 0200 | 0001 0000 
  0x000001e1a36638d4: 00e9 0800 | 0000 4883 | 8338 0200 | 0001 498b | f84c 8bc7 | 488b d648 | 897c 2448 | 0f1f 8000 
  0x000001e1a36638f4: ;   {optimized virtual_call}
  0x000001e1a36638f4: 0000 00e8 

  0x000001e1a36638f8: ; ImmutableOopMap {[56]=Oop [64]=Oop [72]=Oop [80]=Oop }
                      ;*invokevirtual add {reexecute=0 rethrow=0 return_oop=0}
                      ; - com.badlogic.gdx.scenes.scene2d.Actor::fire@43 (line 139)
  0x000001e1a36638f8: 3460 6a07 

  0x000001e1a36638fc: ;   {post_call_nop}
  0x000001e1a36638fc: 0f1f 8400 | f405 0001 | 4c8b 4424 | 4845 8b40 

  0x000001e1a366390c: ;   {metadata(method data for {method} {0x000001e1b7815300} 'fire' '(Lcom/badlogic/gdx/scenes/scene2d/Event;)Z' in 'com/badlogic/gdx/scenes/scene2d/Actor')}
  0x000001e1a366390c: 3849 b928 | d2d9 b7e1 | 0100 0041 | 8b91 9400 | 0000 83c2 | 0241 8991 | 9400 0000 | 81e2 fe3f 
  0x000001e1a366392c: 0000 85d2 | 0f84 0116 | 0000 4d8b 

  0x000001e1a3663938: ; ImmutableOopMap {r8=Oop [56]=Oop [64]=Oop [80]=Oop }
                      ;*goto {reexecute=1 rethrow=0 return_oop=0}
                      ; - (reexecute) com.badlogic.gdx.scenes.scene2d.Actor::fire@51 (line 140)
                      ;   {poll}
  0x000001e1a3663938: 5730 4185 

  0x000001e1a366393c: ;   {metadata(method data for {method} {0x000001e1b7815300} 'fire' '(Lcom/badlogic/gdx/scenes/scene2d/Event;)Z' in 'com/badlogic/gdx/scenes/scene2d/Actor')}
  0x000001e1a366393c: 0249 b928 | d2d9 b7e1 | 0100 0041 | ff81 6802 | 0000 488b | 7424 504d 

  0x000001e1a3663954: ;   {metadata(method data for {method} {0x000001e1b7815300} 'fire' '(Lcom/badlogic/gdx/scenes/scene2d/Event;)Z' in 'com/badlogic/gdx/scenes/scene2d/Actor')}
  0x000001e1a3663954: 85c0 48bf | 28d2 d9b7 | e101 0000 | bb28 0200 | 0075 05bb | 1802 0000 | 488b 041f | 488d 4001 
  0x000001e1a3663974: 4889 041f | 0f85 d2fe | ffff 8b7e | 1448 897c | 2460 448b | 460c 41ff | c848 8b74 | 2440 e9a9 
  0x000001e1a3663994: 0200 0090 

  0x000001e1a3663998: ; implicit exception: dispatches to 0x000001e1a3664f5d
  0x000001e1a3663998: 443b 470c | 0f83 c515 | 0000 4d63 | c846 8b4c | 8f10 4d85 

  0x000001e1a36639ac: ;   {metadata(method data for {method} {0x000001e1b7815300} 'fire' '(Lcom/badlogic/gdx/scenes/scene2d/Event;)Z' in 'com/badlogic/gdx/scenes/scene2d/Actor')}
  0x000001e1a36639ac: c948 b828 | d2d9 b7e1 | 0100 0075 | 0c80 8899 | 0200 0001 | e9a9 0000 | 0041 8b49 | 0841 ba00 
  0x000001e1a36639cc: 0000 2949 | 03ca 483b | 88a8 0200 | 0075 0d48 | 8380 b002 | 0000 01e9 | 6000 0000 | 483b 88b8 
  0x000001e1a36639ec: 0200 0075 | 0d48 8380 | c002 0000 | 01e9 4a00 | 0000 4883 | b8a8 0200 | 0000 7517 | 4889 88a8 
  0x000001e1a3663a0c: 0200 0048 | c780 b002 | 0000 0100 | 0000 e929 | 0000 0048 | 83b8 b802 | 0000 0075 | 1748 8988 
  0x000001e1a3663a2c: b802 0000 | 48c7 80c0 | 0200 0001 | 0000 00e9 | 0800 0000 | 4883 80a0 | 0200 0001 

  0x000001e1a3663a48: ;   {metadata('com/badlogic/gdx/scenes/scene2d/Group')}
  0x000001e1a3663a48: 48b9 a073 | 082a 0000 | 0000 418b | 4108 41ba | 0000 0029 | 4903 c248 | 3b48 400f | 850c 1500 
  0x000001e1a3663a68: 00e9 0000 | 0000 498b | d148 3b02 

  0x000001e1a3663a74: ;   {metadata(method data for {method} {0x000001e1b7815300} 'fire' '(Lcom/badlogic/gdx/scenes/scene2d/Event;)Z' in 'com/badlogic/gdx/scenes/scene2d/Actor')}
  0x000001e1a3663a74: 4c8b ca48 | b828 d2d9 | b7e1 0100 | 0045 8b49 | 0841 ba00 | 0000 294d | 03ca 4c3b | 88d8 0200 
  0x000001e1a3663a94: 0075 0d48 | 8380 e002 | 0000 01e9 | 6000 0000 | 4c3b 88e8 | 0200 0075 | 0d48 8380 | f002 0000 
  0x000001e1a3663ab4: 01e9 4a00 | 0000 4883 | b8d8 0200 | 0000 7517 | 4c89 88d8 | 0200 0048 | c780 e002 | 0000 0100 
  0x000001e1a3663ad4: 0000 e929 | 0000 0048 | 83b8 e802 | 0000 0075 | 174c 8988 | e802 0000 | 48c7 80f0 | 0200 0001 
  0x000001e1a3663af4: 0000 00e9 | 0800 0000 | 4883 80d0 | 0200 0001 | 4489 4424 | 584c 8bc6 | 41b9 0100 | 0000 0f1f 
  0x000001e1a3663b14: ;   {optimized virtual_call}
  0x000001e1a3663b14: 4400 00e8 

  0x000001e1a3663b18: ; ImmutableOopMap {[56]=Oop [64]=Oop [80]=Oop [96]=Oop }
                      ;*invokevirtual notify {reexecute=0 rethrow=0 return_oop=0}
                      ; - com.badlogic.gdx.scenes.scene2d.Actor::fire@87 (line 148)
  0x000001e1a3663b18: 743f 7507 

  0x000001e1a3663b1c: ;   {post_call_nop}
  0x000001e1a3663b1c: 0f1f 8400 | 1408 0003 | 4c8b 4424 

  0x000001e1a3663b28: ;   {metadata(method data for {method} {0x000001e1b7815300} 'fire' '(Lcom/badlogic/gdx/scenes/scene2d/Event;)Z' in 'com/badlogic/gdx/scenes/scene2d/Actor')}
  0x000001e1a3663b28: 4049 b928 | d2d9 b7e1 | 0100 0045 | 8b40 0841 | ba00 0000 | 294d 03c2 | 4d3b 8108 | 0300 0075 
  0x000001e1a3663b48: 0d49 8381 | 1003 0000 | 01e9 6000 | 0000 4d3b | 8118 0300 | 0075 0d49 | 8381 2003 | 0000 01e9 
  0x000001e1a3663b68: 4a00 0000 | 4983 b908 | 0300 0000 | 7517 4d89 | 8108 0300 | 0049 c781 | 1003 0000 | 0100 0000 
  0x000001e1a3663b88: e929 0000 | 0049 83b9 | 1803 0000 | 0075 174d | 8981 1803 | 0000 49c7 | 8120 0300 | 0001 0000 
  0x000001e1a3663ba8: 00e9 0800 | 0000 4983 | 8100 0300 | 0001 4c8b | 4424 4045 | 0fbe 480f | 4183 e101 

  0x000001e1a3663bc4: ;   {metadata(method data for {method} {0x000001e1b7815300} 'fire' '(Lcom/badlogic/gdx/scenes/scene2d/Event;)Z' in 'com/badlogic/gdx/scenes/scene2d/Actor')}
  0x000001e1a3663bc4: 4585 c949 | b928 d2d9 | b7e1 0100 | 00ba 4003 | 0000 7505 | ba30 0300 | 0049 8b34 | 1148 8d76 
  0x000001e1a3663be4: 0149 8934 | 110f 85b2 | 0f00 0044 | 8b4c 2458 

  0x000001e1a3663bf4: ;   {metadata(method data for {method} {0x000001e1b7815300} 'fire' '(Lcom/badlogic/gdx/scenes/scene2d/Event;)Z' in 'com/badlogic/gdx/scenes/scene2d/Actor')}
  0x000001e1a3663bf4: 41ff c948 | ba28 d2d9 | b7e1 0100 | 008b b294 | 0000 0083 | c602 89b2 | 9400 0000 | 81e6 fe3f 
  0x000001e1a3663c14: 0000 85f6 | 0f84 6513 | 0000 4d8b 

  0x000001e1a3663c20: ; ImmutableOopMap {r8=Oop [56]=Oop [64]=Oop [80]=Oop [96]=Oop }
                      ;*goto {reexecute=1 rethrow=0 return_oop=0}
                      ; - (reexecute) com.badlogic.gdx.scenes.scene2d.Actor::fire@121 (line 146)
                      ;   {poll}
  0x000001e1a3663c20: 5730 4185 

  0x000001e1a3663c24: ;   {metadata(method data for {method} {0x000001e1b7815300} 'fire' '(Lcom/badlogic/gdx/scenes/scene2d/Event;)Z' in 'com/badlogic/gdx/scenes/scene2d/Actor')}
  0x000001e1a3663c24: 0248 ba28 | d2d9 b7e1 | 0100 00ff | 82e0 0300 | 0048 8b7c | 2460 498b | f04d 8bc1 

  0x000001e1a3663c40: ;   {metadata(method data for {method} {0x000001e1b7815300} 'fire' '(Lcom/badlogic/gdx/scenes/scene2d/Event;)Z' in 'com/badlogic/gdx/scenes/scene2d/Actor')}
  0x000001e1a3663c40: 4585 c049 | b928 d2d9 | b7e1 0100 | 00ba 9002 | 0000 7d05 | ba80 0200 | 0049 8b04 | 1148 8d40 
  0x000001e1a3663c60: 0149 8904 | 110f 8d2d | fdff ff4c | 8bc6 488b 

  0x000001e1a3663c70: ;   {metadata(method data for {method} {0x000001e1b7815300} 'fire' '(Lcom/badlogic/gdx/scenes/scene2d/Event;)Z' in 'com/badlogic/gdx/scenes/scene2d/Actor')}
  0x000001e1a3663c70: 5424 3849 | b928 d2d9 | b7e1 0100 | 008b 5208 | 41ba 0000 | 0029 4903 | d249 3b91 | 0004 0000 
  0x000001e1a3663c90: 750d 4983 | 8108 0400 | 0001 e960 | 0000 0049 | 3b91 1004 | 0000 750d | 4983 8118 | 0400 0001 
  0x000001e1a3663cb0: e94a 0000 | 0049 83b9 | 0004 0000 | 0075 1749 | 8991 0004 | 0000 49c7 | 8108 0400 | 0001 0000 
  0x000001e1a3663cd0: 00e9 2900 | 0000 4983 | b910 0400 | 0000 7517 | 4989 9110 | 0400 0049 | c781 1804 | 0000 0100 
  0x000001e1a3663cf0: 0000 e908 | 0000 0049 | 8381 f803 | 0000 0149 | 8bf0 4c8b | c641 b901 | 0000 0048 | 8b54 2438 
  0x000001e1a3663d10: 0f1f 8000 

  0x000001e1a3663d14: ;   {optimized virtual_call}
  0x000001e1a3663d14: 0000 00e8 

  0x000001e1a3663d18: ; ImmutableOopMap {[56]=Oop [64]=Oop [80]=Oop [96]=Oop }
                      ;*invokevirtual notify {reexecute=0 rethrow=0 return_oop=0}
                      ; - com.badlogic.gdx.scenes.scene2d.Actor::fire@127 (line 153)
  0x000001e1a3663d18: 743d 7507 

  0x000001e1a3663d1c: ;   {post_call_nop}
  0x000001e1a3663d1c: 0f1f 8400 | 140a 0005 | 4c8b 4424 

  0x000001e1a3663d28: ;   {metadata(method data for {method} {0x000001e1b7815300} 'fire' '(Lcom/badlogic/gdx/scenes/scene2d/Event;)Z' in 'com/badlogic/gdx/scenes/scene2d/Actor')}
  0x000001e1a3663d28: 4049 b928 | d2d9 b7e1 | 0100 0045 | 8b40 0841 | ba00 0000 | 294d 03c2 | 4d3b 8130 | 0400 0075 
  0x000001e1a3663d48: 0d49 8381 | 3804 0000 | 01e9 6000 | 0000 4d3b | 8140 0400 | 0075 0d49 | 8381 4804 | 0000 01e9 
  0x000001e1a3663d68: 4a00 0000 | 4983 b930 | 0400 0000 | 7517 4d89 | 8130 0400 | 0049 c781 | 3804 0000 | 0100 0000 
  0x000001e1a3663d88: e929 0000 | 0049 83b9 | 4004 0000 | 0075 174d | 8981 4004 | 0000 49c7 | 8148 0400 | 0001 0000 
  0x000001e1a3663da8: 00e9 0800 | 0000 4983 | 8128 0400 | 0001 4c8b | 4424 4045 | 0fbe 480f | 4183 e101 

  0x000001e1a3663dc4: ;   {metadata(method data for {method} {0x000001e1b7815300} 'fire' '(Lcom/badlogic/gdx/scenes/scene2d/Event;)Z' in 'com/badlogic/gdx/scenes/scene2d/Actor')}
  0x000001e1a3663dc4: 4585 c949 | b928 d2d9 | b7e1 0100 | 00ba 6804 | 0000 7505 | ba58 0400 | 0049 8b34 | 1148 8d76 
  0x000001e1a3663de4: 0149 8934 | 110f 85fa | 0b00 0048 | 8b54 2438 

  0x000001e1a3663df4: ;   {metadata(method data for {method} {0x000001e1b7815300} 'fire' '(Lcom/badlogic/gdx/scenes/scene2d/Event;)Z' in 'com/badlogic/gdx/scenes/scene2d/Actor')}
  0x000001e1a3663df4: 4c8b ca48 | be28 d2d9 | b7e1 0100 | 0045 8b49 | 0841 ba00 | 0000 294d | 03ca 4c3b | 8e10 0500 
  0x000001e1a3663e14: 0075 0d48 | 8386 1805 | 0000 01e9 | 6000 0000 | 4c3b 8e20 | 0500 0075 | 0d48 8386 | 2805 0000 
  0x000001e1a3663e34: 01e9 4a00 | 0000 4883 | be10 0500 | 0000 7517 | 4c89 8e10 | 0500 0048 | c786 1805 | 0000 0100 
  0x000001e1a3663e54: 0000 e929 | 0000 0048 | 83be 2005 | 0000 0075 | 174c 898e | 2005 0000 | 48c7 8628 | 0500 0001 
  0x000001e1a3663e74: 0000 00e9 | 0800 0000 | 4883 8608 | 0500 0001 | 498b f04c | 8bc6 41b9 | 0000 0000 | 0f1f 8000 
  0x000001e1a3663e94: ;   {optimized virtual_call}
  0x000001e1a3663e94: 0000 00e8 

  0x000001e1a3663e98: ; ImmutableOopMap {[64]=Oop [80]=Oop [96]=Oop }
                      ;*invokevirtual notify {reexecute=0 rethrow=0 return_oop=0}
                      ; - com.badlogic.gdx.scenes.scene2d.Actor::fire@161 (line 157)
  0x000001e1a3663e98: f43b 7507 

  0x000001e1a3663e9c: ;   {post_call_nop}
  0x000001e1a3663e9c: 0f1f 8400 | 940b 0006 | 4c8b 4424 

  0x000001e1a3663ea8: ;   {metadata(method data for {method} {0x000001e1b7815300} 'fire' '(Lcom/badlogic/gdx/scenes/scene2d/Event;)Z' in 'com/badlogic/gdx/scenes/scene2d/Actor')}
  0x000001e1a3663ea8: 4049 b928 | d2d9 b7e1 | 0100 0045 | 8b40 0841 | ba00 0000 | 294d 03c2 | 4d3b 8140 | 0500 0075 
  0x000001e1a3663ec8: 0d49 8381 | 4805 0000 | 01e9 6000 | 0000 4d3b | 8150 0500 | 0075 0d49 | 8381 5805 | 0000 01e9 
  0x000001e1a3663ee8: 4a00 0000 | 4983 b940 | 0500 0000 | 7517 4d89 | 8140 0500 | 0049 c781 | 4805 0000 | 0100 0000 
  0x000001e1a3663f08: e929 0000 | 0049 83b9 | 5005 0000 | 0075 174d | 8981 5005 | 0000 49c7 | 8158 0500 | 0001 0000 
  0x000001e1a3663f28: 00e9 0800 | 0000 4983 | 8138 0500 | 0001 4c8b | 4424 4045 | 0fbe 480d | 4183 e101 

  0x000001e1a3663f44: ;   {metadata(method data for {method} {0x000001e1b7815300} 'fire' '(Lcom/badlogic/gdx/scenes/scene2d/Event;)Z' in 'com/badlogic/gdx/scenes/scene2d/Actor')}
  0x000001e1a3663f44: 4585 c949 | b928 d2d9 | b7e1 0100 | 00ba 7805 | 0000 7405 | ba68 0500 | 0049 8b34 | 1148 8d76 
  0x000001e1a3663f64: 0149 8934 | 110f 84c2 | 0800 004d 

  0x000001e1a3663f70: ;   {metadata(method data for {method} {0x000001e1b7815300} 'fire' '(Lcom/badlogic/gdx/scenes/scene2d/Event;)Z' in 'com/badlogic/gdx/scenes/scene2d/Actor')}
  0x000001e1a3663f70: 8bc8 48ba | 28d2 d9b7 | e101 0000 | 458b 4908 | 41ba 0000 | 0029 4d03 | ca4c 3b8a | 2006 0000 
  0x000001e1a3663f90: 750d 4883 | 8228 0600 | 0001 e960 | 0000 004c | 3b8a 3006 | 0000 750d | 4883 8238 | 0600 0001 
  0x000001e1a3663fb0: e94a 0000 | 0048 83ba | 2006 0000 | 0075 174c | 898a 2006 | 0000 48c7 | 8228 0600 | 0001 0000 
  0x000001e1a3663fd0: 00e9 2900 | 0000 4883 | ba30 0600 | 0000 7517 | 4c89 8a30 | 0600 0048 | c782 3806 | 0000 0100 
  0x000001e1a3663ff0: 0000 e908 | 0000 0048 | 8382 1806 | 0000 0145 | 0fbe 480f | 4183 e101 

  0x000001e1a3664008: ;   {metadata(method data for {method} {0x000001e1b7815300} 'fire' '(Lcom/badlogic/gdx/scenes/scene2d/Event;)Z' in 'com/badlogic/gdx/scenes/scene2d/Actor')}
  0x000001e1a3664008: 4585 c949 | b928 d2d9 | b7e1 0100 | 00ba 5806 | 0000 7505 | ba48 0600 | 0049 8b34 | 1148 8d76 
  0x000001e1a3664028: 0149 8934 | 110f 8546 | 0600 0048 | 8b74 2450 | 8b7e 0c89 | 7c24 68bb | 0000 0000 | e9a4 0200 
  0x000001e1a3664048: 000f 1f80 | 0000 0000 

  0x000001e1a3664050: ; implicit exception: dispatches to 0x000001e1a3664fa4
  0x000001e1a3664050: 3b5e 0c0f | 8355 0f00 | 004c 63cb | 468b 4c8e | 104d 85c9 

  0x000001e1a3664064: ;   {metadata(method data for {method} {0x000001e1b7815300} 'fire' '(Lcom/badlogic/gdx/scenes/scene2d/Event;)Z' in 'com/badlogic/gdx/scenes/scene2d/Actor')}
  0x000001e1a3664064: 48b9 28d2 | d9b7 e101 | 0000 750c | 8089 1107 | 0000 01e9 | a900 0000 | 458b 5908 | 41ba 0000 
  0x000001e1a3664084: 0029 4d03 | da4c 3b99 | 2007 0000 | 750d 4883 | 8128 0700 | 0001 e960 | 0000 004c | 3b99 3007 
  0x000001e1a36640a4: 0000 750d | 4883 8138 | 0700 0001 | e94a 0000 | 0048 83b9 | 2007 0000 | 0075 174c | 8999 2007 
  0x000001e1a36640c4: 0000 48c7 | 8128 0700 | 0001 0000 | 00e9 2900 | 0000 4883 | b930 0700 | 0000 7517 | 4c89 9930 
  0x000001e1a36640e4: 0700 0048 | c781 3807 | 0000 0100 | 0000 e908 | 0000 0048 | 8381 1807 

  0x000001e1a36640fc: ;   {metadata('com/badlogic/gdx/scenes/scene2d/Group')}
  0x000001e1a36640fc: 0000 0149 | bba0 7308 | 2a00 0000 | 0041 8b49 | 0841 ba00 | 0000 2949 | 03ca 4c3b | 5940 0f85 
  0x000001e1a366411c: 9c0e 0000 | e900 0000 | 0049 8bd1 

  0x000001e1a3664128: ; implicit exception: dispatches to 0x000001e1a3664fc5
  0x000001e1a3664128: 483b 024c 

  0x000001e1a366412c: ;   {metadata(method data for {method} {0x000001e1b7815300} 'fire' '(Lcom/badlogic/gdx/scenes/scene2d/Event;)Z' in 'com/badlogic/gdx/scenes/scene2d/Actor')}
  0x000001e1a366412c: 8bca 48b9 | 28d2 d9b7 | e101 0000 | 458b 4908 | 41ba 0000 | 0029 4d03 | ca4c 3b89 | 5007 0000 
  0x000001e1a366414c: 750d 4883 | 8158 0700 | 0001 e960 | 0000 004c | 3b89 6007 | 0000 750d | 4883 8168 | 0700 0001 
  0x000001e1a366416c: e94a 0000 | 0048 83b9 | 5007 0000 | 0075 174c | 8989 5007 | 0000 48c7 | 8158 0700 | 0001 0000 
  0x000001e1a366418c: 00e9 2900 | 0000 4883 | b960 0700 | 0000 7517 | 4c89 8960 | 0700 0048 | c781 6807 | 0000 0100 
  0x000001e1a36641ac: 0000 e908 | 0000 0048 | 8381 4807 | 0000 0149 | 8bc8 4c8b | c141 b900 | 0000 0089 | 5c24 5c0f 
  0x000001e1a36641cc: ;   {optimized virtual_call}
  0x000001e1a36641cc: 1f40 00e8 

  0x000001e1a36641d0: ; ImmutableOopMap {[64]=Oop [80]=Oop [96]=Oop }
                      ;*invokevirtual notify {reexecute=0 rethrow=0 return_oop=0}
                      ; - com.badlogic.gdx.scenes.scene2d.Actor::fire@245 (line 163)
  0x000001e1a36641d0: bc38 7507 

  0x000001e1a36641d4: ;   {post_call_nop}
  0x000001e1a36641d4: 0f1f 8400 | cc0e 0007 | 4c8b 4424 

  0x000001e1a36641e0: ;   {metadata(method data for {method} {0x000001e1b7815300} 'fire' '(Lcom/badlogic/gdx/scenes/scene2d/Event;)Z' in 'com/badlogic/gdx/scenes/scene2d/Actor')}
  0x000001e1a36641e0: 4048 ba28 | d2d9 b7e1 | 0100 0045 | 8b40 0841 | ba00 0000 | 294d 03c2 | 4c3b 8280 | 0700 0075 
  0x000001e1a3664200: 0d48 8382 | 8807 0000 | 01e9 6000 | 0000 4c3b | 8290 0700 | 0075 0d48 | 8382 9807 | 0000 01e9 
  0x000001e1a3664220: 4a00 0000 | 4883 ba80 | 0700 0000 | 7517 4c89 | 8280 0700 | 0048 c782 | 8807 0000 | 0100 0000 
  0x000001e1a3664240: e929 0000 | 0048 83ba | 9007 0000 | 0075 174c | 8982 9007 | 0000 48c7 | 8298 0700 | 0001 0000 
  0x000001e1a3664260: 00e9 0800 | 0000 4883 | 8278 0700 | 0001 4c8b | 4424 4041 | 0fbe 500f | 83e2 0185 

  0x000001e1a366427c: ;   {metadata(method data for {method} {0x000001e1b7815300} 'fire' '(Lcom/badlogic/gdx/scenes/scene2d/Event;)Z' in 'com/badlogic/gdx/scenes/scene2d/Actor')}
  0x000001e1a366427c: d248 ba28 | d2d9 b7e1 | 0100 00be | b807 0000 | 7505 bea8 | 0700 0048 | 8b3c 3248 | 8d7f 0148 
  0x000001e1a366429c: 893c 320f | 857c 0000 | 008b 5c24 

  0x000001e1a36642a8: ;   {metadata(method data for {method} {0x000001e1b7815300} 'fire' '(Lcom/badlogic/gdx/scenes/scene2d/Event;)Z' in 'com/badlogic/gdx/scenes/scene2d/Actor')}
  0x000001e1a36642a8: 5cff c348 | ba28 d2d9 | b7e1 0100 | 008b b294 | 0000 0083 | c602 89b2 | 9400 0000 | 81e6 fe3f 
  0x000001e1a36642c8: 0000 85f6 | 0f84 f80c | 0000 4d8b 

  0x000001e1a36642d4: ; ImmutableOopMap {r8=Oop [64]=Oop [80]=Oop [96]=Oop }
                      ;*goto {reexecute=1 rethrow=0 return_oop=0}
                      ; - (reexecute) com.badlogic.gdx.scenes.scene2d.Actor::fire@279 (line 162)
                      ;   {poll}
  0x000001e1a36642d4: 5730 4185 

  0x000001e1a36642d8: ;   {metadata(method data for {method} {0x000001e1b7815300} 'fire' '(Lcom/badlogic/gdx/scenes/scene2d/Event;)Z' in 'com/badlogic/gdx/scenes/scene2d/Actor')}
  0x000001e1a36642d8: 0248 ba28 | d2d9 b7e1 | 0100 00ff | 8258 0800 | 008b 7c24 | 6848 8b74 | 2460 3bdf 

  0x000001e1a36642f4: ;   {metadata(method data for {method} {0x000001e1b7815300} 'fire' '(Lcom/badlogic/gdx/scenes/scene2d/Event;)Z' in 'com/badlogic/gdx/scenes/scene2d/Actor')}
  0x000001e1a36642f4: 49b9 28d2 | d9b7 e101 | 0000 baf8 | 0600 007d | 05ba 0807 | 0000 498b | 0c11 488d | 4901 4989 
  0x000001e1a3664314: 0c11 0f8d | bd01 0000 | e92f fdff | ff49 8bd0 

  0x000001e1a3664324: ;   {metadata(method data for {method} {0x000001e1b7815300} 'fire' '(Lcom/badlogic/gdx/scenes/scene2d/Event;)Z' in 'com/badlogic/gdx/scenes/scene2d/Actor')}
  0x000001e1a3664324: 48be 28d2 | d9b7 e101 | 0000 8b52 | 0841 ba00 | 0000 2949 | 03d2 483b | 96d0 0700 | 0075 0d48 
  0x000001e1a3664344: 8386 d807 | 0000 01e9 | 6000 0000 | 483b 96e0 | 0700 0075 | 0d48 8386 | e807 0000 | 01e9 4a00 
  0x000001e1a3664364: 0000 4883 | bed0 0700 | 0000 7517 | 4889 96d0 | 0700 0048 | c786 d807 | 0000 0100 | 0000 e929 
  0x000001e1a3664384: 0000 0048 | 83be e007 | 0000 0075 | 1748 8996 | e007 0000 | 48c7 86e8 | 0700 0001 | 0000 00e9 
  0x000001e1a36643a4: 0800 0000 | 4883 86c8 | 0700 0001 | 410f be50 | 1083 e201 | 8954 246c | 488b 7424 

  0x000001e1a36643c0: ;   {metadata(method data for {method} {0x000001e1b7815300} 'fire' '(Lcom/badlogic/gdx/scenes/scene2d/Event;)Z' in 'com/badlogic/gdx/scenes/scene2d/Actor')}
  0x000001e1a36643c0: 5048 bf28 | d2d9 b7e1 | 0100 008b | 7608 41ba | 0000 0029 | 4903 f248 | 3bb7 0008 | 0000 750d 
  0x000001e1a36643e0: 4883 8708 | 0800 0001 | e960 0000 | 0048 3bb7 | 1008 0000 | 750d 4883 | 8718 0800 | 0001 e94a 
  0x000001e1a3664400: 0000 0048 | 83bf 0008 | 0000 0075 | 1748 89b7 | 0008 0000 | 48c7 8708 | 0800 0001 | 0000 00e9 
  0x000001e1a3664420: 2900 0000 | 4883 bf10 | 0800 0000 | 7517 4889 | b710 0800 | 0048 c787 | 1808 0000 | 0100 0000 
  0x000001e1a3664440: e908 0000 | 0048 8387 | f807 0000 | 0148 8b54 | 2450 6666 | 9048 b850 | 0fc5 d5e1 

  0x000001e1a366445c: ;   {virtual_call}
  0x000001e1a366445c: 0100 00e8 

  0x000001e1a3664460: ; ImmutableOopMap {[80]=Oop }
                      ;*invokevirtual clear {reexecute=0 rethrow=0 return_oop=0}
                      ; - com.badlogic.gdx.scenes.scene2d.Actor::fire@263 (line 169)
  0x000001e1a3664460: 7cac 0307 

  0x000001e1a3664464: ;   {post_call_nop}
  0x000001e1a3664464: 0f1f 8400 | 5c11 0009 

  0x000001e1a366446c: ;   {oop(a 'java/lang/Class'{0x000000008421b190} = 'com/badlogic/gdx/scenes/scene2d/Actor')}
  0x000001e1a366446c: 49b8 90b1 | 2184 0000 | 0000 418b | 5078 483b | 024c 8bc2 

  0x000001e1a3664480: ;   {metadata(method data for {method} {0x000001e1b7815300} 'fire' '(Lcom/badlogic/gdx/scenes/scene2d/Event;)Z' in 'com/badlogic/gdx/scenes/scene2d/Actor')}
  0x000001e1a3664480: 48be 28d2 | d9b7 e101 

  0x000001e1a3664488: ;   {metadata('com/badlogic/gdx/utils/PoolManager')}
  0x000001e1a3664488: 0000 49ba | e0d8 082a | 0000 0000 | 4c89 9630 | 0800 0048 | 8386 3808 | 0000 014c | 8b44 2450 
  0x000001e1a36644a8: 0f1f 8000 

  0x000001e1a36644ac: ;   {optimized virtual_call}
  0x000001e1a36644ac: 0000 00e8 

  0x000001e1a36644b0: ; ImmutableOopMap {}
                      ;*invokevirtual free {reexecute=0 rethrow=0 return_oop=0}
                      ; - com.badlogic.gdx.scenes.scene2d.Actor::fire@270 (line 170)
  0x000001e1a36644b0: 2ca9 0307 

  0x000001e1a36644b4: ;   {post_call_nop}
  0x000001e1a36644b4: 0f1f 8400 | ac11 000a | 8b54 246c | 83e2 0148 | 8bc2 4881 | c4a0 0000 

  0x000001e1a36644cc: ;   {poll_return}
  0x000001e1a36644cc: 005d 493b | 6728 0f87 | 180b 0000 | c349 8bd0 

  0x000001e1a36644dc: ;   {metadata(method data for {method} {0x000001e1b7815300} 'fire' '(Lcom/badlogic/gdx/scenes/scene2d/Event;)Z' in 'com/badlogic/gdx/scenes/scene2d/Actor')}
  0x000001e1a36644dc: 48be 28d2 | d9b7 e101 | 0000 8b52 | 0841 ba00 | 0000 2949 | 03d2 483b | 9678 0800 | 0075 0d48 
  0x000001e1a36644fc: 8386 8008 | 0000 01e9 | 6000 0000 | 483b 9688 | 0800 0075 | 0d48 8386 | 9008 0000 | 01e9 4a00 
  0x000001e1a366451c: 0000 4883 | be78 0800 | 0000 7517 | 4889 9678 | 0800 0048 | c786 8008 | 0000 0100 | 0000 e929 
  0x000001e1a366453c: 0000 0048 | 83be 8808 | 0000 0075 | 1748 8996 | 8808 0000 | 48c7 8690 | 0800 0001 | 0000 00e9 
  0x000001e1a366455c: 0800 0000 | 4883 8670 | 0800 0001 | 410f be50 | 1083 e201 | 8954 2470 | 488b 7424 

  0x000001e1a3664578: ;   {metadata(method data for {method} {0x000001e1b7815300} 'fire' '(Lcom/badlogic/gdx/scenes/scene2d/Event;)Z' in 'com/badlogic/gdx/scenes/scene2d/Actor')}
  0x000001e1a3664578: 5048 bf28 | d2d9 b7e1 | 0100 008b | 7608 41ba | 0000 0029 | 4903 f248 | 3bb7 a808 | 0000 750d 
  0x000001e1a3664598: 4883 87b0 | 0800 0001 | e960 0000 | 0048 3bb7 | b808 0000 | 750d 4883 | 87c0 0800 | 0001 e94a 
  0x000001e1a36645b8: 0000 0048 | 83bf a808 | 0000 0075 | 1748 89b7 | a808 0000 | 48c7 87b0 | 0800 0001 | 0000 00e9 
  0x000001e1a36645d8: 2900 0000 | 4883 bfb8 | 0800 0000 | 7517 4889 | b7b8 0800 | 0048 c787 | c008 0000 | 0100 0000 
  0x000001e1a36645f8: e908 0000 | 0048 8387 | a008 0000 | 0148 8b54 | 2450 6666 | 9048 b878 | 0fc5 d5e1 

  0x000001e1a3664614: ;   {virtual_call}
  0x000001e1a3664614: 0100 00e8 

  0x000001e1a3664618: ; ImmutableOopMap {[80]=Oop }
                      ;*invokevirtual clear {reexecute=0 rethrow=0 return_oop=0}
                      ; - com.badlogic.gdx.scenes.scene2d.Actor::fire@289 (line 169)
  0x000001e1a3664618: e67a 6d07 

  0x000001e1a366461c: ;   {post_call_nop}
  0x000001e1a366461c: 0f1f 8400 | 1413 000b 

  0x000001e1a3664624: ;   {oop(a 'java/lang/Class'{0x000000008421b190} = 'com/badlogic/gdx/scenes/scene2d/Actor')}
  0x000001e1a3664624: 49b8 90b1 | 2184 0000 | 0000 418b | 5078 483b | 024c 8bc2 

  0x000001e1a3664638: ;   {metadata(method data for {method} {0x000001e1b7815300} 'fire' '(Lcom/badlogic/gdx/scenes/scene2d/Event;)Z' in 'com/badlogic/gdx/scenes/scene2d/Actor')}
  0x000001e1a3664638: 48be 28d2 | d9b7 e101 | 0000 4883 | 86e0 0800 | 0001 4c8b 

  0x000001e1a366464c: ;   {optimized virtual_call}
  0x000001e1a366464c: 4424 50e8 

  0x000001e1a3664650: ; ImmutableOopMap {}
                      ;*invokevirtual free {reexecute=0 rethrow=0 return_oop=0}
                      ; - com.badlogic.gdx.scenes.scene2d.Actor::fire@296 (line 170)
  0x000001e1a3664650: cc73 fcff 

  0x000001e1a3664654: ;   {post_call_nop}
  0x000001e1a3664654: 0f1f 8400 | 4c13 000c | 8b54 2470 | 83e2 0148 | 8bc2 4881 | c4a0 0000 

  0x000001e1a366466c: ;   {poll_return}
  0x000001e1a366466c: 005d 493b | 6728 0f87 | 9309 0000 | c349 8bd0 

  0x000001e1a366467c: ;   {metadata(method data for {method} {0x000001e1b7815300} 'fire' '(Lcom/badlogic/gdx/scenes/scene2d/Event;)Z' in 'com/badlogic/gdx/scenes/scene2d/Actor')}
  0x000001e1a366467c: 48be 28d2 | d9b7 e101 | 0000 8b52 | 0841 ba00 | 0000 2949 | 03d2 483b | 9670 0600 | 0075 0d48 
  0x000001e1a366469c: 8386 7806 | 0000 01e9 | 6000 0000 | 483b 9680 | 0600 0075 | 0d48 8386 | 8806 0000 | 01e9 4a00 
  0x000001e1a36646bc: 0000 4883 | be70 0600 | 0000 7517 | 4889 9670 | 0600 0048 | c786 7806 | 0000 0100 | 0000 e929 
  0x000001e1a36646dc: 0000 0048 | 83be 8006 | 0000 0075 | 1748 8996 | 8006 0000 | 48c7 8688 | 0600 0001 | 0000 00e9 
  0x000001e1a36646fc: 0800 0000 | 4883 8668 | 0600 0001 | 410f be50 | 1083 e201 | 8954 2474 | 488b 7424 

  0x000001e1a3664718: ;   {metadata(method data for {method} {0x000001e1b7815300} 'fire' '(Lcom/badlogic/gdx/scenes/scene2d/Event;)Z' in 'com/badlogic/gdx/scenes/scene2d/Actor')}
  0x000001e1a3664718: 5048 bf28 | d2d9 b7e1 | 0100 008b | 7608 41ba | 0000 0029 | 4903 f248 | 3bb7 a006 | 0000 750d 
  0x000001e1a3664738: 4883 87a8 | 0600 0001 | e960 0000 | 0048 3bb7 | b006 0000 | 750d 4883 | 87b8 0600 | 0001 e94a 
  0x000001e1a3664758: 0000 0048 | 83bf a006 | 0000 0075 | 1748 89b7 | a006 0000 | 48c7 87a8 | 0600 0001 | 0000 00e9 
  0x000001e1a3664778: 2900 0000 | 4883 bfb0 | 0600 0000 | 7517 4889 | b7b0 0600 | 0048 c787 | b806 0000 | 0100 0000 
  0x000001e1a3664798: e908 0000 | 0048 8387 | 9806 0000 | 0148 8b54 | 2450 6666 | 9048 b8a0 | 0fc5 d5e1 

  0x000001e1a36647b4: ;   {virtual_call}
  0x000001e1a36647b4: 0100 00e8 

  0x000001e1a36647b8: ; ImmutableOopMap {[80]=Oop }
                      ;*invokevirtual clear {reexecute=0 rethrow=0 return_oop=0}
                      ; - com.badlogic.gdx.scenes.scene2d.Actor::fire@206 (line 169)
  0x000001e1a36647b8: 24a9 0307 

  0x000001e1a36647bc: ;   {post_call_nop}
  0x000001e1a36647bc: 0f1f 8400 | b414 000d 

  0x000001e1a36647c4: ;   {oop(a 'java/lang/Class'{0x000000008421b190} = 'com/badlogic/gdx/scenes/scene2d/Actor')}
  0x000001e1a36647c4: 49b8 90b1 | 2184 0000 | 0000 418b | 5078 483b | 024c 8bc2 

  0x000001e1a36647d8: ;   {metadata(method data for {method} {0x000001e1b7815300} 'fire' '(Lcom/badlogic/gdx/scenes/scene2d/Event;)Z' in 'com/badlogic/gdx/scenes/scene2d/Actor')}
  0x000001e1a36647d8: 48be 28d2 | d9b7 e101 

  0x000001e1a36647e0: ;   {metadata('com/badlogic/gdx/utils/PoolManager')}
  0x000001e1a36647e0: 0000 49ba | e0d8 082a | 0000 0000 | 4c89 96d0 | 0600 0048 | 8386 d806 | 0000 014c | 8b44 2450 
  0x000001e1a3664800: 0f1f 8000 

  0x000001e1a3664804: ;   {optimized virtual_call}
  0x000001e1a3664804: 0000 00e8 

  0x000001e1a3664808: ; ImmutableOopMap {}
                      ;*invokevirtual free {reexecute=0 rethrow=0 return_oop=0}
                      ; - com.badlogic.gdx.scenes.scene2d.Actor::fire@213 (line 170)
  0x000001e1a3664808: d4a5 0307 

  0x000001e1a366480c: ;   {post_call_nop}
  0x000001e1a366480c: 0f1f 8400 | 0415 000e | 8b54 2474 | 83e2 0148 | 8bc2 4881 | c4a0 0000 

  0x000001e1a3664824: ;   {poll_return}
  0x000001e1a3664824: 005d 493b | 6728 0f87 | f607 0000 | c349 8bd0 

  0x000001e1a3664834: ;   {metadata(method data for {method} {0x000001e1b7815300} 'fire' '(Lcom/badlogic/gdx/scenes/scene2d/Event;)Z' in 'com/badlogic/gdx/scenes/scene2d/Actor')}
  0x000001e1a3664834: 48be 28d2 | d9b7 e101 | 0000 8b52 | 0841 ba00 | 0000 2949 | 03d2 483b | 9690 0500 | 0075 0d48 
  0x000001e1a3664854: 8386 9805 | 0000 01e9 | 6000 0000 | 483b 96a0 | 0500 0075 | 0d48 8386 | a805 0000 | 01e9 4a00 
  0x000001e1a3664874: 0000 4883 | be90 0500 | 0000 7517 | 4889 9690 | 0500 0048 | c786 9805 | 0000 0100 | 0000 e929 
  0x000001e1a3664894: 0000 0048 | 83be a005 | 0000 0075 | 1748 8996 | a005 0000 | 48c7 86a8 | 0500 0001 | 0000 00e9 
  0x000001e1a36648b4: 0800 0000 | 4883 8688 | 0500 0001 | 410f be50 | 1083 e201 | 8954 2478 | 488b 7424 

  0x000001e1a36648d0: ;   {metadata(method data for {method} {0x000001e1b7815300} 'fire' '(Lcom/badlogic/gdx/scenes/scene2d/Event;)Z' in 'com/badlogic/gdx/scenes/scene2d/Actor')}
  0x000001e1a36648d0: 5048 bf28 | d2d9 b7e1 | 0100 008b | 7608 41ba | 0000 0029 | 4903 f248 | 3bb7 c005 | 0000 750d 
  0x000001e1a36648f0: 4883 87c8 | 0500 0001 | e960 0000 | 0048 3bb7 | d005 0000 | 750d 4883 | 87d8 0500 | 0001 e94a 
  0x000001e1a3664910: 0000 0048 | 83bf c005 | 0000 0075 | 1748 89b7 | c005 0000 | 48c7 87c8 | 0500 0001 | 0000 00e9 
  0x000001e1a3664930: 2900 0000 | 4883 bfd0 | 0500 0000 | 7517 4889 | b7d0 0500 | 0048 c787 | d805 0000 | 0100 0000 
  0x000001e1a3664950: e908 0000 | 0048 8387 | b805 0000 | 0148 8b54 | 2450 6666 | 9048 b8c8 | 0fc5 d5e1 

  0x000001e1a366496c: ;   {virtual_call}
  0x000001e1a366496c: 0100 00e8 

  0x000001e1a3664970: ; ImmutableOopMap {[80]=Oop }
                      ;*invokevirtual clear {reexecute=0 rethrow=0 return_oop=0}
                      ; - com.badlogic.gdx.scenes.scene2d.Actor::fire@179 (line 169)
  0x000001e1a3664970: 6ca7 0307 

  0x000001e1a3664974: ;   {post_call_nop}
  0x000001e1a3664974: 0f1f 8400 | 6c16 000f 

  0x000001e1a366497c: ;   {oop(a 'java/lang/Class'{0x000000008421b190} = 'com/badlogic/gdx/scenes/scene2d/Actor')}
  0x000001e1a366497c: 49b8 90b1 | 2184 0000 | 0000 418b | 5078 483b | 024c 8bc2 

  0x000001e1a3664990: ;   {metadata(method data for {method} {0x000001e1b7815300} 'fire' '(Lcom/badlogic/gdx/scenes/scene2d/Event;)Z' in 'com/badlogic/gdx/scenes/scene2d/Actor')}
  0x000001e1a3664990: 48be 28d2 | d9b7 e101 

  0x000001e1a3664998: ;   {metadata('com/badlogic/gdx/utils/PoolManager')}
  0x000001e1a3664998: 0000 49ba | e0d8 082a | 0000 0000 | 4c89 96f0 | 0500 0048 | 8386 f805 | 0000 014c | 8b44 2450 
  0x000001e1a36649b8: 0f1f 8000 

  0x000001e1a36649bc: ;   {optimized virtual_call}
  0x000001e1a36649bc: 0000 00e8 

  0x000001e1a36649c0: ; ImmutableOopMap {}
                      ;*invokevirtual free {reexecute=0 rethrow=0 return_oop=0}
                      ; - com.badlogic.gdx.scenes.scene2d.Actor::fire@186 (line 170)
  0x000001e1a36649c0: 1ca4 0307 

  0x000001e1a36649c4: ;   {post_call_nop}
  0x000001e1a36649c4: 0f1f 8400 | bc16 0010 | 8b54 2478 | 83e2 0148 | 8bc2 4881 | c4a0 0000 

  0x000001e1a36649dc: ;   {poll_return}
  0x000001e1a36649dc: 005d 493b | 6728 0f87 | 5906 0000 | c349 8bd0 

  0x000001e1a36649ec: ;   {metadata(method data for {method} {0x000001e1b7815300} 'fire' '(Lcom/badlogic/gdx/scenes/scene2d/Event;)Z' in 'com/badlogic/gdx/scenes/scene2d/Actor')}
  0x000001e1a36649ec: 48be 28d2 | d9b7 e101 | 0000 8b52 | 0841 ba00 | 0000 2949 | 03d2 483b | 9680 0400 | 0075 0d48 
  0x000001e1a3664a0c: 8386 8804 | 0000 01e9 | 6000 0000 | 483b 9690 | 0400 0075 | 0d48 8386 | 9804 0000 | 01e9 4a00 
  0x000001e1a3664a2c: 0000 4883 | be80 0400 | 0000 7517 | 4889 9680 | 0400 0048 | c786 8804 | 0000 0100 | 0000 e929 
  0x000001e1a3664a4c: 0000 0048 | 83be 9004 | 0000 0075 | 1748 8996 | 9004 0000 | 48c7 8698 | 0400 0001 | 0000 00e9 
  0x000001e1a3664a6c: 0800 0000 | 4883 8678 | 0400 0001 | 410f be50 | 1083 e201 | 8954 247c | 488b 7424 

  0x000001e1a3664a88: ;   {metadata(method data for {method} {0x000001e1b7815300} 'fire' '(Lcom/badlogic/gdx/scenes/scene2d/Event;)Z' in 'com/badlogic/gdx/scenes/scene2d/Actor')}
  0x000001e1a3664a88: 5048 bf28 | d2d9 b7e1 | 0100 008b | 7608 41ba | 0000 0029 | 4903 f248 | 3bb7 b004 | 0000 750d 
  0x000001e1a3664aa8: 4883 87b8 | 0400 0001 | e960 0000 | 0048 3bb7 | c004 0000 | 750d 4883 | 87c8 0400 | 0001 e94a 
  0x000001e1a3664ac8: 0000 0048 | 83bf b004 | 0000 0075 | 1748 89b7 | b004 0000 | 48c7 87b8 | 0400 0001 | 0000 00e9 
  0x000001e1a3664ae8: 2900 0000 | 4883 bfc0 | 0400 0000 | 7517 4889 | b7c0 0400 | 0048 c787 | c804 0000 | 0100 0000 
  0x000001e1a3664b08: e908 0000 | 0048 8387 | a804 0000 | 0148 8b54 | 2450 6666 | 9048 b8f0 | 0fc5 d5e1 

  0x000001e1a3664b24: ;   {virtual_call}
  0x000001e1a3664b24: 0100 00e8 

  0x000001e1a3664b28: ; ImmutableOopMap {[80]=Oop }
                      ;*invokevirtual clear {reexecute=0 rethrow=0 return_oop=0}
                      ; - com.badlogic.gdx.scenes.scene2d.Actor::fire@145 (line 169)
  0x000001e1a3664b28: b4a5 0307 

  0x000001e1a3664b2c: ;   {post_call_nop}
  0x000001e1a3664b2c: 0f1f 8400 | 2418 0011 

  0x000001e1a3664b34: ;   {oop(a 'java/lang/Class'{0x000000008421b190} = 'com/badlogic/gdx/scenes/scene2d/Actor')}
  0x000001e1a3664b34: 49b8 90b1 | 2184 0000 | 0000 418b | 5078 483b | 024c 8bc2 

  0x000001e1a3664b48: ;   {metadata(method data for {method} {0x000001e1b7815300} 'fire' '(Lcom/badlogic/gdx/scenes/scene2d/Event;)Z' in 'com/badlogic/gdx/scenes/scene2d/Actor')}
  0x000001e1a3664b48: 48be 28d2 | d9b7 e101 

  0x000001e1a3664b50: ;   {metadata('com/badlogic/gdx/utils/PoolManager')}
  0x000001e1a3664b50: 0000 49ba | e0d8 082a | 0000 0000 | 4c89 96e0 | 0400 0048 | 8386 e804 | 0000 014c | 8b44 2450 
  0x000001e1a3664b70: 0f1f 8000 

  0x000001e1a3664b74: ;   {optimized virtual_call}
  0x000001e1a3664b74: 0000 00e8 

  0x000001e1a3664b78: ; ImmutableOopMap {}
                      ;*invokevirtual free {reexecute=0 rethrow=0 return_oop=0}
                      ; - com.badlogic.gdx.scenes.scene2d.Actor::fire@152 (line 170)
  0x000001e1a3664b78: 64a2 0307 

  0x000001e1a3664b7c: ;   {post_call_nop}
  0x000001e1a3664b7c: 0f1f 8400 | 7418 0012 | 8b54 247c | 83e2 0148 | 8bc2 4881 | c4a0 0000 

  0x000001e1a3664b94: ;   {poll_return}
  0x000001e1a3664b94: 005d 493b | 6728 0f87 | bc04 0000 | c349 8bd0 

  0x000001e1a3664ba4: ;   {metadata(method data for {method} {0x000001e1b7815300} 'fire' '(Lcom/badlogic/gdx/scenes/scene2d/Event;)Z' in 'com/badlogic/gdx/scenes/scene2d/Actor')}
  0x000001e1a3664ba4: 48be 28d2 | d9b7 e101 | 0000 8b52 | 0841 ba00 | 0000 2949 | 03d2 483b | 9658 0300 | 0075 0d48 
  0x000001e1a3664bc4: 8386 6003 | 0000 01e9 | 6000 0000 | 483b 9668 | 0300 0075 | 0d48 8386 | 7003 0000 | 01e9 4a00 
  0x000001e1a3664be4: 0000 4883 | be58 0300 | 0000 7517 | 4889 9658 | 0300 0048 | c786 6003 | 0000 0100 | 0000 e929 
  0x000001e1a3664c04: 0000 0048 | 83be 6803 | 0000 0075 | 1748 8996 | 6803 0000 | 48c7 8670 | 0300 0001 | 0000 00e9 
  0x000001e1a3664c24: 0800 0000 | 4883 8650 | 0300 0001 | 410f be50 | 1083 e201 | 8994 2480 | 0000 0048 | 8b74 2450 
  0x000001e1a3664c44: ;   {metadata(method data for {method} {0x000001e1b7815300} 'fire' '(Lcom/badlogic/gdx/scenes/scene2d/Event;)Z' in 'com/badlogic/gdx/scenes/scene2d/Actor')}
  0x000001e1a3664c44: 48bf 28d2 | d9b7 e101 | 0000 8b76 | 0841 ba00 | 0000 2949 | 03f2 483b | b788 0300 | 0075 0d48 
  0x000001e1a3664c64: 8387 9003 | 0000 01e9 | 6000 0000 | 483b b798 | 0300 0075 | 0d48 8387 | a003 0000 | 01e9 4a00 
  0x000001e1a3664c84: 0000 4883 | bf88 0300 | 0000 7517 | 4889 b788 | 0300 0048 | c787 9003 | 0000 0100 | 0000 e929 
  0x000001e1a3664ca4: 0000 0048 | 83bf 9803 | 0000 0075 | 1748 89b7 | 9803 0000 | 48c7 87a0 | 0300 0001 | 0000 00e9 
  0x000001e1a3664cc4: 0800 0000 | 4883 8780 | 0300 0001 | 488b 5424 | 5048 b818 | 10c5 d5e1 

  0x000001e1a3664cdc: ;   {virtual_call}
  0x000001e1a3664cdc: 0100 00e8 

  0x000001e1a3664ce0: ; ImmutableOopMap {[80]=Oop }
                      ;*invokevirtual clear {reexecute=0 rethrow=0 return_oop=0}
                      ; - com.badlogic.gdx.scenes.scene2d.Actor::fire@105 (line 169)
  0x000001e1a3664ce0: fca3 0307 

  0x000001e1a3664ce4: ;   {post_call_nop}
  0x000001e1a3664ce4: 0f1f 8400 | dc19 0013 

  0x000001e1a3664cec: ;   {oop(a 'java/lang/Class'{0x000000008421b190} = 'com/badlogic/gdx/scenes/scene2d/Actor')}
  0x000001e1a3664cec: 49b8 90b1 | 2184 0000 | 0000 418b | 5078 483b | 024c 8bc2 

  0x000001e1a3664d00: ;   {metadata(method data for {method} {0x000001e1b7815300} 'fire' '(Lcom/badlogic/gdx/scenes/scene2d/Event;)Z' in 'com/badlogic/gdx/scenes/scene2d/Actor')}
  0x000001e1a3664d00: 48be 28d2 | d9b7 e101 

  0x000001e1a3664d08: ;   {metadata('com/badlogic/gdx/utils/PoolManager')}
  0x000001e1a3664d08: 0000 49ba | e0d8 082a | 0000 0000 | 4c89 96b8 | 0300 0048 | 8386 c003 | 0000 014c | 8b44 2450 
  0x000001e1a3664d28: 0f1f 8000 

  0x000001e1a3664d2c: ;   {optimized virtual_call}
  0x000001e1a3664d2c: 0000 00e8 

  0x000001e1a3664d30: ; ImmutableOopMap {}
                      ;*invokevirtual free {reexecute=0 rethrow=0 return_oop=0}
                      ; - com.badlogic.gdx.scenes.scene2d.Actor::fire@112 (line 170)
  0x000001e1a3664d30: aca0 0307 

  0x000001e1a3664d34: ;   {post_call_nop}
  0x000001e1a3664d34: 0f1f 8400 | 2c1a 0014 | 8b94 2480 | 0000 0083 | e201 488b | c248 81c4 | a000 0000 

  0x000001e1a3664d50: ;   {poll_return}
  0x000001e1a3664d50: 5d49 3b67 | 280f 871c | 0300 00c3 | 498b 8788 | 0500 004d | 33d2 4d89 | 9788 0500 | 004d 33d2 
  0x000001e1a3664d70: 4d89 9790 | 0500 0048 | 8984 2488 | 0000 0048 | 8b74 2450 

  0x000001e1a3664d84: ; implicit exception: dispatches to 0x000001e1a366508d
  0x000001e1a3664d84: 483b 0648 

  0x000001e1a3664d88: ;   {metadata(method data for {method} {0x000001e1b7815300} 'fire' '(Lcom/badlogic/gdx/scenes/scene2d/Event;)Z' in 'com/badlogic/gdx/scenes/scene2d/Actor')}
  0x000001e1a3664d88: 8bd6 48bf | 28d2 d9b7 | e101 0000 | 8b52 0841 | ba00 0000 | 2949 03d2 | 483b 9708 | 0900 0075 
  0x000001e1a3664da8: 0d48 8387 | 1009 0000 | 01e9 6000 | 0000 483b | 9718 0900 | 0075 0d48 | 8387 2009 | 0000 01e9 
  0x000001e1a3664dc8: 4a00 0000 | 4883 bf08 | 0900 0000 | 7517 4889 | 9708 0900 | 0048 c787 | 1009 0000 | 0100 0000 
  0x000001e1a3664de8: e929 0000 | 0048 83bf | 1809 0000 | 0075 1748 | 8997 1809 | 0000 48c7 | 8720 0900 | 0001 0000 
  0x000001e1a3664e08: 00e9 0800 | 0000 4883 | 8700 0900 | 0001 488b | d60f 1f40 | 0048 b840 | 10c5 d5e1 

  0x000001e1a3664e24: ;   {virtual_call}
  0x000001e1a3664e24: 0100 00e8 

  0x000001e1a3664e28: ; ImmutableOopMap {[80]=Oop [136]=Oop }
                      ;*invokevirtual clear {reexecute=0 rethrow=0 return_oop=0}
                      ; - com.badlogic.gdx.scenes.scene2d.Actor::fire@305 (line 169)
  0x000001e1a3664e28: b4a2 0307 

  0x000001e1a3664e2c: ;   {post_call_nop}
  0x000001e1a3664e2c: 0f1f 8400 | 241b 0015 

  0x000001e1a3664e34: ;   {oop(a 'java/lang/Class'{0x000000008421b190} = 'com/badlogic/gdx/scenes/scene2d/Actor')}
  0x000001e1a3664e34: 49b8 90b1 | 2184 0000 | 0000 418b | 5078 483b | 024c 8bc2 

  0x000001e1a3664e48: ;   {metadata(method data for {method} {0x000001e1b7815300} 'fire' '(Lcom/badlogic/gdx/scenes/scene2d/Event;)Z' in 'com/badlogic/gdx/scenes/scene2d/Actor')}
  0x000001e1a3664e48: 48be 28d2 | d9b7 e101 

  0x000001e1a3664e50: ;   {metadata('com/badlogic/gdx/utils/PoolManager')}
  0x000001e1a3664e50: 0000 49ba | e0d8 082a | 0000 0000 | 4c89 9638 | 0900 0048 | 8386 4009 | 0000 014c | 8b44 2450 
  0x000001e1a3664e70: 0f1f 8000 

  0x000001e1a3664e74: ;   {optimized virtual_call}
  0x000001e1a3664e74: 0000 00e8 

  0x000001e1a3664e78: ; ImmutableOopMap {[136]=Oop }
                      ;*invokevirtual free {reexecute=0 rethrow=0 return_oop=0}
                      ; - com.badlogic.gdx.scenes.scene2d.Actor::fire@312 (line 170)
  0x000001e1a3664e78: 649f 0307 

  0x000001e1a3664e7c: ;   {post_call_nop}
  0x000001e1a3664e7c: 0f1f 8400 | 741b 0016 | 488b 8424 | 8800 0000 | e923 0200 

  0x000001e1a3664e90: ;   {metadata({method} {0x000001e1b7815300} 'fire' '(Lcom/badlogic/gdx/scenes/scene2d/Event;)Z' in 'com/badlogic/gdx/scenes/scene2d/Actor')}
  0x000001e1a3664e90: 0049 baf8 | 5281 b7e1 | 0100 004c | 8954 2408 | 48c7 0424 | ffff ffff 

  0x000001e1a3664ea8: ;   {runtime_call C1 Runtime counter_overflow_blob}
  0x000001e1a3664ea8: e8b3 8910 

  0x000001e1a3664eac: ; ImmutableOopMap {rdx=Oop r8=Oop [56]=Oop [64]=Oop }
                      ;*synchronization entry
                      ; - com.badlogic.gdx.scenes.scene2d.Actor::fire@-1 (line 132)
  0x000001e1a3664eac: 07e9 bee5 

  0x000001e1a3664eb0: ;   {runtime_call C1 Runtime throw_null_pointer_exception_blob}
  0x000001e1a3664eb0: ffff e8a9 

  0x000001e1a3664eb4: ; ImmutableOopMap {rdx=Oop r8=Oop [56]=Oop [64]=Oop }
                      ;*invokevirtual getStage {reexecute=0 rethrow=0 return_oop=0}
                      ; - com.badlogic.gdx.scenes.scene2d.Actor::fire@1 (line 132)
  0x000001e1a3664eb4: 2d10 0741 | 8b78 1448 | 83ff 000f | 849a e7ff | ff48 893c 

  0x000001e1a3664ec8: ;   {runtime_call g1_pre_barrier_slow}
  0x000001e1a3664ec8: 24e8 928f | 1007 e98c | e7ff ff48 | 83fe 000f | 849d e7ff | ff4c 8904 

  0x000001e1a3664ee0: ;   {runtime_call g1_post_barrier_slow}
  0x000001e1a3664ee0: 24e8 7a96 | 1007 e98f | e7ff ff41 | 8b70 1848 | 83fe 000f | 841d e8ff | ff48 8934 

  0x000001e1a3664efc: ;   {runtime_call g1_pre_barrier_slow}
  0x000001e1a3664efc: 24e8 5e8f | 1007 e90f | e8ff ff48 | 83fa 000f | 8420 e8ff | ff4c 8904 

  0x000001e1a3664f14: ;   {runtime_call g1_post_barrier_slow}
  0x000001e1a3664f14: 24e8 4696 | 1007 e912 

  0x000001e1a3664f1c: ;   {runtime_call C1 Runtime throw_null_pointer_exception_blob}
  0x000001e1a3664f1c: e8ff ffe8 

  0x000001e1a3664f20: ; ImmutableOopMap {rdx=Oop r8=Oop rsi=Oop [56]=Oop [64]=Oop }
                      ;*invokevirtual obtain {reexecute=0 rethrow=0 return_oop=0}
                      ; - com.badlogic.gdx.scenes.scene2d.Actor::fire@25 (line 136)
  0x000001e1a3664f20: 3c2d 1007 | 4889 0424 

  0x000001e1a3664f28: ;   {runtime_call C1 Runtime throw_class_cast_exception_blob}
  0x000001e1a3664f28: e833 5110 

  0x000001e1a3664f2c: ; ImmutableOopMap {[56]=Oop [64]=Oop }
                      ;*checkcast {reexecute=0 rethrow=0 return_oop=0}
                      ; - com.badlogic.gdx.scenes.scene2d.Actor::fire@28 (line 136)
                      ;   {runtime_call C1 Runtime throw_null_pointer_exception_blob}
  0x000001e1a3664f2c: 07e8 2e2d 

  0x000001e1a3664f30: ; ImmutableOopMap {rsi=Oop r8=Oop [56]=Oop [64]=Oop [80]=Oop }
                      ;*invokevirtual add {reexecute=0 rethrow=0 return_oop=0}
                      ; - com.badlogic.gdx.scenes.scene2d.Actor::fire@43 (line 139)
                      ;   {runtime_call C1 Runtime throw_null_pointer_exception_blob}
  0x000001e1a3664f30: 1007 e829 

  0x000001e1a3664f34: ; ImmutableOopMap {[56]=Oop [64]=Oop [80]=Oop }
                      ;*getfield parent {reexecute=1 rethrow=0 return_oop=0}
                      ; - (reexecute) com.badlogic.gdx.scenes.scene2d.Actor::fire@47 (line 140)
                      ;   {metadata({method} {0x000001e1b7815300} 'fire' '(Lcom/badlogic/gdx/scenes/scene2d/Event;)Z' in 'com/badlogic/gdx/scenes/scene2d/Actor')}
  0x000001e1a3664f34: 2d10 0749 | baf8 5281 | b7e1 0100 | 004c 8954 | 2408 48c7 | 0424 3300 

  0x000001e1a3664f4c: ;   {runtime_call C1 Runtime counter_overflow_blob}
  0x000001e1a3664f4c: 0000 e80d 

  0x000001e1a3664f50: ; ImmutableOopMap {r8=Oop [56]=Oop [64]=Oop [80]=Oop }
                      ;*goto {reexecute=1 rethrow=0 return_oop=0}
                      ; - (reexecute) com.badlogic.gdx.scenes.scene2d.Actor::fire@51 (line 140)
  0x000001e1a3664f50: 8910 07e9 | dee9 ffff 

  0x000001e1a3664f58: ;   {runtime_call C1 Runtime throw_null_pointer_exception_blob}
  0x000001e1a3664f58: e803 2d10 

  0x000001e1a3664f5c: ; ImmutableOopMap {rsi=Oop [56]=Oop [64]=Oop [80]=Oop }
                      ;*getfield items {reexecute=1 rethrow=0 return_oop=0}
                      ; - (reexecute) com.badlogic.gdx.scenes.scene2d.Actor::fire@55 (line 145)
                      ;   {runtime_call C1 Runtime throw_null_pointer_exception_blob}
  0x000001e1a3664f5c: 07e8 fe2c 

  0x000001e1a3664f60: ; ImmutableOopMap {rdi=Oop rsi=Oop [56]=Oop [64]=Oop [80]=Oop [96]=Oop }
                      ;*aaload {reexecute=0 rethrow=0 return_oop=0}
                      ; - com.badlogic.gdx.scenes.scene2d.Actor::fire@77 (line 147)
                      ;   {runtime_call C1 Runtime throw_null_pointer_exception_blob}
  0x000001e1a3664f60: 1007 e8f9 

  0x000001e1a3664f64: ; ImmutableOopMap {rdi=Oop rsi=Oop [56]=Oop [64]=Oop [80]=Oop [96]=Oop }
                      ;*aaload {reexecute=0 rethrow=0 return_oop=0}
                      ; - com.badlogic.gdx.scenes.scene2d.Actor::fire@77 (line 147)
  0x000001e1a3664f64: 2c10 074c | 8904 2448 | 897c 2408 

  0x000001e1a3664f70: ;   {runtime_call C1 Runtime throw_range_check_failed_blob}
  0x000001e1a3664f70: e8eb 1c10 

  0x000001e1a3664f74: ; ImmutableOopMap {rdi=Oop rsi=Oop [56]=Oop [64]=Oop [80]=Oop [96]=Oop }
                      ;*aaload {reexecute=0 rethrow=0 return_oop=0}
                      ; - com.badlogic.gdx.scenes.scene2d.Actor::fire@77 (line 147)
  0x000001e1a3664f74: 074c 890c 

  0x000001e1a3664f78: ;   {runtime_call C1 Runtime throw_class_cast_exception_blob}
  0x000001e1a3664f78: 24e8 e250 

  0x000001e1a3664f7c: ; ImmutableOopMap {rdi=Oop rsi=Oop [56]=Oop [64]=Oop [80]=Oop [96]=Oop }
                      ;*checkcast {reexecute=0 rethrow=0 return_oop=0}
                      ; - com.badlogic.gdx.scenes.scene2d.Actor::fire@78 (line 147)
                      ;   {runtime_call C1 Runtime throw_null_pointer_exception_blob}
  0x000001e1a3664f7c: 1007 e8dd 

  0x000001e1a3664f80: ; ImmutableOopMap {rdi=Oop rsi=Oop rdx=Oop [56]=Oop [64]=Oop [80]=Oop [96]=Oop }
                      ;*invokevirtual notify {reexecute=0 rethrow=0 return_oop=0}
                      ; - com.badlogic.gdx.scenes.scene2d.Actor::fire@87 (line 148)
                      ;   {metadata({method} {0x000001e1b7815300} 'fire' '(Lcom/badlogic/gdx/scenes/scene2d/Event;)Z' in 'com/badlogic/gdx/scenes/scene2d/Actor')}
  0x000001e1a3664f80: 2c10 0749 | baf8 5281 | b7e1 0100 | 004c 8954 | 2408 48c7 | 0424 7900 

  0x000001e1a3664f98: ;   {runtime_call C1 Runtime counter_overflow_blob}
  0x000001e1a3664f98: 0000 e8c1 

  0x000001e1a3664f9c: ; ImmutableOopMap {r8=Oop [56]=Oop [64]=Oop [80]=Oop [96]=Oop }
                      ;*goto {reexecute=1 rethrow=0 return_oop=0}
                      ; - (reexecute) com.badlogic.gdx.scenes.scene2d.Actor::fire@121 (line 146)
  0x000001e1a3664f9c: 8810 07e9 | 7aec ffff 

  0x000001e1a3664fa4: ;   {runtime_call C1 Runtime throw_null_pointer_exception_blob}
  0x000001e1a3664fa4: e8b7 2c10 

  0x000001e1a3664fa8: ; ImmutableOopMap {r8=Oop rsi=Oop [64]=Oop [80]=Oop [96]=Oop }
                      ;*aaload {reexecute=0 rethrow=0 return_oop=0}
                      ; - com.badlogic.gdx.scenes.scene2d.Actor::fire@239 (line 163)
                      ;   {runtime_call C1 Runtime throw_null_pointer_exception_blob}
  0x000001e1a3664fa8: 07e8 b22c 

  0x000001e1a3664fac: ; ImmutableOopMap {r8=Oop rsi=Oop [64]=Oop [80]=Oop [96]=Oop }
                      ;*aaload {reexecute=0 rethrow=0 return_oop=0}
                      ; - com.badlogic.gdx.scenes.scene2d.Actor::fire@239 (line 163)
  0x000001e1a3664fac: 1007 4889 | 1c24 4889 

  0x000001e1a3664fb4: ;   {runtime_call C1 Runtime throw_range_check_failed_blob}
  0x000001e1a3664fb4: 7424 08e8 

  0x000001e1a3664fb8: ; ImmutableOopMap {r8=Oop rsi=Oop [64]=Oop [80]=Oop [96]=Oop }
                      ;*aaload {reexecute=0 rethrow=0 return_oop=0}
                      ; - com.badlogic.gdx.scenes.scene2d.Actor::fire@239 (line 163)
  0x000001e1a3664fb8: a41c 1007 | 4c89 0c24 

  0x000001e1a3664fc0: ;   {runtime_call C1 Runtime throw_class_cast_exception_blob}
  0x000001e1a3664fc0: e89b 5010 

  0x000001e1a3664fc4: ; ImmutableOopMap {r8=Oop rsi=Oop [64]=Oop [80]=Oop [96]=Oop }
                      ;*checkcast {reexecute=0 rethrow=0 return_oop=0}
                      ; - com.badlogic.gdx.scenes.scene2d.Actor::fire@240 (line 163)
                      ;   {runtime_call C1 Runtime throw_null_pointer_exception_blob}
  0x000001e1a3664fc4: 07e8 962c 

  0x000001e1a3664fc8: ; ImmutableOopMap {r8=Oop rsi=Oop rdx=Oop [64]=Oop [80]=Oop [96]=Oop }
                      ;*invokevirtual notify {reexecute=0 rethrow=0 return_oop=0}
                      ; - com.badlogic.gdx.scenes.scene2d.Actor::fire@245 (line 163)
                      ;   {metadata({method} {0x000001e1b7815300} 'fire' '(Lcom/badlogic/gdx/scenes/scene2d/Event;)Z' in 'com/badlogic/gdx/scenes/scene2d/Actor')}
  0x000001e1a3664fc8: 1007 49ba | f852 81b7 | e101 0000 | 4c89 5424 | 0848 c704 | 2417 0100 

  0x000001e1a3664fe0: ;   {runtime_call C1 Runtime counter_overflow_blob}
  0x000001e1a3664fe0: 00e8 7a88 

  0x000001e1a3664fe4: ; ImmutableOopMap {r8=Oop [64]=Oop [80]=Oop [96]=Oop }
                      ;*goto {reexecute=1 rethrow=0 return_oop=0}
                      ; - (reexecute) com.badlogic.gdx.scenes.scene2d.Actor::fire@279 (line 162)
  0x000001e1a3664fe4: 1007 e9e7 

  0x000001e1a3664fe8: ;   {runtime_call C1 Runtime throw_null_pointer_exception_blob}
  0x000001e1a3664fe8: f2ff ffe8 

  0x000001e1a3664fec: ; ImmutableOopMap {rdx=Oop [80]=Oop }
                      ;*invokevirtual free {reexecute=0 rethrow=0 return_oop=0}
                      ; - com.badlogic.gdx.scenes.scene2d.Actor::fire@270 (line 170)
  0x000001e1a3664fec: 702c 1007 

  0x000001e1a3664ff0: ;   {internal_word}
  0x000001e1a3664ff0: 49ba ce44 | 66a3 e101 | 0000 4d89 | 97e0 0400 

  0x000001e1a3665000: ;   {runtime_call SafepointBlob}
  0x000001e1a3665000: 00e9 5abf 

  0x000001e1a3665004: ;   {runtime_call C1 Runtime throw_null_pointer_exception_blob}
  0x000001e1a3665004: 0307 e855 

  0x000001e1a3665008: ; ImmutableOopMap {rdx=Oop [80]=Oop }
                      ;*invokevirtual free {reexecute=0 rethrow=0 return_oop=0}
                      ; - com.badlogic.gdx.scenes.scene2d.Actor::fire@296 (line 170)
                      ;   {internal_word}
  0x000001e1a3665008: 2c10 0749 | ba6e 4666 | a3e1 0100 | 004d 8997 | e004 0000 

  0x000001e1a366501c: ;   {runtime_call SafepointBlob}
  0x000001e1a366501c: e93f bf03 

  0x000001e1a3665020: ;   {runtime_call C1 Runtime throw_null_pointer_exception_blob}
  0x000001e1a3665020: 07e8 3a2c 

  0x000001e1a3665024: ; ImmutableOopMap {rdx=Oop [80]=Oop }
                      ;*invokevirtual free {reexecute=0 rethrow=0 return_oop=0}
                      ; - com.badlogic.gdx.scenes.scene2d.Actor::fire@213 (line 170)
                      ;   {internal_word}
  0x000001e1a3665024: 1007 49ba | 2648 66a3 | e101 0000 | 4d89 97e0 

  0x000001e1a3665034: ;   {runtime_call SafepointBlob}
  0x000001e1a3665034: 0400 00e9 | 24bf 0307 

  0x000001e1a366503c: ;   {runtime_call C1 Runtime throw_null_pointer_exception_blob}
  0x000001e1a366503c: e81f 2c10 

  0x000001e1a3665040: ; ImmutableOopMap {rdx=Oop [80]=Oop }
                      ;*invokevirtual free {reexecute=0 rethrow=0 return_oop=0}
                      ; - com.badlogic.gdx.scenes.scene2d.Actor::fire@186 (line 170)
                      ;   {internal_word}
  0x000001e1a3665040: 0749 bade | 4966 a3e1 | 0100 004d | 8997 e004 

  0x000001e1a3665050: ;   {runtime_call SafepointBlob}
  0x000001e1a3665050: 0000 e909 

  0x000001e1a3665054: ;   {runtime_call C1 Runtime throw_null_pointer_exception_blob}
  0x000001e1a3665054: bf03 07e8 

  0x000001e1a3665058: ; ImmutableOopMap {rdx=Oop [80]=Oop }
                      ;*invokevirtual free {reexecute=0 rethrow=0 return_oop=0}
                      ; - com.badlogic.gdx.scenes.scene2d.Actor::fire@152 (line 170)
  0x000001e1a3665058: 042c 1007 

  0x000001e1a366505c: ;   {internal_word}
  0x000001e1a366505c: 49ba 964b | 66a3 e101 | 0000 4d89 | 97e0 0400 

  0x000001e1a366506c: ;   {runtime_call SafepointBlob}
  0x000001e1a366506c: 00e9 eebe 

  0x000001e1a3665070: ;   {runtime_call C1 Runtime throw_null_pointer_exception_blob}
  0x000001e1a3665070: 0307 e8e9 

  0x000001e1a3665074: ; ImmutableOopMap {rdx=Oop [80]=Oop }
                      ;*invokevirtual free {reexecute=0 rethrow=0 return_oop=0}
                      ; - com.badlogic.gdx.scenes.scene2d.Actor::fire@112 (line 170)
                      ;   {internal_word}
  0x000001e1a3665074: 2b10 0749 | ba51 4d66 | a3e1 0100 | 004d 8997 | e004 0000 

  0x000001e1a3665088: ;   {runtime_call SafepointBlob}
  0x000001e1a3665088: e9d3 be03 

  0x000001e1a366508c: ;   {runtime_call C1 Runtime throw_null_pointer_exception_blob}
  0x000001e1a366508c: 07e8 ce2b 

  0x000001e1a3665090: ; ImmutableOopMap {rsi=Oop [80]=Oop [136]=Oop }
                      ;*invokevirtual clear {reexecute=0 rethrow=0 return_oop=0}
                      ; - com.badlogic.gdx.scenes.scene2d.Actor::fire@305 (line 169)
                      ;   {runtime_call C1 Runtime throw_null_pointer_exception_blob}
  0x000001e1a3665090: 1007 e8c9 

  0x000001e1a3665094: ; ImmutableOopMap {rdx=Oop [80]=Oop [136]=Oop }
                      ;*invokevirtual free {reexecute=0 rethrow=0 return_oop=0}
                      ; - com.badlogic.gdx.scenes.scene2d.Actor::fire@312 (line 170)
  0x000001e1a3665094: 2b10 0749 | 8b87 8805 | 0000 49c7 | 8788 0500 | 0000 0000 | 0049 c787 | 9005 0000 | 0000 0000 
  0x000001e1a36650b4: 4881 c4a0 | 0000 005d 

  0x000001e1a36650bc: ;   {runtime_call C1 Runtime unwind_exception_blob}
  0x000001e1a36650bc: e99f 1510 | 07f4 f4f4 | f4f4 f4f4 
[Stub Code]
  0x000001e1a36650c8: ;   {other}
  0x000001e1a36650c8: 0f1f 4400 

  0x000001e1a36650cc: ;   {static_stub}
  0x000001e1a36650cc: 0048 bb00 | 0000 0000 

  0x000001e1a36650d4: ;   {runtime_call nmethod}
  0x000001e1a36650d4: 0000 00e9 | fbff ffff 

  0x000001e1a36650dc: ;   {static_stub}
  0x000001e1a36650dc: 9048 bb00 | 0000 0000 

  0x000001e1a36650e4: ;   {runtime_call nmethod}
  0x000001e1a36650e4: 0000 00e9 | fbff ffff 

  0x000001e1a36650ec: ;   {static_stub}
  0x000001e1a36650ec: 9048 bb00 | 0000 0000 

  0x000001e1a36650f4: ;   {runtime_call nmethod}
  0x000001e1a36650f4: 0000 00e9 | fbff ffff 

  0x000001e1a36650fc: ;   {static_stub}
  0x000001e1a36650fc: 9048 bb00 | 0000 0000 

  0x000001e1a3665104: ;   {runtime_call nmethod}
  0x000001e1a3665104: 0000 00e9 | fbff ffff 

  0x000001e1a366510c: ;   {static_stub}
  0x000001e1a366510c: 9048 bb00 | 0000 0000 

  0x000001e1a3665114: ;   {runtime_call nmethod}
  0x000001e1a3665114: 0000 00e9 | fbff ffff 

  0x000001e1a366511c: ;   {static_stub}
  0x000001e1a366511c: 9048 bb00 | 0000 0000 

  0x000001e1a3665124: ;   {runtime_call nmethod}
  0x000001e1a3665124: 0000 00e9 | fbff ffff 

  0x000001e1a366512c: ;   {static_stub}
  0x000001e1a366512c: 9048 bb00 | 0000 0000 

  0x000001e1a3665134: ;   {runtime_call nmethod}
  0x000001e1a3665134: 0000 00e9 | fbff ffff 

  0x000001e1a366513c: ;   {static_stub}
  0x000001e1a366513c: 9048 bb00 | 0000 0000 

  0x000001e1a3665144: ;   {runtime_call nmethod}
  0x000001e1a3665144: 0000 00e9 | fbff ffff 

  0x000001e1a366514c: ;   {static_stub}
  0x000001e1a366514c: 9048 bb00 | 0000 0000 

  0x000001e1a3665154: ;   {runtime_call nmethod}
  0x000001e1a3665154: 0000 00e9 | fbff ffff 

  0x000001e1a366515c: ;   {static_stub}
  0x000001e1a366515c: 9048 bb00 | 0000 0000 

  0x000001e1a3665164: ;   {runtime_call nmethod}
  0x000001e1a3665164: 0000 00e9 | fbff ffff 

  0x000001e1a366516c: ;   {static_stub}
  0x000001e1a366516c: 9048 bb00 | 0000 0000 

  0x000001e1a3665174: ;   {runtime_call nmethod}
  0x000001e1a3665174: 0000 00e9 | fbff ffff 

  0x000001e1a366517c: ;   {static_stub}
  0x000001e1a366517c: 9048 bb00 | 0000 0000 

  0x000001e1a3665184: ;   {runtime_call nmethod}
  0x000001e1a3665184: 0000 00e9 | fbff ffff 

  0x000001e1a366518c: ;   {static_stub}
  0x000001e1a366518c: 9048 bb00 | 0000 0000 

  0x000001e1a3665194: ;   {runtime_call nmethod}
  0x000001e1a3665194: 0000 00e9 | fbff ffff 

  0x000001e1a366519c: ;   {static_stub}
  0x000001e1a366519c: 9048 bb00 | 0000 0000 

  0x000001e1a36651a4: ;   {runtime_call nmethod}
  0x000001e1a36651a4: 0000 00e9 | fbff ffff 

  0x000001e1a36651ac: ;   {static_stub}
  0x000001e1a36651ac: 9048 bb00 | 0000 0000 

  0x000001e1a36651b4: ;   {runtime_call nmethod}
  0x000001e1a36651b4: 0000 00e9 | fbff ffff 

  0x000001e1a36651bc: ;   {static_stub}
  0x000001e1a36651bc: 9048 bb00 | 0000 0000 

  0x000001e1a36651c4: ;   {runtime_call nmethod}
  0x000001e1a36651c4: 0000 00e9 | fbff ffff 

  0x000001e1a36651cc: ;   {static_stub}
  0x000001e1a36651cc: 9048 bb00 | 0000 0000 

  0x000001e1a36651d4: ;   {runtime_call nmethod}
  0x000001e1a36651d4: 0000 00e9 | fbff ffff 

  0x000001e1a36651dc: ;   {static_stub}
  0x000001e1a36651dc: 9048 bb00 | 0000 0000 

  0x000001e1a36651e4: ;   {runtime_call nmethod}
  0x000001e1a36651e4: 0000 00e9 | fbff ffff 

  0x000001e1a36651ec: ;   {static_stub}
  0x000001e1a36651ec: 9048 bb00 | 0000 0000 

  0x000001e1a36651f4: ;   {runtime_call nmethod}
  0x000001e1a36651f4: 0000 00e9 | fbff ffff 

  0x000001e1a36651fc: ;   {static_stub}
  0x000001e1a36651fc: 9048 bb00 | 0000 0000 

  0x000001e1a3665204: ;   {runtime_call nmethod}
  0x000001e1a3665204: 0000 00e9 | fbff ffff 
[Exception Handler]
  0x000001e1a366520c: ;   {runtime_call C1 Runtime handle_exception_from_callee_blob}
  0x000001e1a366520c: e84f 4810 

  0x000001e1a3665210: ;   {external_word}
  0x000001e1a3665210: 0748 b928 | 08e0 f1fa | 7f00 0048 

  0x000001e1a366521c: ;   {runtime_call}
  0x000001e1a366521c: 83e4 f048 | b850 8ca3 | f1fa 7f00 | 00ff d0f4 
[Deopt Handler Code]
  0x000001e1a366522c: ;   {section_word}
  0x000001e1a366522c: 49ba 2c52 | 66a3 e101 | 0000 4152 

  0x000001e1a3665238: ;   {runtime_call DeoptimizationBlob}
  0x000001e1a3665238: e923 c003 | 07f4 f4f4 
[/MachCode]


---------------  P R O C E S S  ---------------

Threads class SMR info:
_java_thread_list=0x000001e1d5c0dba0, length=15, elements={
0x000001e19a8a5e70, 0x000001e1b6e8f4e0, 0x000001e1b6e900a0, 0x000001e1b6e93710,
0x000001e1b6e942d0, 0x000001e1b6e94e90, 0x000001e1b6e9a080, 0x000001e1b6e9d390,
0x000001e1b6eaacf0, 0x000001e1bb167a30, 0x000001e1bb4dc220, 0x000001e1bb4dc9e0,
0x000001e1bc087380, 0x000001e1bca74e20, 0x000001e1bcab4d80
}

Java Threads: ( => current thread )
=>0x000001e19a8a5e70 JavaThread "main"                              [_thread_in_native, id=6368, stack(0x0000003a9ee00000,0x0000003a9ef00000) (1024K)]
  0x000001e1b6e8f4e0 JavaThread "Reference Handler"          daemon [_thread_blocked, id=8072, stack(0x0000003a9f600000,0x0000003a9f700000) (1024K)]
  0x000001e1b6e900a0 JavaThread "Finalizer"                  daemon [_thread_blocked, id=12784, stack(0x0000003a9f700000,0x0000003a9f800000) (1024K)]
  0x000001e1b6e93710 JavaThread "Signal Dispatcher"          daemon [_thread_blocked, id=9480, stack(0x0000003a9f800000,0x0000003a9f900000) (1024K)]
  0x000001e1b6e942d0 JavaThread "Attach Listener"            daemon [_thread_blocked, id=2548, stack(0x0000003a9f900000,0x0000003a9fa00000) (1024K)]
  0x000001e1b6e94e90 JavaThread "Service Thread"             daemon [_thread_blocked, id=3832, stack(0x0000003a9fa00000,0x0000003a9fb00000) (1024K)]
  0x000001e1b6e9a080 JavaThread "Monitor Deflation Thread"   daemon [_thread_blocked, id=3724, stack(0x0000003a9fb00000,0x0000003a9fc00000) (1024K)]
  0x000001e1b6e9d390 JavaThread "C2 CompilerThread0"         daemon [_thread_blocked, id=9932, stack(0x0000003a9fc00000,0x0000003a9fd00000) (1024K)]
  0x000001e1b6eaacf0 JavaThread "C1 CompilerThread0"         daemon [_thread_blocked, id=6204, stack(0x0000003a9fd00000,0x0000003a9fe00000) (1024K)]
  0x000001e1bb167a30 JavaThread "Common-Cleaner"             daemon [_thread_blocked, id=5724, stack(0x0000003a9fe00000,0x0000003a9ff00000) (1024K)]
  0x000001e1bb4dc220 JavaThread "Monitor Ctrl-Break"         daemon [_thread_in_native, id=13200, stack(0x0000003aa0000000,0x0000003aa0100000) (1024K)]
  0x000001e1bb4dc9e0 JavaThread "Notification Thread"        daemon [_thread_blocked, id=6260, stack(0x0000003aa0100000,0x0000003aa0200000) (1024K)]
  0x000001e1bc087380 JavaThread "Thread-0"                   daemon [_thread_blocked, id=3520, stack(0x0000003aa0800000,0x0000003aa0900000) (1024K)]
  0x000001e1bca74e20 JavaThread "LWJGL3 Timer"               daemon [_thread_blocked, id=14192, stack(0x0000003aa0f00000,0x0000003aa1000000) (1024K)]
  0x000001e1bcab4d80 JavaThread "Timer"                      daemon [_thread_blocked, id=4416, stack(0x0000003aa1000000,0x0000003aa1100000) (1024K)]
Total: 15

Other Threads:
  0x000001e1b6e7b690 VMThread "VM Thread"                           [id=7068, stack(0x0000003a9f500000,0x0000003a9f600000) (1024K)]
  0x000001e19a95eb50 WatcherThread "VM Periodic Task Thread"        [id=13408, stack(0x0000003a9f400000,0x0000003a9f500000) (1024K)]
  0x000001e19a8febf0 WorkerThread "GC Thread#0"                     [id=972, stack(0x0000003a9ef00000,0x0000003a9f000000) (1024K)]
  0x000001e1bc8f6ad0 WorkerThread "GC Thread#1"                     [id=6668, stack(0x0000003a9ff00000,0x0000003aa0000000) (1024K)]
  0x000001e1bc982500 WorkerThread "GC Thread#2"                     [id=5684, stack(0x0000003aa0c00000,0x0000003aa0d00000) (1024K)]
  0x000001e1bc948df0 WorkerThread "GC Thread#3"                     [id=276, stack(0x0000003aa0d00000,0x0000003aa0e00000) (1024K)]
  0x000001e19a918e90 ConcurrentGCThread "G1 Main Marker"            [id=13304, stack(0x0000003a9f000000,0x0000003a9f100000) (1024K)]
  0x000001e19a91a1d0 WorkerThread "G1 Conc#0"                       [id=9056, stack(0x0000003a9f100000,0x0000003a9f200000) (1024K)]
  0x000001e19a94e260 ConcurrentGCThread "G1 Refine#0"               [id=13940, stack(0x0000003a9f200000,0x0000003a9f300000) (1024K)]
  0x000001e19a94ee70 ConcurrentGCThread "G1 Service"                [id=6936, stack(0x0000003a9f300000,0x0000003a9f400000) (1024K)]
Total: 10

Threads with active compile tasks:
Total: 0

VM state: not at safepoint (normal execution)

VM Mutex/Monitor currently owned by a thread: None

Heap address: 0x0000000081400000, size: 2028 MB, Compressed Oops mode: 32-bit

CDS archive(s) mapped at: [0x0000000029000000-0x0000000029dd0000-0x0000000029dd0000), size 14483456, SharedBaseAddress: 0x0000000029000000, ArchiveRelocationMode: 1.
Compressed class space mapped at: 0x000000002a000000-0x000000006a000000, reserved size: 1073741824
UseCompressedClassPointers 1, UseCompactObjectHeaders 0
Narrow klass pointer bits 32, Max shift 3
Narrow klass base: 0x0000000029000000, Narrow klass shift: 0
Encoding Range: [0x0000000029000000 - 0x0000000129000000), (4294967296 bytes)
Klass Range:    [0x0000000029010000 - 0x000000006a000000), (1090453504 bytes)
Klass ID Range:  [65536 - 1090519033) (1090453497)
Protection zone: [0x0000000029000000 - 0x0000000029010000), (65536 bytes)

GC Precious Log:
 CardTable entry size: 512
 Card Set container configuration: InlinePtr #cards 5 size 8 Array Of Cards #cards 10 size 36 Howl #buckets 4 coarsen threshold 1843 Howl Bitmap #cards 512 size 80 coarsen threshold 460 Card regions per heap region 1 cards per card region 2048
 CPUs: 4 total, 4 available
 Memory: 8106M
 Large Page Support: Disabled
 NUMA Support: Disabled
 Compressed Oops: Enabled (32-bit)
 Heap Region Size: 1M
 Heap Min Capacity: 8M
 Heap Initial Capacity: 128M
 Heap Max Capacity: 2028M
 Pre-touch: Disabled
 Parallel Workers: 4
 Concurrent Workers: 1
 Concurrent Refinement Workers: 4
 Periodic GC: Disabled

Heap:
 garbage-first heap   total reserved 2076672K, committed 323584K, used 155283K [0x0000000081400000, 0x0000000100000000)
  region size 1024K, 28 young (28672K), 9 survivors (9216K)

Heap Regions: E=young(eden), S=young(survivor), O=old, HS=humongous(starts), HC=humongous(continues), CS=collection set, F=free, TAMS=top-at-mark-start, PB=parsable bottom
|   0|0x0000000081400000, 0x0000000081500000, 0x0000000081500000|100%|HS|  |TAMS 0x0000000081400000| PB 0x0000000081400000| Complete |  0
|   1|0x0000000081500000, 0x0000000081600000, 0x0000000081600000|100%|HC|  |TAMS 0x0000000081500000| PB 0x0000000081500000| Complete |  0
|   2|0x0000000081600000, 0x0000000081700000, 0x0000000081700000|100%|HS|  |TAMS 0x0000000081600000| PB 0x0000000081600000| Complete |  0
|   3|0x0000000081700000, 0x0000000081800000, 0x0000000081800000|100%|HC|  |TAMS 0x0000000081700000| PB 0x0000000081700000| Complete |  0
|   4|0x0000000081800000, 0x0000000081900000, 0x0000000081900000|100%|HC|  |TAMS 0x0000000081800000| PB 0x0000000081800000| Complete |  0
|   5|0x0000000081900000, 0x0000000081a00000, 0x0000000081a00000|100%|HS|  |TAMS 0x0000000081900000| PB 0x0000000081900000| Complete |  0
|   6|0x0000000081a00000, 0x0000000081b00000, 0x0000000081b00000|100%|HC|  |TAMS 0x0000000081a00000| PB 0x0000000081a00000| Complete |  0
|   7|0x0000000081b00000, 0x0000000081c00000, 0x0000000081c00000|100%|HC|  |TAMS 0x0000000081b00000| PB 0x0000000081b00000| Complete |  0
|   8|0x0000000081c00000, 0x0000000081d00000, 0x0000000081d00000|100%|HC|  |TAMS 0x0000000081c00000| PB 0x0000000081c00000| Complete |  0
|   9|0x0000000081d00000, 0x0000000081d00000, 0x0000000081e00000|  0%| F|  |TAMS 0x0000000081d00000| PB 0x0000000081d00000| Untracked |  0
|  10|0x0000000081e00000, 0x0000000081e00000, 0x0000000081f00000|  0%| F|  |TAMS 0x0000000081e00000| PB 0x0000000081e00000| Untracked |  0
|  11|0x0000000081f00000, 0x0000000081f00000, 0x0000000082000000|  0%| F|  |TAMS 0x0000000081f00000| PB 0x0000000081f00000| Untracked |  0
|  12|0x0000000082000000, 0x0000000082000000, 0x0000000082100000|  0%| F|  |TAMS 0x0000000082000000| PB 0x0000000082000000| Untracked |  0
|  13|0x0000000082100000, 0x0000000082100000, 0x0000000082200000|  0%| F|  |TAMS 0x0000000082100000| PB 0x0000000082100000| Untracked |  0
|  14|0x0000000082200000, 0x0000000082200000, 0x0000000082300000|  0%| F|  |TAMS 0x0000000082200000| PB 0x0000000082200000| Untracked |  0
|  15|0x0000000082300000, 0x0000000082300000, 0x0000000082400000|  0%| F|  |TAMS 0x0000000082300000| PB 0x0000000082300000| Untracked |  0
|  16|0x0000000082400000, 0x0000000082400000, 0x0000000082500000|  0%| F|  |TAMS 0x0000000082400000| PB 0x0000000082400000| Untracked |  0
|  17|0x0000000082500000, 0x0000000082500000, 0x0000000082600000|  0%| F|  |TAMS 0x0000000082500000| PB 0x0000000082500000| Untracked |  0
|  18|0x0000000082600000, 0x0000000082600000, 0x0000000082700000|  0%| F|  |TAMS 0x0000000082600000| PB 0x0000000082600000| Untracked |  0
|  19|0x0000000082700000, 0x0000000082700000, 0x0000000082800000|  0%| F|  |TAMS 0x0000000082700000| PB 0x0000000082700000| Untracked |  0
|  20|0x0000000082800000, 0x0000000082800000, 0x0000000082900000|  0%| F|  |TAMS 0x0000000082800000| PB 0x0000000082800000| Untracked |  0
|  21|0x0000000082900000, 0x0000000082900000, 0x0000000082a00000|  0%| F|  |TAMS 0x0000000082900000| PB 0x0000000082900000| Untracked |  0
|  22|0x0000000082a00000, 0x0000000082b00000, 0x0000000082b00000|100%| O|Cm|TAMS 0x0000000082a00000| PB 0x0000000082a00000| Complete |  0
|  23|0x0000000082b00000, 0x0000000082c00000, 0x0000000082c00000|100%| O|Cm|TAMS 0x0000000082b00000| PB 0x0000000082b00000| Complete |  0
|  24|0x0000000082c00000, 0x0000000082d00000, 0x0000000082d00000|100%| O|Cm|TAMS 0x0000000082c00000| PB 0x0000000082c00000| Complete |  0
|  25|0x0000000082d00000, 0x0000000082e00000, 0x0000000082e00000|100%| O|Cm|TAMS 0x0000000082d00000| PB 0x0000000082d00000| Complete |  0
|  26|0x0000000082e00000, 0x0000000082f00000, 0x0000000082f00000|100%| O|  |TAMS 0x0000000082e00000| PB 0x0000000082e00000| Untracked |  0
|  27|0x0000000082f00000, 0x0000000083000000, 0x0000000083000000|100%| O|  |TAMS 0x0000000082f00000| PB 0x0000000082f00000| Untracked |  0
|  28|0x0000000083000000, 0x0000000083100000, 0x0000000083100000|100%| O|  |TAMS 0x0000000083000000| PB 0x0000000083000000| Untracked |  0
|  29|0x0000000083100000, 0x0000000083200000, 0x0000000083200000|100%| O|  |TAMS 0x0000000083100000| PB 0x0000000083100000| Untracked |  0
|  30|0x0000000083200000, 0x0000000083300000, 0x0000000083300000|100%| O|  |TAMS 0x0000000083200000| PB 0x0000000083200000| Untracked |  0
|  31|0x0000000083300000, 0x0000000083400000, 0x0000000083400000|100%| O|  |TAMS 0x0000000083300000| PB 0x0000000083300000| Untracked |  0
|  32|0x0000000083400000, 0x0000000083500000, 0x0000000083500000|100%| O|  |TAMS 0x0000000083400000| PB 0x0000000083400000| Untracked |  0
|  33|0x0000000083500000, 0x0000000083600000, 0x0000000083600000|100%| O|  |TAMS 0x0000000083500000| PB 0x0000000083500000| Untracked |  0
|  34|0x0000000083600000, 0x0000000083700000, 0x0000000083700000|100%| O|  |TAMS 0x0000000083600000| PB 0x0000000083600000| Untracked |  0
|  35|0x0000000083700000, 0x0000000083800000, 0x0000000083800000|100%| O|  |TAMS 0x0000000083700000| PB 0x0000000083700000| Untracked |  0
|  36|0x0000000083800000, 0x0000000083900000, 0x0000000083900000|100%| O|  |TAMS 0x0000000083800000| PB 0x0000000083800000| Untracked |  0
|  37|0x0000000083900000, 0x0000000083a00000, 0x0000000083a00000|100%| O|  |TAMS 0x0000000083900000| PB 0x0000000083900000| Untracked |  0
|  38|0x0000000083a00000, 0x0000000083b00000, 0x0000000083b00000|100%| O|  |TAMS 0x0000000083a00000| PB 0x0000000083a00000| Untracked |  0
|  39|0x0000000083b00000, 0x0000000083c00000, 0x0000000083c00000|100%| O|  |TAMS 0x0000000083b00000| PB 0x0000000083b00000| Untracked |  0
|  40|0x0000000083c00000, 0x0000000083d00000, 0x0000000083d00000|100%| O|  |TAMS 0x0000000083c00000| PB 0x0000000083c00000| Untracked |  0
|  41|0x0000000083d00000, 0x0000000083e00000, 0x0000000083e00000|100%| O|  |TAMS 0x0000000083d00000| PB 0x0000000083d00000| Untracked |  0
|  42|0x0000000083e00000, 0x0000000083f00000, 0x0000000083f00000|100%| O|  |TAMS 0x0000000083e00000| PB 0x0000000083e00000| Untracked |  0
|  43|0x0000000083f00000, 0x0000000083f00000, 0x0000000084000000|  0%| F|  |TAMS 0x0000000083f00000| PB 0x0000000083f00000| Untracked |  0
|  44|0x0000000084000000, 0x0000000084000000, 0x0000000084100000|  0%| F|  |TAMS 0x0000000084000000| PB 0x0000000084000000| Untracked |  0
|  45|0x0000000084100000, 0x0000000084200000, 0x0000000084200000|100%| O|Cm|TAMS 0x0000000084100000| PB 0x0000000084100000| Complete |  0
|  46|0x0000000084200000, 0x0000000084300000, 0x0000000084300000|100%| O|  |TAMS 0x0000000084200000| PB 0x0000000084200000| Untracked |  0
|  47|0x0000000084300000, 0x0000000084300000, 0x0000000084400000|  0%| F|  |TAMS 0x0000000084300000| PB 0x0000000084300000| Untracked |  0
|  48|0x0000000084400000, 0x0000000084400000, 0x0000000084500000|  0%| F|  |TAMS 0x0000000084400000| PB 0x0000000084400000| Untracked |  0
|  49|0x0000000084500000, 0x0000000084500000, 0x0000000084600000|  0%| F|  |TAMS 0x0000000084500000| PB 0x0000000084500000| Untracked |  0
|  50|0x0000000084600000, 0x0000000084700000, 0x0000000084700000|100%| O|Cm|TAMS 0x0000000084600000| PB 0x0000000084600000| Complete |  0
|  51|0x0000000084700000, 0x0000000084800000, 0x0000000084800000|100%| O|Cm|TAMS 0x0000000084700000| PB 0x0000000084700000| Complete |  0
|  52|0x0000000084800000, 0x0000000084900000, 0x0000000084900000|100%| O|Cm|TAMS 0x0000000084800000| PB 0x0000000084800000| Complete |  0
|  53|0x0000000084900000, 0x0000000084a00000, 0x0000000084a00000|100%| O|Cm|TAMS 0x0000000084900000| PB 0x0000000084900000| Complete |  0
|  54|0x0000000084a00000, 0x0000000084a00000, 0x0000000084b00000|  0%| F|  |TAMS 0x0000000084a00000| PB 0x0000000084a00000| Untracked |  0
|  55|0x0000000084b00000, 0x0000000084c00000, 0x0000000084c00000|100%| O|Cm|TAMS 0x0000000084b00000| PB 0x0000000084b00000| Complete |  0
|  56|0x0000000084c00000, 0x0000000084c00000, 0x0000000084d00000|  0%| F|  |TAMS 0x0000000084c00000| PB 0x0000000084c00000| Untracked |  0
|  57|0x0000000084d00000, 0x0000000084e00000, 0x0000000084e00000|100%| O|Cm|TAMS 0x0000000084d00000| PB 0x0000000084d00000| Complete |  0
|  58|0x0000000084e00000, 0x0000000084f00000, 0x0000000084f00000|100%| O|  |TAMS 0x0000000084e00000| PB 0x0000000084e00000| Untracked |  0
|  59|0x0000000084f00000, 0x0000000085000000, 0x0000000085000000|100%| O|  |TAMS 0x0000000084f00000| PB 0x0000000084f00000| Untracked |  0
|  60|0x0000000085000000, 0x0000000085100000, 0x0000000085100000|100%| O|  |TAMS 0x0000000085000000| PB 0x0000000085000000| Untracked |  0
|  61|0x0000000085100000, 0x0000000085200000, 0x0000000085200000|100%| O|  |TAMS 0x0000000085100000| PB 0x0000000085100000| Untracked |  0
|  62|0x0000000085200000, 0x0000000085200000, 0x0000000085300000|  0%| F|  |TAMS 0x0000000085200000| PB 0x0000000085200000| Untracked |  0
|  63|0x0000000085300000, 0x0000000085400000, 0x0000000085400000|100%| O|  |TAMS 0x0000000085300000| PB 0x0000000085300000| Untracked |  0
|  64|0x0000000085400000, 0x0000000085500000, 0x0000000085500000|100%| O|  |TAMS 0x0000000085400000| PB 0x0000000085400000| Untracked |  0
|  65|0x0000000085500000, 0x0000000085600000, 0x0000000085600000|100%| O|  |TAMS 0x0000000085500000| PB 0x0000000085500000| Untracked |  0
|  66|0x0000000085600000, 0x0000000085700000, 0x0000000085700000|100%| O|  |TAMS 0x0000000085600000| PB 0x0000000085600000| Untracked |  0
|  67|0x0000000085700000, 0x0000000085800000, 0x0000000085800000|100%| O|  |TAMS 0x0000000085700000| PB 0x0000000085700000| Untracked |  0
|  68|0x0000000085800000, 0x0000000085900000, 0x0000000085900000|100%| O|  |TAMS 0x0000000085800000| PB 0x0000000085800000| Untracked |  0
|  69|0x0000000085900000, 0x0000000085a00000, 0x0000000085a00000|100%| O|Cm|TAMS 0x0000000085900000| PB 0x0000000085900000| Complete |  0
|  70|0x0000000085a00000, 0x0000000085b00000, 0x0000000085b00000|100%| O|Cm|TAMS 0x0000000085a00000| PB 0x0000000085a00000| Complete |  0
|  71|0x0000000085b00000, 0x0000000085c00000, 0x0000000085c00000|100%| O|Cm|TAMS 0x0000000085b00000| PB 0x0000000085b00000| Complete |  0
|  72|0x0000000085c00000, 0x0000000085c00000, 0x0000000085d00000|  0%| F|  |TAMS 0x0000000085c00000| PB 0x0000000085c00000| Untracked |  0
|  73|0x0000000085d00000, 0x0000000085e00000, 0x0000000085e00000|100%| O|  |TAMS 0x0000000085d00000| PB 0x0000000085d00000| Untracked |  0
|  74|0x0000000085e00000, 0x0000000085e00000, 0x0000000085f00000|  0%| F|  |TAMS 0x0000000085e00000| PB 0x0000000085e00000| Untracked |  0
|  75|0x0000000085f00000, 0x0000000085f00000, 0x0000000086000000|  0%| F|  |TAMS 0x0000000085f00000| PB 0x0000000085f00000| Untracked |  0
|  76|0x0000000086000000, 0x0000000086100000, 0x0000000086100000|100%| O|  |TAMS 0x0000000086000000| PB 0x0000000086000000| Untracked |  0
|  77|0x0000000086100000, 0x0000000086200000, 0x0000000086200000|100%| O|  |TAMS 0x0000000086100000| PB 0x0000000086100000| Untracked |  0
|  78|0x0000000086200000, 0x0000000086300000, 0x0000000086300000|100%| O|  |TAMS 0x0000000086200000| PB 0x0000000086200000| Untracked |  0
|  79|0x0000000086300000, 0x0000000086400000, 0x0000000086400000|100%| O|  |TAMS 0x0000000086300000| PB 0x0000000086300000| Untracked |  0
|  80|0x0000000086400000, 0x0000000086500000, 0x0000000086500000|100%| O|  |TAMS 0x0000000086400000| PB 0x0000000086400000| Untracked |  0
|  81|0x0000000086500000, 0x0000000086600000, 0x0000000086600000|100%| O|  |TAMS 0x0000000086500000| PB 0x0000000086500000| Untracked |  0
|  82|0x0000000086600000, 0x0000000086700000, 0x0000000086700000|100%| O|  |TAMS 0x0000000086600000| PB 0x0000000086600000| Untracked |  0
|  83|0x0000000086700000, 0x0000000086800000, 0x0000000086800000|100%| O|  |TAMS 0x0000000086700000| PB 0x0000000086700000| Untracked |  0
|  84|0x0000000086800000, 0x0000000086900000, 0x0000000086900000|100%| O|  |TAMS 0x0000000086800000| PB 0x0000000086800000| Untracked |  0
|  85|0x0000000086900000, 0x0000000086a00000, 0x0000000086a00000|100%| O|  |TAMS 0x0000000086900000| PB 0x0000000086900000| Untracked |  0
|  86|0x0000000086a00000, 0x0000000086b00000, 0x0000000086b00000|100%| O|  |TAMS 0x0000000086a00000| PB 0x0000000086a00000| Untracked |  0
|  87|0x0000000086b00000, 0x0000000086c00000, 0x0000000086c00000|100%| O|  |TAMS 0x0000000086b00000| PB 0x0000000086b00000| Untracked |  0
|  88|0x0000000086c00000, 0x0000000086d00000, 0x0000000086d00000|100%| O|  |TAMS 0x0000000086c00000| PB 0x0000000086c00000| Untracked |  0
|  89|0x0000000086d00000, 0x0000000086e00000, 0x0000000086e00000|100%| O|  |TAMS 0x0000000086d00000| PB 0x0000000086d00000| Untracked |  0
|  90|0x0000000086e00000, 0x0000000086f00000, 0x0000000086f00000|100%| O|  |TAMS 0x0000000086e00000| PB 0x0000000086e00000| Untracked |  0
|  91|0x0000000086f00000, 0x0000000087000000, 0x0000000087000000|100%| O|  |TAMS 0x0000000086f00000| PB 0x0000000086f00000| Untracked |  0
|  92|0x0000000087000000, 0x0000000087100000, 0x0000000087100000|100%| O|  |TAMS 0x0000000087000000| PB 0x0000000087000000| Untracked |  0
|  93|0x0000000087100000, 0x0000000087200000, 0x0000000087200000|100%| O|  |TAMS 0x0000000087100000| PB 0x0000000087100000| Untracked |  0
|  94|0x0000000087200000, 0x0000000087300000, 0x0000000087300000|100%| O|  |TAMS 0x0000000087200000| PB 0x0000000087200000| Untracked |  0
|  95|0x0000000087300000, 0x0000000087400000, 0x0000000087400000|100%| O|  |TAMS 0x0000000087300000| PB 0x0000000087300000| Untracked |  0
|  96|0x0000000087400000, 0x0000000087500000, 0x0000000087500000|100%| O|  |TAMS 0x0000000087400000| PB 0x0000000087400000| Untracked |  0
|  97|0x0000000087500000, 0x0000000087600000, 0x0000000087600000|100%| O|  |TAMS 0x0000000087500000| PB 0x0000000087500000| Untracked |  0
|  98|0x0000000087600000, 0x0000000087700000, 0x0000000087700000|100%| O|  |TAMS 0x0000000087600000| PB 0x0000000087600000| Untracked |  0
|  99|0x0000000087700000, 0x0000000087800000, 0x0000000087800000|100%| O|  |TAMS 0x0000000087700000| PB 0x0000000087700000| Untracked |  0
| 100|0x0000000087800000, 0x0000000087900000, 0x0000000087900000|100%| O|  |TAMS 0x0000000087800000| PB 0x0000000087800000| Untracked |  0
| 101|0x0000000087900000, 0x0000000087a00000, 0x0000000087a00000|100%| O|  |TAMS 0x0000000087900000| PB 0x0000000087900000| Untracked |  0
| 102|0x0000000087a00000, 0x0000000087b00000, 0x0000000087b00000|100%| O|  |TAMS 0x0000000087a00000| PB 0x0000000087a00000| Untracked |  0
| 103|0x0000000087b00000, 0x0000000087c00000, 0x0000000087c00000|100%| O|  |TAMS 0x0000000087b00000| PB 0x0000000087b00000| Untracked |  0
| 104|0x0000000087c00000, 0x0000000087d00000, 0x0000000087d00000|100%| O|  |TAMS 0x0000000087c00000| PB 0x0000000087c00000| Untracked |  0
| 105|0x0000000087d00000, 0x0000000087e00000, 0x0000000087e00000|100%| O|  |TAMS 0x0000000087d00000| PB 0x0000000087d00000| Untracked |  0
| 106|0x0000000087e00000, 0x0000000087f00000, 0x0000000087f00000|100%| O|  |TAMS 0x0000000087e00000| PB 0x0000000087e00000| Untracked |  0
| 107|0x0000000087f00000, 0x0000000088000000, 0x0000000088000000|100%| O|  |TAMS 0x0000000087f00000| PB 0x0000000087f00000| Untracked |  0
| 108|0x0000000088000000, 0x0000000088100000, 0x0000000088100000|100%| O|  |TAMS 0x0000000088000000| PB 0x0000000088000000| Untracked |  0
| 109|0x0000000088100000, 0x0000000088200000, 0x0000000088200000|100%| O|  |TAMS 0x0000000088100000| PB 0x0000000088100000| Untracked |  0
| 110|0x0000000088200000, 0x0000000088300000, 0x0000000088300000|100%| O|  |TAMS 0x0000000088200000| PB 0x0000000088200000| Untracked |  0
| 111|0x0000000088300000, 0x0000000088400000, 0x0000000088400000|100%| O|  |TAMS 0x0000000088300000| PB 0x0000000088300000| Untracked |  0
| 112|0x0000000088400000, 0x0000000088500000, 0x0000000088500000|100%| O|  |TAMS 0x0000000088400000| PB 0x0000000088400000| Untracked |  0
| 113|0x0000000088500000, 0x0000000088600000, 0x0000000088600000|100%| O|  |TAMS 0x0000000088500000| PB 0x0000000088500000| Untracked |  0
| 114|0x0000000088600000, 0x0000000088700000, 0x0000000088700000|100%| O|  |TAMS 0x0000000088600000| PB 0x0000000088600000| Untracked |  0
| 115|0x0000000088700000, 0x0000000088800000, 0x0000000088800000|100%| O|  |TAMS 0x0000000088700000| PB 0x0000000088700000| Untracked |  0
| 116|0x0000000088800000, 0x0000000088900000, 0x0000000088900000|100%| O|  |TAMS 0x0000000088800000| PB 0x0000000088800000| Untracked |  0
| 117|0x0000000088900000, 0x0000000088a00000, 0x0000000088a00000|100%| O|  |TAMS 0x0000000088900000| PB 0x0000000088900000| Untracked |  0
| 118|0x0000000088a00000, 0x0000000088b00000, 0x0000000088b00000|100%| O|  |TAMS 0x0000000088a00000| PB 0x0000000088a00000| Untracked |  0
| 119|0x0000000088b00000, 0x0000000088c00000, 0x0000000088c00000|100%| O|  |TAMS 0x0000000088b00000| PB 0x0000000088b00000| Untracked |  0
| 120|0x0000000088c00000, 0x0000000088d00000, 0x0000000088d00000|100%| O|  |TAMS 0x0000000088c00000| PB 0x0000000088c00000| Untracked |  0
| 121|0x0000000088d00000, 0x0000000088e00000, 0x0000000088e00000|100%| O|  |TAMS 0x0000000088d00000| PB 0x0000000088d00000| Untracked |  0
| 122|0x0000000088e00000, 0x0000000088f00000, 0x0000000088f00000|100%| O|  |TAMS 0x0000000088e00000| PB 0x0000000088e00000| Untracked |  0
| 123|0x0000000088f00000, 0x0000000089000000, 0x0000000089000000|100%| O|  |TAMS 0x0000000088f00000| PB 0x0000000088f00000| Untracked |  0
| 124|0x0000000089000000, 0x0000000089100000, 0x0000000089100000|100%| O|Cm|TAMS 0x0000000089000000| PB 0x0000000089000000| Complete |  0
| 125|0x0000000089100000, 0x0000000089100000, 0x0000000089200000|  0%| F|  |TAMS 0x0000000089100000| PB 0x0000000089100000| Untracked |  0
| 126|0x0000000089200000, 0x0000000089300000, 0x0000000089300000|100%| O|  |TAMS 0x0000000089200000| PB 0x0000000089200000| Untracked |  0
| 127|0x0000000089300000, 0x0000000089400000, 0x0000000089400000|100%| O|Cm|TAMS 0x0000000089300000| PB 0x0000000089300000| Complete |  0
| 128|0x0000000089400000, 0x0000000089500000, 0x0000000089500000|100%| O|  |TAMS 0x0000000089400000| PB 0x0000000089400000| Untracked |  0
| 129|0x0000000089500000, 0x0000000089600000, 0x0000000089600000|100%| O|  |TAMS 0x0000000089500000| PB 0x0000000089500000| Untracked |  0
| 130|0x0000000089600000, 0x0000000089700000, 0x0000000089700000|100%| O|  |TAMS 0x0000000089600000| PB 0x0000000089600000| Untracked |  0
| 131|0x0000000089700000, 0x0000000089800000, 0x0000000089800000|100%| O|  |TAMS 0x0000000089700000| PB 0x0000000089700000| Untracked |  0
| 132|0x0000000089800000, 0x0000000089880000, 0x0000000089900000| 50%| O|  |TAMS 0x0000000089800000| PB 0x0000000089800000| Untracked |  0
| 133|0x0000000089900000, 0x0000000089a00000, 0x0000000089a00000|100%|HS|  |TAMS 0x0000000089900000| PB 0x0000000089900000| Complete |  0
| 134|0x0000000089a00000, 0x0000000089a00000, 0x0000000089b00000|  0%| F|  |TAMS 0x0000000089a00000| PB 0x0000000089a00000| Untracked |  0
| 135|0x0000000089b00000, 0x0000000089b00000, 0x0000000089c00000|  0%| F|  |TAMS 0x0000000089b00000| PB 0x0000000089b00000| Untracked |  0
| 136|0x0000000089c00000, 0x0000000089c00000, 0x0000000089d00000|  0%| F|  |TAMS 0x0000000089c00000| PB 0x0000000089c00000| Untracked |  0
| 137|0x0000000089d00000, 0x0000000089e00000, 0x0000000089e00000|100%| O|  |TAMS 0x0000000089d00000| PB 0x0000000089d00000| Untracked |  0
| 138|0x0000000089e00000, 0x0000000089e00000, 0x0000000089f00000|  0%| F|  |TAMS 0x0000000089e00000| PB 0x0000000089e00000| Untracked |  0
| 139|0x0000000089f00000, 0x0000000089f00000, 0x000000008a000000|  0%| F|  |TAMS 0x0000000089f00000| PB 0x0000000089f00000| Untracked |  0
| 140|0x000000008a000000, 0x000000008a100000, 0x000000008a100000|100%| O|  |TAMS 0x000000008a000000| PB 0x000000008a000000| Untracked |  0
| 141|0x000000008a100000, 0x000000008a100000, 0x000000008a200000|  0%| F|  |TAMS 0x000000008a100000| PB 0x000000008a100000| Untracked |  0
| 142|0x000000008a200000, 0x000000008a200000, 0x000000008a300000|  0%| F|  |TAMS 0x000000008a200000| PB 0x000000008a200000| Untracked |  0
| 143|0x000000008a300000, 0x000000008a400000, 0x000000008a400000|100%| O|  |TAMS 0x000000008a300000| PB 0x000000008a300000| Untracked |  0
| 144|0x000000008a400000, 0x000000008a500000, 0x000000008a500000|100%| O|  |TAMS 0x000000008a400000| PB 0x000000008a400000| Untracked |  0
| 145|0x000000008a500000, 0x000000008a500000, 0x000000008a600000|  0%| F|  |TAMS 0x000000008a500000| PB 0x000000008a500000| Untracked |  0
| 146|0x000000008a600000, 0x000000008a700000, 0x000000008a700000|100%| O|Cm|TAMS 0x000000008a600000| PB 0x000000008a600000| Complete |  0
| 147|0x000000008a700000, 0x000000008a800000, 0x000000008a800000|100%| O|  |TAMS 0x000000008a700000| PB 0x000000008a700000| Untracked |  0
| 148|0x000000008a800000, 0x000000008a900000, 0x000000008a900000|100%| O|Cm|TAMS 0x000000008a800000| PB 0x000000008a800000| Complete |  0
| 149|0x000000008a900000, 0x000000008aa00000, 0x000000008aa00000|100%| O|  |TAMS 0x000000008a900000| PB 0x000000008a900000| Untracked |  0
| 150|0x000000008aa00000, 0x000000008aa00000, 0x000000008ab00000|  0%| F|  |TAMS 0x000000008aa00000| PB 0x000000008aa00000| Untracked |  0
| 151|0x000000008ab00000, 0x000000008ab00000, 0x000000008ac00000|  0%| F|  |TAMS 0x000000008ab00000| PB 0x000000008ab00000| Untracked |  0
| 152|0x000000008ac00000, 0x000000008ac00000, 0x000000008ad00000|  0%| F|  |TAMS 0x000000008ac00000| PB 0x000000008ac00000| Untracked |  0
| 153|0x000000008ad00000, 0x000000008ad00000, 0x000000008ae00000|  0%| F|  |TAMS 0x000000008ad00000| PB 0x000000008ad00000| Untracked |  0
| 154|0x000000008ae00000, 0x000000008ae00000, 0x000000008af00000|  0%| F|  |TAMS 0x000000008ae00000| PB 0x000000008ae00000| Untracked |  0
| 155|0x000000008af00000, 0x000000008af00000, 0x000000008b000000|  0%| F|  |TAMS 0x000000008af00000| PB 0x000000008af00000| Untracked |  0
| 156|0x000000008b000000, 0x000000008b000000, 0x000000008b100000|  0%| F|  |TAMS 0x000000008b000000| PB 0x000000008b000000| Untracked |  0
| 157|0x000000008b100000, 0x000000008b100000, 0x000000008b200000|  0%| F|  |TAMS 0x000000008b100000| PB 0x000000008b100000| Untracked |  0
| 158|0x000000008b200000, 0x000000008b200000, 0x000000008b300000|  0%| F|  |TAMS 0x000000008b200000| PB 0x000000008b200000| Untracked |  0
| 159|0x000000008b300000, 0x000000008b400000, 0x000000008b400000|100%| O|  |TAMS 0x000000008b300000| PB 0x000000008b300000| Untracked |  0
| 160|0x000000008b400000, 0x000000008b500000, 0x000000008b500000|100%|HS|  |TAMS 0x000000008b400000| PB 0x000000008b400000| Complete |  0
| 161|0x000000008b500000, 0x000000008b600000, 0x000000008b600000|100%|HC|  |TAMS 0x000000008b500000| PB 0x000000008b500000| Complete |  0
| 162|0x000000008b600000, 0x000000008b700000, 0x000000008b700000|100%|HC|  |TAMS 0x000000008b600000| PB 0x000000008b600000| Complete |  0
| 163|0x000000008b700000, 0x000000008b800000, 0x000000008b800000|100%|HC|  |TAMS 0x000000008b700000| PB 0x000000008b700000| Complete |  0
| 164|0x000000008b800000, 0x000000008b900000, 0x000000008b900000|100%|HC|  |TAMS 0x000000008b800000| PB 0x000000008b800000| Complete |  0
| 165|0x000000008b900000, 0x000000008ba00000, 0x000000008ba00000|100%|HC|  |TAMS 0x000000008b900000| PB 0x000000008b900000| Complete |  0
| 166|0x000000008ba00000, 0x000000008ba00000, 0x000000008bb00000|  0%| F|  |TAMS 0x000000008ba00000| PB 0x000000008ba00000| Untracked |  0
| 167|0x000000008bb00000, 0x000000008bb00000, 0x000000008bc00000|  0%| F|  |TAMS 0x000000008bb00000| PB 0x000000008bb00000| Untracked |  0
| 168|0x000000008bc00000, 0x000000008bc00000, 0x000000008bd00000|  0%| F|  |TAMS 0x000000008bc00000| PB 0x000000008bc00000| Untracked |  0
| 169|0x000000008bd00000, 0x000000008bd00000, 0x000000008be00000|  0%| F|  |TAMS 0x000000008bd00000| PB 0x000000008bd00000| Untracked |  0
| 170|0x000000008be00000, 0x000000008be00000, 0x000000008bf00000|  0%| F|  |TAMS 0x000000008be00000| PB 0x000000008be00000| Untracked |  0
| 171|0x000000008bf00000, 0x000000008bf00000, 0x000000008c000000|  0%| F|  |TAMS 0x000000008bf00000| PB 0x000000008bf00000| Untracked |  0
| 172|0x000000008c000000, 0x000000008c000000, 0x000000008c100000|  0%| F|  |TAMS 0x000000008c000000| PB 0x000000008c000000| Untracked |  0
| 173|0x000000008c100000, 0x000000008c100000, 0x000000008c200000|  0%| F|  |TAMS 0x000000008c100000| PB 0x000000008c100000| Untracked |  0
| 174|0x000000008c200000, 0x000000008c200000, 0x000000008c300000|  0%| F|  |TAMS 0x000000008c200000| PB 0x000000008c200000| Untracked |  0
| 175|0x000000008c300000, 0x000000008c300000, 0x000000008c400000|  0%| F|  |TAMS 0x000000008c300000| PB 0x000000008c300000| Untracked |  0
| 176|0x000000008c400000, 0x000000008c400000, 0x000000008c500000|  0%| F|  |TAMS 0x000000008c400000| PB 0x000000008c400000| Untracked |  0
| 177|0x000000008c500000, 0x000000008c500000, 0x000000008c600000|  0%| F|  |TAMS 0x000000008c500000| PB 0x000000008c500000| Untracked |  0
| 178|0x000000008c600000, 0x000000008c600000, 0x000000008c700000|  0%| F|  |TAMS 0x000000008c600000| PB 0x000000008c600000| Untracked |  0
| 179|0x000000008c700000, 0x000000008c700000, 0x000000008c800000|  0%| F|  |TAMS 0x000000008c700000| PB 0x000000008c700000| Untracked |  0
| 180|0x000000008c800000, 0x000000008c800000, 0x000000008c900000|  0%| F|  |TAMS 0x000000008c800000| PB 0x000000008c800000| Untracked |  0
| 181|0x000000008c900000, 0x000000008c900000, 0x000000008ca00000|  0%| F|  |TAMS 0x000000008c900000| PB 0x000000008c900000| Untracked |  0
| 182|0x000000008ca00000, 0x000000008ca00000, 0x000000008cb00000|  0%| F|  |TAMS 0x000000008ca00000| PB 0x000000008ca00000| Untracked |  0
| 183|0x000000008cb00000, 0x000000008cb00000, 0x000000008cc00000|  0%| F|  |TAMS 0x000000008cb00000| PB 0x000000008cb00000| Untracked |  0
| 184|0x000000008cc00000, 0x000000008cc00000, 0x000000008cd00000|  0%| F|  |TAMS 0x000000008cc00000| PB 0x000000008cc00000| Untracked |  0
| 185|0x000000008cd00000, 0x000000008cd00000, 0x000000008ce00000|  0%| F|  |TAMS 0x000000008cd00000| PB 0x000000008cd00000| Untracked |  0
| 186|0x000000008ce00000, 0x000000008ce00000, 0x000000008cf00000|  0%| F|  |TAMS 0x000000008ce00000| PB 0x000000008ce00000| Untracked |  0
| 187|0x000000008cf00000, 0x000000008cf00000, 0x000000008d000000|  0%| F|  |TAMS 0x000000008cf00000| PB 0x000000008cf00000| Untracked |  0
| 188|0x000000008d000000, 0x000000008d000000, 0x000000008d100000|  0%| F|  |TAMS 0x000000008d000000| PB 0x000000008d000000| Untracked |  0
| 189|0x000000008d100000, 0x000000008d100000, 0x000000008d200000|  0%| F|  |TAMS 0x000000008d100000| PB 0x000000008d100000| Untracked |  0
| 190|0x000000008d200000, 0x000000008d200000, 0x000000008d300000|  0%| F|  |TAMS 0x000000008d200000| PB 0x000000008d200000| Untracked |  0
| 191|0x000000008d300000, 0x000000008d300000, 0x000000008d400000|  0%| F|  |TAMS 0x000000008d300000| PB 0x000000008d300000| Untracked |  0
| 192|0x000000008d400000, 0x000000008d400000, 0x000000008d500000|  0%| F|  |TAMS 0x000000008d400000| PB 0x000000008d400000| Untracked |  0
| 193|0x000000008d500000, 0x000000008d500000, 0x000000008d600000|  0%| F|  |TAMS 0x000000008d500000| PB 0x000000008d500000| Untracked |  0
| 194|0x000000008d600000, 0x000000008d600000, 0x000000008d700000|  0%| F|  |TAMS 0x000000008d600000| PB 0x000000008d600000| Untracked |  0
| 195|0x000000008d700000, 0x000000008d700000, 0x000000008d800000|  0%| F|  |TAMS 0x000000008d700000| PB 0x000000008d700000| Untracked |  0
| 196|0x000000008d800000, 0x000000008d800000, 0x000000008d900000|  0%| F|  |TAMS 0x000000008d800000| PB 0x000000008d800000| Untracked |  0
| 197|0x000000008d900000, 0x000000008d900000, 0x000000008da00000|  0%| F|  |TAMS 0x000000008d900000| PB 0x000000008d900000| Untracked |  0
| 198|0x000000008da00000, 0x000000008da00000, 0x000000008db00000|  0%| F|  |TAMS 0x000000008da00000| PB 0x000000008da00000| Untracked |  0
| 199|0x000000008db00000, 0x000000008db00000, 0x000000008dc00000|  0%| F|  |TAMS 0x000000008db00000| PB 0x000000008db00000| Untracked |  0
| 200|0x000000008dc00000, 0x000000008dc00000, 0x000000008dd00000|  0%| F|  |TAMS 0x000000008dc00000| PB 0x000000008dc00000| Untracked |  0
| 201|0x000000008dd00000, 0x000000008dd00000, 0x000000008de00000|  0%| F|  |TAMS 0x000000008dd00000| PB 0x000000008dd00000| Untracked |  0
| 202|0x000000008de00000, 0x000000008de00000, 0x000000008df00000|  0%| F|  |TAMS 0x000000008de00000| PB 0x000000008de00000| Untracked |  0
| 203|0x000000008df00000, 0x000000008df00000, 0x000000008e000000|  0%| F|  |TAMS 0x000000008df00000| PB 0x000000008df00000| Untracked |  0
| 204|0x000000008e000000, 0x000000008e000000, 0x000000008e100000|  0%| F|  |TAMS 0x000000008e000000| PB 0x000000008e000000| Untracked |  0
| 205|0x000000008e100000, 0x000000008e100000, 0x000000008e200000|  0%| F|  |TAMS 0x000000008e100000| PB 0x000000008e100000| Untracked |  0
| 206|0x000000008e200000, 0x000000008e200000, 0x000000008e300000|  0%| F|  |TAMS 0x000000008e200000| PB 0x000000008e200000| Untracked |  0
| 207|0x000000008e300000, 0x000000008e300000, 0x000000008e400000|  0%| F|  |TAMS 0x000000008e300000| PB 0x000000008e300000| Untracked |  0
| 208|0x000000008e400000, 0x000000008e400000, 0x000000008e500000|  0%| F|  |TAMS 0x000000008e400000| PB 0x000000008e400000| Untracked |  0
| 209|0x000000008e500000, 0x000000008e500000, 0x000000008e600000|  0%| F|  |TAMS 0x000000008e500000| PB 0x000000008e500000| Untracked |  0
| 210|0x000000008e600000, 0x000000008e600000, 0x000000008e700000|  0%| F|  |TAMS 0x000000008e600000| PB 0x000000008e600000| Untracked |  0
| 211|0x000000008e700000, 0x000000008e700000, 0x000000008e800000|  0%| F|  |TAMS 0x000000008e700000| PB 0x000000008e700000| Untracked |  0
| 212|0x000000008e800000, 0x000000008e800000, 0x000000008e900000|  0%| F|  |TAMS 0x000000008e800000| PB 0x000000008e800000| Untracked |  0
| 213|0x000000008e900000, 0x000000008e900000, 0x000000008ea00000|  0%| F|  |TAMS 0x000000008e900000| PB 0x000000008e900000| Untracked |  0
| 214|0x000000008ea00000, 0x000000008ea00000, 0x000000008eb00000|  0%| F|  |TAMS 0x000000008ea00000| PB 0x000000008ea00000| Untracked |  0
| 215|0x000000008eb00000, 0x000000008eb00000, 0x000000008ec00000|  0%| F|  |TAMS 0x000000008eb00000| PB 0x000000008eb00000| Untracked |  0
| 216|0x000000008ec00000, 0x000000008ec00000, 0x000000008ed00000|  0%| F|  |TAMS 0x000000008ec00000| PB 0x000000008ec00000| Untracked |  0
| 217|0x000000008ed00000, 0x000000008ed00000, 0x000000008ee00000|  0%| F|  |TAMS 0x000000008ed00000| PB 0x000000008ed00000| Untracked |  0
| 218|0x000000008ee00000, 0x000000008ee00000, 0x000000008ef00000|  0%| F|  |TAMS 0x000000008ee00000| PB 0x000000008ee00000| Untracked |  0
| 219|0x000000008ef00000, 0x000000008ef00000, 0x000000008f000000|  0%| F|  |TAMS 0x000000008ef00000| PB 0x000000008ef00000| Untracked |  0
| 220|0x000000008f000000, 0x000000008f000000, 0x000000008f100000|  0%| F|  |TAMS 0x000000008f000000| PB 0x000000008f000000| Untracked |  0
| 221|0x000000008f100000, 0x000000008f100000, 0x000000008f200000|  0%| F|  |TAMS 0x000000008f100000| PB 0x000000008f100000| Untracked |  0
| 222|0x000000008f200000, 0x000000008f200000, 0x000000008f300000|  0%| F|  |TAMS 0x000000008f200000| PB 0x000000008f200000| Untracked |  0
| 223|0x000000008f300000, 0x000000008f300000, 0x000000008f400000|  0%| F|  |TAMS 0x000000008f300000| PB 0x000000008f300000| Untracked |  0
| 224|0x000000008f400000, 0x000000008f400000, 0x000000008f500000|  0%| F|  |TAMS 0x000000008f400000| PB 0x000000008f400000| Untracked |  0
| 225|0x000000008f500000, 0x000000008f500000, 0x000000008f600000|  0%| F|  |TAMS 0x000000008f500000| PB 0x000000008f500000| Untracked |  0
| 226|0x000000008f600000, 0x000000008f600000, 0x000000008f700000|  0%| F|  |TAMS 0x000000008f600000| PB 0x000000008f600000| Untracked |  0
| 227|0x000000008f700000, 0x000000008f700000, 0x000000008f800000|  0%| F|  |TAMS 0x000000008f700000| PB 0x000000008f700000| Untracked |  0
| 228|0x000000008f800000, 0x000000008f800000, 0x000000008f900000|  0%| F|  |TAMS 0x000000008f800000| PB 0x000000008f800000| Untracked |  0
| 229|0x000000008f900000, 0x000000008f900000, 0x000000008fa00000|  0%| F|  |TAMS 0x000000008f900000| PB 0x000000008f900000| Untracked |  0
| 230|0x000000008fa00000, 0x000000008fa00000, 0x000000008fb00000|  0%| F|  |TAMS 0x000000008fa00000| PB 0x000000008fa00000| Untracked |  0
| 231|0x000000008fb00000, 0x000000008fb00000, 0x000000008fc00000|  0%| F|  |TAMS 0x000000008fb00000| PB 0x000000008fb00000| Untracked |  0
| 232|0x000000008fc00000, 0x000000008fc00000, 0x000000008fd00000|  0%| F|  |TAMS 0x000000008fc00000| PB 0x000000008fc00000| Untracked |  0
| 233|0x000000008fd00000, 0x000000008fd00000, 0x000000008fe00000|  0%| F|  |TAMS 0x000000008fd00000| PB 0x000000008fd00000| Untracked |  0
| 234|0x000000008fe00000, 0x000000008fe00000, 0x000000008ff00000|  0%| F|  |TAMS 0x000000008fe00000| PB 0x000000008fe00000| Untracked |  0
| 235|0x000000008ff00000, 0x000000008ff00000, 0x0000000090000000|  0%| F|  |TAMS 0x000000008ff00000| PB 0x000000008ff00000| Untracked |  0
| 236|0x0000000090000000, 0x0000000090000000, 0x0000000090100000|  0%| F|  |TAMS 0x0000000090000000| PB 0x0000000090000000| Untracked |  0
| 237|0x0000000090100000, 0x0000000090100000, 0x0000000090200000|  0%| F|  |TAMS 0x0000000090100000| PB 0x0000000090100000| Untracked |  0
| 238|0x0000000090200000, 0x0000000090200000, 0x0000000090300000|  0%| F|  |TAMS 0x0000000090200000| PB 0x0000000090200000| Untracked |  0
| 239|0x0000000090300000, 0x0000000090300000, 0x0000000090400000|  0%| F|  |TAMS 0x0000000090300000| PB 0x0000000090300000| Untracked |  0
| 240|0x0000000090400000, 0x0000000090400000, 0x0000000090500000|  0%| F|  |TAMS 0x0000000090400000| PB 0x0000000090400000| Untracked |  0
| 241|0x0000000090500000, 0x0000000090500000, 0x0000000090600000|  0%| F|  |TAMS 0x0000000090500000| PB 0x0000000090500000| Untracked |  0
| 242|0x0000000090600000, 0x0000000090600000, 0x0000000090700000|  0%| F|  |TAMS 0x0000000090600000| PB 0x0000000090600000| Untracked |  0
| 243|0x0000000090700000, 0x0000000090700000, 0x0000000090800000|  0%| F|  |TAMS 0x0000000090700000| PB 0x0000000090700000| Untracked |  0
| 244|0x0000000090800000, 0x0000000090800000, 0x0000000090900000|  0%| F|  |TAMS 0x0000000090800000| PB 0x0000000090800000| Untracked |  0
| 245|0x0000000090900000, 0x0000000090900000, 0x0000000090a00000|  0%| F|  |TAMS 0x0000000090900000| PB 0x0000000090900000| Untracked |  0
| 246|0x0000000090a00000, 0x0000000090a00000, 0x0000000090b00000|  0%| F|  |TAMS 0x0000000090a00000| PB 0x0000000090a00000| Untracked |  0
| 247|0x0000000090b00000, 0x0000000090b00000, 0x0000000090c00000|  0%| F|  |TAMS 0x0000000090b00000| PB 0x0000000090b00000| Untracked |  0
| 248|0x0000000090c00000, 0x0000000090c00000, 0x0000000090d00000|  0%| F|  |TAMS 0x0000000090c00000| PB 0x0000000090c00000| Untracked |  0
| 249|0x0000000090d00000, 0x0000000090d00000, 0x0000000090e00000|  0%| F|  |TAMS 0x0000000090d00000| PB 0x0000000090d00000| Untracked |  0
| 250|0x0000000090e00000, 0x0000000090e00000, 0x0000000090f00000|  0%| F|  |TAMS 0x0000000090e00000| PB 0x0000000090e00000| Untracked |  0
| 251|0x0000000090f00000, 0x0000000090f00000, 0x0000000091000000|  0%| F|  |TAMS 0x0000000090f00000| PB 0x0000000090f00000| Untracked |  0
| 252|0x0000000091000000, 0x0000000091000000, 0x0000000091100000|  0%| F|  |TAMS 0x0000000091000000| PB 0x0000000091000000| Untracked |  0
| 253|0x0000000091100000, 0x0000000091100000, 0x0000000091200000|  0%| F|  |TAMS 0x0000000091100000| PB 0x0000000091100000| Untracked |  0
| 254|0x0000000091200000, 0x0000000091200000, 0x0000000091300000|  0%| F|  |TAMS 0x0000000091200000| PB 0x0000000091200000| Untracked |  0
| 255|0x0000000091300000, 0x0000000091300000, 0x0000000091400000|  0%| F|  |TAMS 0x0000000091300000| PB 0x0000000091300000| Untracked |  0
| 256|0x0000000091400000, 0x0000000091400000, 0x0000000091500000|  0%| F|  |TAMS 0x0000000091400000| PB 0x0000000091400000| Untracked |  0
| 257|0x0000000091500000, 0x0000000091500000, 0x0000000091600000|  0%| F|  |TAMS 0x0000000091500000| PB 0x0000000091500000| Untracked |  0
| 258|0x0000000091600000, 0x0000000091600000, 0x0000000091700000|  0%| F|  |TAMS 0x0000000091600000| PB 0x0000000091600000| Untracked |  0
| 259|0x0000000091700000, 0x0000000091700000, 0x0000000091800000|  0%| F|  |TAMS 0x0000000091700000| PB 0x0000000091700000| Untracked |  0
| 260|0x0000000091800000, 0x0000000091800000, 0x0000000091900000|  0%| F|  |TAMS 0x0000000091800000| PB 0x0000000091800000| Untracked |  0
| 261|0x0000000091900000, 0x0000000091a00000, 0x0000000091a00000|100%| S|CS|TAMS 0x0000000091900000| PB 0x0000000091900000| Complete |  0
| 262|0x0000000091a00000, 0x0000000091b00000, 0x0000000091b00000|100%| S|CS|TAMS 0x0000000091a00000| PB 0x0000000091a00000| Complete |  0
| 263|0x0000000091b00000, 0x0000000091c00000, 0x0000000091c00000|100%| S|CS|TAMS 0x0000000091b00000| PB 0x0000000091b00000| Complete |  0
| 264|0x0000000091c00000, 0x0000000091d00000, 0x0000000091d00000|100%| S|CS|TAMS 0x0000000091c00000| PB 0x0000000091c00000| Complete |  0
| 265|0x0000000091d00000, 0x0000000091e00000, 0x0000000091e00000|100%| S|CS|TAMS 0x0000000091d00000| PB 0x0000000091d00000| Complete |  0
| 266|0x0000000091e00000, 0x0000000091f00000, 0x0000000091f00000|100%| S|CS|TAMS 0x0000000091e00000| PB 0x0000000091e00000| Complete |  0
| 267|0x0000000091f00000, 0x0000000092000000, 0x0000000092000000|100%| S|CS|TAMS 0x0000000091f00000| PB 0x0000000091f00000| Complete |  0
| 268|0x0000000092000000, 0x0000000092100000, 0x0000000092100000|100%| S|CS|TAMS 0x0000000092000000| PB 0x0000000092000000| Complete |  0
| 269|0x0000000092100000, 0x0000000092200000, 0x0000000092200000|100%| S|CS|TAMS 0x0000000092100000| PB 0x0000000092100000| Complete |  0
| 270|0x0000000092200000, 0x0000000092200000, 0x0000000092300000|  0%| F|  |TAMS 0x0000000092200000| PB 0x0000000092200000| Untracked |  0
| 271|0x0000000092300000, 0x0000000092300000, 0x0000000092400000|  0%| F|  |TAMS 0x0000000092300000| PB 0x0000000092300000| Untracked |  0
| 272|0x0000000092400000, 0x0000000092400000, 0x0000000092500000|  0%| F|  |TAMS 0x0000000092400000| PB 0x0000000092400000| Untracked |  0
| 273|0x0000000092500000, 0x0000000092500000, 0x0000000092600000|  0%| F|  |TAMS 0x0000000092500000| PB 0x0000000092500000| Untracked |  0
| 274|0x0000000092600000, 0x0000000092600000, 0x0000000092700000|  0%| F|  |TAMS 0x0000000092600000| PB 0x0000000092600000| Untracked |  0
| 275|0x0000000092700000, 0x0000000092700000, 0x0000000092800000|  0%| F|  |TAMS 0x0000000092700000| PB 0x0000000092700000| Untracked |  0
| 276|0x0000000092800000, 0x0000000092800000, 0x0000000092900000|  0%| F|  |TAMS 0x0000000092800000| PB 0x0000000092800000| Untracked |  0
| 277|0x0000000092900000, 0x0000000092900000, 0x0000000092a00000|  0%| F|  |TAMS 0x0000000092900000| PB 0x0000000092900000| Untracked |  0
| 278|0x0000000092a00000, 0x0000000092a00000, 0x0000000092b00000|  0%| F|  |TAMS 0x0000000092a00000| PB 0x0000000092a00000| Untracked |  0
| 279|0x0000000092b00000, 0x0000000092b00000, 0x0000000092c00000|  0%| F|  |TAMS 0x0000000092b00000| PB 0x0000000092b00000| Untracked |  0
| 280|0x0000000092c00000, 0x0000000092c00000, 0x0000000092d00000|  0%| F|  |TAMS 0x0000000092c00000| PB 0x0000000092c00000| Untracked |  0
| 281|0x0000000092d00000, 0x0000000092d00000, 0x0000000092e00000|  0%| F|  |TAMS 0x0000000092d00000| PB 0x0000000092d00000| Untracked |  0
| 282|0x0000000092e00000, 0x0000000092e00000, 0x0000000092f00000|  0%| F|  |TAMS 0x0000000092e00000| PB 0x0000000092e00000| Untracked |  0
| 283|0x0000000092f00000, 0x0000000092f00000, 0x0000000093000000|  0%| F|  |TAMS 0x0000000092f00000| PB 0x0000000092f00000| Untracked |  0
| 284|0x0000000093000000, 0x0000000093000000, 0x0000000093100000|  0%| F|  |TAMS 0x0000000093000000| PB 0x0000000093000000| Untracked |  0
| 285|0x0000000093100000, 0x0000000093100000, 0x0000000093200000|  0%| F|  |TAMS 0x0000000093100000| PB 0x0000000093100000| Untracked |  0
| 286|0x0000000093200000, 0x0000000093200000, 0x0000000093300000|  0%| F|  |TAMS 0x0000000093200000| PB 0x0000000093200000| Untracked |  0
| 287|0x0000000093300000, 0x0000000093300000, 0x0000000093400000|  0%| F|  |TAMS 0x0000000093300000| PB 0x0000000093300000| Untracked |  0
| 288|0x0000000093400000, 0x0000000093400000, 0x0000000093500000|  0%| F|  |TAMS 0x0000000093400000| PB 0x0000000093400000| Untracked |  0
| 289|0x0000000093500000, 0x0000000093500000, 0x0000000093600000|  0%| F|  |TAMS 0x0000000093500000| PB 0x0000000093500000| Untracked |  0
| 290|0x0000000093600000, 0x0000000093600000, 0x0000000093700000|  0%| F|  |TAMS 0x0000000093600000| PB 0x0000000093600000| Untracked |  0
| 291|0x0000000093700000, 0x0000000093800000, 0x0000000093800000|100%| E|CS|TAMS 0x0000000093700000| PB 0x0000000093700000| Complete |  0
|2004|0x00000000fe800000, 0x00000000fe800000, 0x00000000fe900000|  0%| F|  |TAMS 0x00000000fe800000| PB 0x00000000fe800000| Untracked |  0
|2005|0x00000000fe900000, 0x00000000fe900000, 0x00000000fea00000|  0%| F|  |TAMS 0x00000000fe900000| PB 0x00000000fe900000| Untracked |  0
|2006|0x00000000fea00000, 0x00000000fea00000, 0x00000000feb00000|  0%| F|  |TAMS 0x00000000fea00000| PB 0x00000000fea00000| Untracked |  0
|2007|0x00000000feb00000, 0x00000000feb00000, 0x00000000fec00000|  0%| F|  |TAMS 0x00000000feb00000| PB 0x00000000feb00000| Untracked |  0
|2008|0x00000000fec00000, 0x00000000fed00000, 0x00000000fed00000|100%| E|  |TAMS 0x00000000fec00000| PB 0x00000000fec00000| Complete |  0
|2009|0x00000000fed00000, 0x00000000fee00000, 0x00000000fee00000|100%| E|CS|TAMS 0x00000000fed00000| PB 0x00000000fed00000| Complete |  0
|2010|0x00000000fee00000, 0x00000000fef00000, 0x00000000fef00000|100%| E|CS|TAMS 0x00000000fee00000| PB 0x00000000fee00000| Complete |  0
|2011|0x00000000fef00000, 0x00000000ff000000, 0x00000000ff000000|100%| E|CS|TAMS 0x00000000fef00000| PB 0x00000000fef00000| Complete |  0
|2012|0x00000000ff000000, 0x00000000ff100000, 0x00000000ff100000|100%| E|CS|TAMS 0x00000000ff000000| PB 0x00000000ff000000| Complete |  0
|2013|0x00000000ff100000, 0x00000000ff200000, 0x00000000ff200000|100%| E|CS|TAMS 0x00000000ff100000| PB 0x00000000ff100000| Complete |  0
|2014|0x00000000ff200000, 0x00000000ff300000, 0x00000000ff300000|100%| E|CS|TAMS 0x00000000ff200000| PB 0x00000000ff200000| Complete |  0
|2015|0x00000000ff300000, 0x00000000ff400000, 0x00000000ff400000|100%| E|CS|TAMS 0x00000000ff300000| PB 0x00000000ff300000| Complete |  0
|2016|0x00000000ff400000, 0x00000000ff500000, 0x00000000ff500000|100%| E|CS|TAMS 0x00000000ff400000| PB 0x00000000ff400000| Complete |  0
|2017|0x00000000ff500000, 0x00000000ff600000, 0x00000000ff600000|100%| E|CS|TAMS 0x00000000ff500000| PB 0x00000000ff500000| Complete |  0
|2018|0x00000000ff600000, 0x00000000ff700000, 0x00000000ff700000|100%| E|CS|TAMS 0x00000000ff600000| PB 0x00000000ff600000| Complete |  0
|2019|0x00000000ff700000, 0x00000000ff800000, 0x00000000ff800000|100%| E|CS|TAMS 0x00000000ff700000| PB 0x00000000ff700000| Complete |  0
|2020|0x00000000ff800000, 0x00000000ff900000, 0x00000000ff900000|100%| E|CS|TAMS 0x00000000ff800000| PB 0x00000000ff800000| Complete |  0
|2021|0x00000000ff900000, 0x00000000ffa00000, 0x00000000ffa00000|100%| E|CS|TAMS 0x00000000ff900000| PB 0x00000000ff900000| Complete |  0
|2022|0x00000000ffa00000, 0x00000000ffb00000, 0x00000000ffb00000|100%| E|CS|TAMS 0x00000000ffa00000| PB 0x00000000ffa00000| Complete |  0
|2023|0x00000000ffb00000, 0x00000000ffc00000, 0x00000000ffc00000|100%| E|CS|TAMS 0x00000000ffb00000| PB 0x00000000ffb00000| Complete |  0
|2024|0x00000000ffc00000, 0x00000000ffd00000, 0x00000000ffd00000|100%| E|CS|TAMS 0x00000000ffc00000| PB 0x00000000ffc00000| Complete |  0
|2025|0x00000000ffd00000, 0x00000000ffe00000, 0x00000000ffe00000|100%| E|CS|TAMS 0x00000000ffd00000| PB 0x00000000ffd00000| Complete |  0
|2026|0x00000000ffe00000, 0x00000000fff00000, 0x00000000fff00000|100%| O|  |TAMS 0x00000000ffe00000| PB 0x00000000ffe00000| Untracked |  0
|2027|0x00000000fff00000, 0x00000000fff24e30, 0x0000000100000000| 14%| O|  |TAMS 0x00000000fff00000| PB 0x00000000fff00000| Untracked |  0

Card table byte_map: [0x000001e1b2520000,0x000001e1b2920000] _byte_map_base: 0x000001e1b2116000

Marking Bits: (CMBitMap*) 0x000001e19a8ff380
 Bits: [0x000001e1b2920000, 0x000001e1b48d0000)

Polling page: 0x000001e19a060000

Metaspace:
Metaspace        used 14411K, committed 14720K, reserved 1114112K
 class space     used 1083K, committed 1216K, reserved 1048576K

Usage:
  Non-class:     13.02 MB used.
      Class:      1.06 MB used.
       Both:     14.07 MB used.

Virtual space:
  Non-class space:       64.00 MB reserved,      13.19 MB ( 21%) committed,  1 nodes.
      Class space:        1.00 GB reserved,       1.19 MB ( <1%) committed,  1 nodes.
             Both:        1.06 GB reserved,      14.38 MB (  1%) committed. 

Chunk freelists:
   Non-Class:  2.11 MB
       Class:  14.84 MB
        Both:  16.95 MB

MaxMetaspaceSize: unlimited
CompressedClassSpaceSize: 1.00 GB
Initial GC threshold: 21.00 MB
Current GC threshold: 21.00 MB
CDS: on
 - commit_granule_bytes: 65536.
 - commit_granule_words: 8192.
 - virtual_space_node_default_size: 8388608.
 - enlarge_chunks_in_place: 1.
UseCompressedClassPointers 1, UseCompactObjectHeaders 0
Narrow klass pointer bits 32, Max shift 3
Narrow klass base: 0x0000000029000000, Narrow klass shift: 0
Encoding Range: [0x0000000029000000 - 0x0000000129000000), (4294967296 bytes)
Klass Range:    [0x0000000029010000 - 0x000000006a000000), (1090453504 bytes)
Klass ID Range:  [65536 - 1090519033) (1090453497)
Protection zone: [0x0000000029000000 - 0x0000000029010000), (65536 bytes)


Internal statistics:

num_allocs_failed_limit: 0.
num_arena_births: 192.
num_arena_deaths: 0.
num_vsnodes_births: 2.
num_vsnodes_deaths: 0.
num_space_committed: 229.
num_space_uncommitted: 0.
num_chunks_returned_to_freelist: 0.
num_chunks_taken_from_freelist: 642.
num_chunk_merges: 0.
num_chunk_splits: 477.
num_chunks_enlarged: 379.
num_inconsistent_stats: 0.

CodeHeap 'non-profiled nmethods': size=120064Kb used=1968Kb max_used=1968Kb free=118095Kb
 bounds [0x000001e1aabe0000, 0x000001e1aae50000, 0x000001e1b2120000]
CodeHeap 'profiled nmethods': size=120000Kb used=5845Kb max_used=5845Kb free=114154Kb
 bounds [0x000001e1a3120000, 0x000001e1a36e0000, 0x000001e1aa650000]
CodeHeap 'non-nmethods': size=5696Kb used=2350Kb max_used=2412Kb free=3345Kb
 bounds [0x000001e1aa650000, 0x000001e1aa8c0000, 0x000001e1aabe0000]
CodeCache: size=245760Kb, used=10163Kb, max_used=10225Kb, free=235594Kb
 total_blobs=5402, nmethods=3903, adapters=1402, full_count=0
Compilation: enabled, stopped_count=0, restarted_count=0

Compilation events (20 events):
Event: 55.995 Thread 0x000001e1b6eaacf0 3967       3       com.badlogic.gdx.graphics.Texture::<init> (17 bytes)
Event: 55.995 Thread 0x000001e1b6eaacf0 nmethod 3967 0x000001e1a36d0f88 code [0x000001e1a36d1080, 0x000001e1a36d1578]
Event: 55.995 Thread 0x000001e1b6eaacf0 3968       3       com.badlogic.gdx.graphics.Texture::<init> (28 bytes)
Event: 55.996 Thread 0x000001e1b6eaacf0 nmethod 3968 0x000001e1a36d1588 code [0x000001e1a36d1680, 0x000001e1a36d19c0]
Event: 55.996 Thread 0x000001e1b6eaacf0 3969       3       com.badlogic.gdx.graphics.Texture::load (116 bytes)
Event: 55.996 Thread 0x000001e1b6eaacf0 nmethod 3969 0x000001e1a36d1a08 code [0x000001e1a36d1b00, 0x000001e1a36d2760]
Event: 55.996 Thread 0x000001e1b6eaacf0 3970       3       com.badlogic.gdx.graphics.GLTexture::uploadImageData (7 bytes)
Event: 55.996 Thread 0x000001e1b6eaacf0 nmethod 3970 0x000001e1a36d2788 code [0x000001e1a36d2880, 0x000001e1a36d2998]
Event: 55.996 Thread 0x000001e1b6eaacf0 3971       3       com.badlogic.gdx.graphics.GLTexture::uploadImageData (239 bytes)
Event: 55.998 Thread 0x000001e1b6e9d390 3972       4       java.lang.Math::min (46 bytes)
Event: 55.998 Thread 0x000001e1b6eaacf0 nmethod 3971 0x000001e1a36d2a88 code [0x000001e1a36d2b80, 0x000001e1a36d4c20]
Event: 55.999 Thread 0x000001e1b6e9d390 nmethod 3972 0x000001e1aadcae08 code [0x000001e1aadcaf20, 0x000001e1aadcb030]
Event: 56.443 Thread 0x000001e1b6e9d390 3973       4       net.mgsx.gltf.scene3d.shaders.PBRShader$16::set (112 bytes)
Event: 56.461 Thread 0x000001e1b6e9d390 nmethod 3973 0x000001e1aadcb108 code [0x000001e1aadcb200, 0x000001e1aadcbe00]
Event: 56.726 Thread 0x000001e1b6eaacf0 3974       1       com.badlogic.gdx.scenes.scene2d.InputEvent::setPointer (6 bytes)
Event: 56.726 Thread 0x000001e1b6eaacf0 nmethod 3974 0x000001e1aadcbe88 code [0x000001e1aadcbf80, 0x000001e1aadcc048]
Event: 56.745 Thread 0x000001e1b6eaacf0 3975       3       com.badlogic.gdx.utils.Array::removeValue (99 bytes)
Event: 56.746 Thread 0x000001e1b6eaacf0 nmethod 3975 0x000001e1a36d4c88 code [0x000001e1a36d4d80, 0x000001e1a36d53a8]
Event: 56.751 Thread 0x000001e1b6eaacf0 3976       3       java.lang.invoke.MethodHandleNatives::findMethodHandleType (7 bytes)
Event: 56.751 Thread 0x000001e1b6eaacf0 nmethod 3976 0x000001e1a36d5408 code [0x000001e1a36d5500, 0x000001e1a36d5618]

GC Heap Usage History (20 events):
Event: 1.683 {heap Before GC invocations=0 (full 0):
 garbage-first heap   total reserved 2076672K, committed 133120K, used 29843K [0x0000000081400000, 0x0000000100000000)
  region size 1024K, 28 young (28672K), 0 survivors (0K)
}
Event: 1.686 {heap After GC invocations=1 (full 0):
 garbage-first heap   total reserved 2076672K, committed 133120K, used 3731K [0x0000000081400000, 0x0000000100000000)
  region size 1024K, 3 young (3072K), 3 survivors (3072K)
}
Event: 1.726 {heap Before GC invocations=1 (full 0):
 garbage-first heap   total reserved 2076672K, committed 133120K, used 59027K [0x0000000081400000, 0x0000000100000000)
  region size 1024K, 58 young (59392K), 3 survivors (3072K)
}
Event: 1.731 {heap After GC invocations=2 (full 0):
 garbage-first heap   total reserved 2076672K, committed 133120K, used 4040K [0x0000000081400000, 0x0000000100000000)
  region size 1024K, 3 young (3072K), 3 survivors (3072K)
}
Event: 6.293 {heap Before GC invocations=2 (full 0):
 garbage-first heap   total reserved 2076672K, committed 133120K, used 112584K [0x0000000081400000, 0x0000000100000000)
  region size 1024K, 56 young (57344K), 3 survivors (3072K)
}
Event: 6.296 {heap After GC invocations=3 (full 0):
 garbage-first heap   total reserved 2076672K, committed 133120K, used 13164K [0x0000000081400000, 0x0000000100000000)
  region size 1024K, 4 young (4096K), 4 survivors (4096K)
}
Event: 6.654 {heap Before GC invocations=3 (full 0):
 garbage-first heap   total reserved 2076672K, committed 133120K, used 79724K [0x0000000081400000, 0x0000000100000000)
  region size 1024K, 27 young (27648K), 4 survivors (4096K)
}
Event: 6.664 {heap After GC invocations=4 (full 0):
 garbage-first heap   total reserved 2076672K, committed 133120K, used 20627K [0x0000000081400000, 0x0000000100000000)
  region size 1024K, 10 young (10240K), 10 survivors (10240K)
}
Event: 7.738 {heap Before GC invocations=4 (full 0):
 garbage-first heap   total reserved 2076672K, committed 133120K, used 94355K [0x0000000081400000, 0x0000000100000000)
  region size 1024K, 37 young (37888K), 10 survivors (10240K)
}
Event: 7.757 {heap After GC invocations=5 (full 0):
 garbage-first heap   total reserved 2076672K, committed 133120K, used 32915K [0x0000000081400000, 0x0000000100000000)
  region size 1024K, 10 young (10240K), 10 survivors (10240K)
}
Event: 7.782 {heap Before GC invocations=5 (full 0):
 garbage-first heap   total reserved 2076672K, committed 133120K, used 59539K [0x0000000081400000, 0x0000000100000000)
  region size 1024K, 11 young (11264K), 10 survivors (10240K)
}
Event: 7.788 {heap After GC invocations=6 (full 0):
 garbage-first heap   total reserved 2076672K, committed 133120K, used 45715K [0x0000000081400000, 0x0000000100000000)
  region size 1024K, 0 young (0K), 0 survivors (0K)
}
Event: 7.954 {heap Before GC invocations=6 (full 0):
 garbage-first heap   total reserved 2076672K, committed 133120K, used 131731K [0x0000000081400000, 0x0000000100000000)
  region size 1024K, 51 young (52224K), 0 survivors (0K)
}
Event: 7.983 {heap After GC invocations=7 (full 0):
 garbage-first heap   total reserved 2076672K, committed 323584K, used 93331K [0x0000000081400000, 0x0000000100000000)
  region size 1024K, 8 young (8192K), 8 survivors (8192K)
}
Event: 8.592 {heap Before GC invocations=7 (full 0):
 garbage-first heap   total reserved 2076672K, committed 323584K, used 214163K [0x0000000081400000, 0x0000000100000000)
  region size 1024K, 71 young (72704K), 8 survivors (8192K)
}
Event: 8.684 {heap After GC invocations=8 (full 0):
 garbage-first heap   total reserved 2076672K, committed 323584K, used 126611K [0x0000000081400000, 0x0000000100000000)
  region size 1024K, 17 young (17408K), 17 survivors (17408K)
}
Event: 8.783 {heap Before GC invocations=8 (full 0):
 garbage-first heap   total reserved 2076672K, committed 323584K, used 209555K [0x0000000081400000, 0x0000000100000000)
  region size 1024K, 93 young (95232K), 17 survivors (17408K)
}
Event: 8.830 {heap After GC invocations=9 (full 0):
 garbage-first heap   total reserved 2076672K, committed 323584K, used 179859K [0x0000000081400000, 0x0000000100000000)
  region size 1024K, 12 young (12288K), 12 survivors (12288K)
}
Event: 9.069 {heap Before GC invocations=9 (full 0):
 garbage-first heap   total reserved 2076672K, committed 323584K, used 201363K [0x0000000081400000, 0x0000000100000000)
  region size 1024K, 34 young (34816K), 12 survivors (12288K)
}
Event: 9.085 {heap After GC invocations=10 (full 0):
 garbage-first heap   total reserved 2076672K, committed 323584K, used 193171K [0x0000000081400000, 0x0000000100000000)
  region size 1024K, 9 young (9216K), 9 survivors (9216K)
}

Metaspace Usage History (20 events):
Event: 1.683 {metaspace Before GC invocations=0 (full 0):
 Metaspace       used 6685K, committed 6912K, reserved 1114112K
  class space    used 397K, committed 512K, reserved 1048576K
}
Event: 1.686 {metaspace After GC invocations=1 (full 0):
 Metaspace       used 6685K, committed 6912K, reserved 1114112K
  class space    used 397K, committed 512K, reserved 1048576K
}
Event: 1.726 {metaspace Before GC invocations=1 (full 0):
 Metaspace       used 6689K, committed 6912K, reserved 1114112K
  class space    used 397K, committed 512K, reserved 1048576K
}
Event: 1.731 {metaspace After GC invocations=2 (full 0):
 Metaspace       used 6689K, committed 6912K, reserved 1114112K
  class space    used 397K, committed 512K, reserved 1048576K
}
Event: 6.293 {metaspace Before GC invocations=2 (full 0):
 Metaspace       used 9761K, committed 9984K, reserved 1114112K
  class space    used 725K, committed 832K, reserved 1048576K
}
Event: 6.296 {metaspace After GC invocations=3 (full 0):
 Metaspace       used 9761K, committed 9984K, reserved 1114112K
  class space    used 725K, committed 832K, reserved 1048576K
}
Event: 6.654 {metaspace Before GC invocations=3 (full 0):
 Metaspace       used 9964K, committed 10176K, reserved 1114112K
  class space    used 747K, committed 832K, reserved 1048576K
}
Event: 6.664 {metaspace After GC invocations=4 (full 0):
 Metaspace       used 9964K, committed 10176K, reserved 1114112K
  class space    used 747K, committed 832K, reserved 1048576K
}
Event: 7.738 {metaspace Before GC invocations=4 (full 0):
 Metaspace       used 10005K, committed 10240K, reserved 1114112K
  class space    used 748K, committed 832K, reserved 1048576K
}
Event: 7.757 {metaspace After GC invocations=5 (full 0):
 Metaspace       used 10005K, committed 10240K, reserved 1114112K
  class space    used 748K, committed 832K, reserved 1048576K
}
Event: 7.782 {metaspace Before GC invocations=5 (full 0):
 Metaspace       used 10005K, committed 10240K, reserved 1114112K
  class space    used 748K, committed 832K, reserved 1048576K
}
Event: 7.788 {metaspace After GC invocations=6 (full 0):
 Metaspace       used 10005K, committed 10240K, reserved 1114112K
  class space    used 748K, committed 832K, reserved 1048576K
}
Event: 7.954 {metaspace Before GC invocations=6 (full 0):
 Metaspace       used 10006K, committed 10240K, reserved 1114112K
  class space    used 748K, committed 832K, reserved 1048576K
}
Event: 7.983 {metaspace After GC invocations=7 (full 0):
 Metaspace       used 10006K, committed 10240K, reserved 1114112K
  class space    used 748K, committed 832K, reserved 1048576K
}
Event: 8.592 {metaspace Before GC invocations=7 (full 0):
 Metaspace       used 10006K, committed 10240K, reserved 1114112K
  class space    used 748K, committed 832K, reserved 1048576K
}
Event: 8.684 {metaspace After GC invocations=8 (full 0):
 Metaspace       used 10006K, committed 10240K, reserved 1114112K
  class space    used 748K, committed 832K, reserved 1048576K
}
Event: 8.783 {metaspace Before GC invocations=8 (full 0):
 Metaspace       used 10008K, committed 10240K, reserved 1114112K
  class space    used 748K, committed 832K, reserved 1048576K
}
Event: 8.830 {metaspace After GC invocations=9 (full 0):
 Metaspace       used 10008K, committed 10240K, reserved 1114112K
  class space    used 748K, committed 832K, reserved 1048576K
}
Event: 9.069 {metaspace Before GC invocations=9 (full 0):
 Metaspace       used 12148K, committed 12416K, reserved 1114112K
  class space    used 847K, committed 960K, reserved 1048576K
}
Event: 9.085 {metaspace After GC invocations=10 (full 0):
 Metaspace       used 12148K, committed 12416K, reserved 1114112K
  class space    used 847K, committed 960K, reserved 1048576K
}

Dll operation events (15 events):
Event: 0.023 Loaded shared library C:\Users\Kirby\.jdks\openjdk-25\bin\java.dll
Event: 0.424 Loaded shared library C:\Users\Kirby\.jdks\openjdk-25\bin\zip.dll
Event: 0.429 Loaded shared library C:\Users\Kirby\.jdks\openjdk-25\bin\instrument.dll
Event: 0.437 Loaded shared library C:\Users\Kirby\.jdks\openjdk-25\bin\net.dll
Event: 0.441 Loaded shared library C:\Users\Kirby\.jdks\openjdk-25\bin\nio.dll
Event: 0.447 Loaded shared library C:\Users\Kirby\.jdks\openjdk-25\bin\zip.dll
Event: 0.583 Loaded shared library C:\Users\Kirby\.jdks\openjdk-25\bin\jimage.dll
Event: 0.593 Loaded shared library C:\Users\Kirby\.jdks\openjdk-25\bin\extnet.dll
Event: 0.597 Loaded shared library C:\ProgramData\libGDX-temp\libgdxUser_72504843_GDX1_14_0\4c3cbe99\gdx64.dll
Event: 0.744 Loaded shared library C:\Users\Kirby\AppData\Local\Temp\lwjgl_Kirby\3.3.3+5\x64\lwjgl.dll
Event: 1.460 Loaded shared library C:\Users\Kirby\AppData\Local\Temp\lwjgl_Kirby\3.3.3+5\x64\lwjgl_opengl.dll
Event: 6.078 Loaded shared library C:\Users\Kirby\AppData\Local\Temp\libgdxKirby\11105a6b\gdx-bullet64.dll
Event: 9.058 Loaded shared library C:\Users\Kirby\AppData\Local\Temp\lwjgl_Kirby\3.3.3+5\x64\lwjgl_stb.dll
Event: 9.649 Loaded shared library C:\Users\Kirby\AppData\Local\Temp\libgdxKirby\d0673c77\gdx-freetype64.dll
Event: 10.309 Loaded shared library C:\Users\Kirby\.jdks\openjdk-25\bin\verify.dll

Deoptimization events (20 events):
Event: 48.573 Thread 0x000001e19a8a5e70 Uncommon trap: trap_request=0xffffffde fr.pc=0x000001e1aadb0acc relative=0x00000000000004cc
Event: 48.573 Thread 0x000001e19a8a5e70 Uncommon trap: reason=class_check action=maybe_recompile pc=0x000001e1aadb0acc method=com.badlogic.gdx.scenes.scene2d.Group.drawDebugChildren(Lcom/badlogic/gdx/graphics/glutils/ShapeRenderer;)V @ 63 c2
Event: 48.573 Thread 0x000001e19a8a5e70 DEOPT PACKING pc=0x000001e1aadb0acc sp=0x0000003a9eeff270
Event: 48.573 Thread 0x000001e19a8a5e70 DEOPT UNPACKING pc=0x000001e1aa76f582 sp=0x0000003a9eeff238 mode 2
Event: 48.585 Thread 0x000001e19a8a5e70 Uncommon trap: trap_request=0xffffffde fr.pc=0x000001e1aadb0acc relative=0x00000000000004cc
Event: 48.585 Thread 0x000001e19a8a5e70 Uncommon trap: reason=class_check action=maybe_recompile pc=0x000001e1aadb0acc method=com.badlogic.gdx.scenes.scene2d.Group.drawDebugChildren(Lcom/badlogic/gdx/graphics/glutils/ShapeRenderer;)V @ 63 c2
Event: 48.585 Thread 0x000001e19a8a5e70 DEOPT PACKING pc=0x000001e1aadb0acc sp=0x0000003a9eeff270
Event: 48.585 Thread 0x000001e19a8a5e70 DEOPT UNPACKING pc=0x000001e1aa76f582 sp=0x0000003a9eeff238 mode 2
Event: 48.601 Thread 0x000001e19a8a5e70 Uncommon trap: trap_request=0xffffffde fr.pc=0x000001e1aadb0acc relative=0x00000000000004cc
Event: 48.601 Thread 0x000001e19a8a5e70 Uncommon trap: reason=class_check action=maybe_recompile pc=0x000001e1aadb0acc method=com.badlogic.gdx.scenes.scene2d.Group.drawDebugChildren(Lcom/badlogic/gdx/graphics/glutils/ShapeRenderer;)V @ 63 c2
Event: 48.601 Thread 0x000001e19a8a5e70 DEOPT PACKING pc=0x000001e1aadb0acc sp=0x0000003a9eeff270
Event: 48.601 Thread 0x000001e19a8a5e70 DEOPT UNPACKING pc=0x000001e1aa76f582 sp=0x0000003a9eeff238 mode 2
Event: 48.619 Thread 0x000001e19a8a5e70 Uncommon trap: trap_request=0xffffffde fr.pc=0x000001e1aadb0acc relative=0x00000000000004cc
Event: 48.619 Thread 0x000001e19a8a5e70 Uncommon trap: reason=class_check action=maybe_recompile pc=0x000001e1aadb0acc method=com.badlogic.gdx.scenes.scene2d.Group.drawDebugChildren(Lcom/badlogic/gdx/graphics/glutils/ShapeRenderer;)V @ 63 c2
Event: 48.619 Thread 0x000001e19a8a5e70 DEOPT PACKING pc=0x000001e1aadb0acc sp=0x0000003a9eeff270
Event: 48.619 Thread 0x000001e19a8a5e70 DEOPT UNPACKING pc=0x000001e1aa76f582 sp=0x0000003a9eeff238 mode 2
Event: 51.742 Thread 0x000001e19a8a5e70 Uncommon trap: trap_request=0xffffff45 fr.pc=0x000001e1aadbb7a4 relative=0x0000000000001224
Event: 51.742 Thread 0x000001e19a8a5e70 Uncommon trap: reason=unstable_if action=reinterpret pc=0x000001e1aadbb7a4 method=com.badlogic.gdx.scenes.scene2d.Group.drawDebugChildren(Lcom/badlogic/gdx/graphics/glutils/ShapeRenderer;)V @ 151 c2
Event: 51.742 Thread 0x000001e19a8a5e70 DEOPT PACKING pc=0x000001e1aadbb7a4 sp=0x0000003a9eefeed0
Event: 51.742 Thread 0x000001e19a8a5e70 DEOPT UNPACKING pc=0x000001e1aa76f582 sp=0x0000003a9eefee98 mode 2

Classes loaded (20 events):
Event: 10.394 Loading class java/security/AlgorithmConstraints
Event: 10.395 Loading class java/security/AlgorithmConstraints done
Event: 10.396 Loading class javax/net/ssl/SSLSocket
Event: 10.397 Loading class javax/net/ssl/SSLSocket done
Event: 10.399 Loading class java/net/ConnectException
Event: 10.399 Loading class java/net/ConnectException done
Event: 10.399 Loading class java/net/SocketTimeoutException
Event: 10.399 Loading class java/io/InterruptedIOException
Event: 10.400 Loading class java/io/InterruptedIOException done
Event: 10.400 Loading class java/net/SocketTimeoutException done
Event: 10.400 Loading class java/lang/StackTraceElement$HashedModules
Event: 10.400 Loading class java/lang/StackTraceElement$HashedModules done
Event: 10.404 Loading class java/lang/Throwable$WrappedPrintStream
Event: 10.404 Loading class java/lang/Throwable$PrintStreamOrWriter
Event: 10.404 Loading class java/lang/Throwable$PrintStreamOrWriter done
Event: 10.404 Loading class java/lang/Throwable$WrappedPrintStream done
Event: 11.781 Loading class java/lang/FdLibm$Acos
Event: 11.782 Loading class java/lang/FdLibm$Acos done
Event: 13.934 Loading class java/lang/FdLibm$Atan
Event: 13.934 Loading class java/lang/FdLibm$Atan done

Classes unloaded (0 events):
No events

Classes redefined (0 events):
No events

Internal exceptions (20 events):
Event: 6.152 Thread 0x000001e1b6f0d160 Exception <a 'java/lang/NoSuchMethodError'{0x000000008639b1c0}: 'void java.lang.invoke.Invokers$Holder.invokeExact_MT(java.lang.Object, java.lang.Object, java.lang.Object, java.lang.Object)'> (0x000000008639b1c0) 
thrown [s\open\src\hotspot\share\interpreter\linkResolver.cpp, line 804]
Event: 6.153 Thread 0x000001e1b6f0d160 Exception <a 'java/lang/NoSuchMethodError'{0x00000000863b6958}: 'void java.lang.invoke.DelegatingMethodHandle$Holder.reinvoke_L(java.lang.Object, java.lang.Object, int)'> (0x00000000863b6958) 
thrown [s\open\src\hotspot\share\interpreter\linkResolver.cpp, line 804]
Event: 6.154 Thread 0x000001e1b6f0d160 Exception <a 'java/lang/NoSuchMethodError'{0x00000000863c6d98}: 'void java.lang.invoke.Invokers$Holder.invokeExact_MT(java.lang.Object, java.lang.Object, int, java.lang.Object)'> (0x00000000863c6d98) 
thrown [s\open\src\hotspot\share\interpreter\linkResolver.cpp, line 804]
Event: 6.164 Thread 0x000001e1b6f0d160 Exception <a 'java/lang/NoSuchMethodError'{0x0000000086206900}: 'float java.lang.invoke.DelegatingMethodHandle$Holder.reinvoke_L(java.lang.Object, java.lang.Object)'> (0x0000000086206900) 
thrown [s\open\src\hotspot\share\interpreter\linkResolver.cpp, line 804]
Event: 6.166 Thread 0x000001e1b6f0d160 Exception <a 'java/lang/NoSuchMethodError'{0x000000008621ef20}: 'void java.lang.invoke.DelegatingMethodHandle$Holder.reinvoke_L(java.lang.Object, java.lang.Object, float)'> (0x000000008621ef20) 
thrown [s\open\src\hotspot\share\interpreter\linkResolver.cpp, line 804]
Event: 7.661 Thread 0x000001e19a8a5e70 Implicit null exception at 0x000001e1aac777a9 to 0x000001e1aac7920c
Event: 9.041 Thread 0x000001e1b6f0d160 Exception <a 'java/lang/NoSuchMethodError'{0x0000000092524478}: 'void java.lang.System.load(java.lang.String, java.lang.Class)'> (0x0000000092524478) 
thrown [s\open\src\hotspot\share\interpreter\linkResolver.cpp, line 804]
Event: 9.042 Thread 0x000001e1b6f0d160 Exception <a 'java/lang/NoSuchMethodError'{0x000000009252c258}: 'void java.lang.System.loadLibrary(java.lang.String, java.lang.Class)'> (0x000000009252c258) 
thrown [s\open\src\hotspot\share\interpreter\linkResolver.cpp, line 804]
Event: 9.056 Thread 0x000001e1b6f0d160 Exception <a 'sun/nio/fs/WindowsException'{0x0000000092540730}> (0x0000000092540730) 
thrown [s\open\src\hotspot\share\prims\jni.cpp, line 516]
Event: 9.056 Thread 0x000001e1b6f0d160 Exception <a 'sun/nio/fs/WindowsException'{0x0000000092540ab0}> (0x0000000092540ab0) 
thrown [s\open\src\hotspot\share\prims\jni.cpp, line 516]
Event: 9.651 Thread 0x000001e19a8a5e70 Exception <a 'java/io/FileNotFoundException'{0x0000000093798ea0}> (0x0000000093798ea0) 
thrown [s\open\src\hotspot\share\prims\jni.cpp, line 516]
Event: 9.747 Thread 0x000001e19a8a5e70 Exception <a 'java/io/FileNotFoundException'{0x00000000ffc574f8}> (0x00000000ffc574f8) 
thrown [s\open\src\hotspot\share\prims\jni.cpp, line 516]
Event: 10.035 Thread 0x000001e19a8a5e70 Implicit null exception at 0x000001e1aac55a0e to 0x000001e1aac55e70
Event: 10.241 Thread 0x000001e19a8a5e70 Exception <a 'java/lang/NoSuchMethodError'{0x00000000ff71b410}: 'int java.lang.invoke.DirectMethodHandle$Holder.invokeStatic(java.lang.Object, int, java.lang.Object)'> (0x00000000ff71b410) 
thrown [s\open\src\hotspot\share\interpreter\linkResolver.cpp, line 804]
Event: 10.324 Thread 0x000001e19a8a5e70 Exception <a 'java/lang/NoSuchMethodError'{0x00000000ff648340}: 'java.lang.Object java.lang.invoke.DirectMethodHandle$Holder.invokeStaticInit(java.lang.Object, int, int, int, int)'> (0x00000000ff648340) 
thrown [s\open\src\hotspot\share\interpreter\linkResolver.cpp, line 804]
Event: 10.399 Thread 0x000001e1bc22caf0 Exception <a 'java/net/ConnectException'{0x00000000ff484ec8}: Connection refused: connect> (0x00000000ff484ec8) 
thrown [s\open\src\hotspot\share\prims\jni.cpp, line 534]
Event: 10.402 Thread 0x000001e1bc22f200 Exception <a 'java/net/ConnectException'{0x00000000ff400578}: Connection refused: connect> (0x00000000ff400578) 
thrown [s\open\src\hotspot\share\prims\jni.cpp, line 534]
Event: 10.538 Thread 0x000001e19a8a5e70 Implicit null exception at 0x000001e1aac5758d to 0x000001e1aac57774
Event: 15.003 Thread 0x000001e19a8a5e70 Implicit null exception at 0x000001e1aad1cfb8 to 0x000001e1aad1dbe8
Event: 15.003 Thread 0x000001e19a8a5e70 Implicit null exception at 0x000001e1aad45957 to 0x000001e1aad45a4c

VM Operations (20 events):
Event: 9.215 Executing safepoint VM operation: G1PauseRemark
Event: 9.216 Executing safepoint VM operation: G1PauseRemark done
Event: 9.258 Executing safepoint VM operation: G1PauseCleanup
Event: 9.258 Executing safepoint VM operation: G1PauseCleanup done
Event: 9.637 Executing non-safepoint VM operation: HandshakeAllThreads (Deoptimize)
Event: 9.637 Executing non-safepoint VM operation: HandshakeAllThreads (Deoptimize) done
Event: 9.669 Executing non-safepoint VM operation: HandshakeAllThreads (Deoptimize)
Event: 9.669 Executing non-safepoint VM operation: HandshakeAllThreads (Deoptimize) done
Event: 9.894 Executing non-safepoint VM operation: HandshakeAllThreads (Deoptimize)
Event: 9.894 Executing non-safepoint VM operation: HandshakeAllThreads (Deoptimize) done
Event: 9.906 Executing non-safepoint VM operation: HandshakeAllThreads (Deoptimize)
Event: 9.906 Executing non-safepoint VM operation: HandshakeAllThreads (Deoptimize) done
Event: 9.910 Executing non-safepoint VM operation: HandshakeAllThreads (Deoptimize)
Event: 9.910 Executing non-safepoint VM operation: HandshakeAllThreads (Deoptimize) done
Event: 10.256 Executing non-safepoint VM operation: HandshakeAllThreads (Deoptimize)
Event: 10.256 Executing non-safepoint VM operation: HandshakeAllThreads (Deoptimize) done
Event: 10.257 Executing non-safepoint VM operation: HandshakeAllThreads (Deoptimize)
Event: 10.257 Executing non-safepoint VM operation: HandshakeAllThreads (Deoptimize) done
Event: 10.322 Executing non-safepoint VM operation: HandshakeAllThreads (Deoptimize)
Event: 10.322 Executing non-safepoint VM operation: HandshakeAllThreads (Deoptimize) done

Memory protections (0 events):
No events

Nmethod flushes (0 events):
No events

Events (20 events):
Event: 0.433 Thread 0x000001e19a8a5e70 Thread added: 0x000001e1bb167a30
Event: 0.460 Thread 0x000001e1b6e9d390 Thread added: 0x000001e1bb194800
Event: 0.565 Thread 0x000001e19a8a5e70 Thread added: 0x000001e1bb4dc220
Event: 0.566 Thread 0x000001e19a8a5e70 Thread added: 0x000001e1bb4dc9e0
Event: 1.118 Thread 0x000001e19a8a5e70 Thread added: 0x000001e1bc087380
Event: 1.423 Thread 0x000001e1bb194800 Thread exited: 0x000001e1bb194800
Event: 3.305 Thread 0x000001e19a8a5e70 Thread added: 0x000001e1bca74e20
Event: 4.363 Thread 0x000001e19a8a5e70 Thread added: 0x000001e1bcab4d80
Event: 6.117 Thread 0x000001e19a8a5e70 Thread added: 0x000001e1b6f0d160
Event: 6.215 Thread 0x000001e1b6eaacf0 Thread added: 0x000001e1bc6c7950
Event: 7.312 Thread 0x000001e1bc6c7950 Thread exited: 0x000001e1bc6c7950
Event: 7.671 Thread 0x000001e1b6eaacf0 Thread added: 0x000001e1bc6c9180
Event: 8.579 Thread 0x000001e1bc6c9180 Thread exited: 0x000001e1bc6c9180
Event: 10.346 Thread 0x000001e19a8a5e70 Thread added: 0x000001e1dc549410
Event: 10.390 Thread 0x000001e1dc549410 Thread added: 0x000001e1bc22caf0
Event: 10.391 Thread 0x000001e1dc549410 Thread added: 0x000001e1bc22f200
Event: 10.401 Thread 0x000001e1bc22caf0 Thread exited: 0x000001e1bc22caf0
Event: 10.402 Thread 0x000001e1bc22f200 Thread exited: 0x000001e1bc22f200
Event: 10.405 Thread 0x000001e1dc549410 Thread exited: 0x000001e1dc549410
Event: 56.752 Thread 0x000001e1b6f0d160 Thread exited: 0x000001e1b6f0d160


Dynamic libraries:
0x00007ff6a2380000 - 0x00007ff6a238e000 	C:\Users\Kirby\.jdks\openjdk-25\bin\java.exe
0x00007ffb3c1b0000 - 0x00007ffb3c3a8000 	C:\Windows\SYSTEM32\ntdll.dll
0x00007ffb3a330000 - 0x00007ffb3a3f2000 	C:\Windows\System32\KERNEL32.DLL
0x00007ffb39b70000 - 0x00007ffb39e66000 	C:\Windows\System32\KERNELBASE.dll
0x00007ffb39840000 - 0x00007ffb39940000 	C:\Windows\System32\ucrtbase.dll
0x00007ffb34520000 - 0x00007ffb34537000 	C:\Users\Kirby\.jdks\openjdk-25\bin\jli.dll
0x00007ffb318c0000 - 0x00007ffb318de000 	C:\Users\Kirby\.jdks\openjdk-25\bin\VCRUNTIME140.dll
0x00007ffb3b410000 - 0x00007ffb3b5b1000 	C:\Windows\System32\USER32.dll
0x00007ffb39fd0000 - 0x00007ffb39ff2000 	C:\Windows\System32\win32u.dll
0x00007ffb3ba30000 - 0x00007ffb3ba5b000 	C:\Windows\System32\GDI32.dll
0x00007ffb3a000000 - 0x00007ffb3a119000 	C:\Windows\System32\gdi32full.dll
0x00007ffb39940000 - 0x00007ffb399dd000 	C:\Windows\System32\msvcp_win.dll
0x00007ffb1f850000 - 0x00007ffb1faeb000 	C:\Windows\WinSxS\amd64_microsoft.windows.common-controls_6595b64144ccf1df_6.0.19041.6456_none_60b8a6cb71f64256\COMCTL32.dll
0x00007ffb3bd10000 - 0x00007ffb3bdae000 	C:\Windows\System32\msvcrt.dll
0x00007ffb3a300000 - 0x00007ffb3a32f000 	C:\Windows\System32\IMM32.DLL
0x00007ffb34510000 - 0x00007ffb3451c000 	C:\Users\Kirby\.jdks\openjdk-25\bin\vcruntime140_1.dll
0x00007ffb1ba80000 - 0x00007ffb1bb0d000 	C:\Users\Kirby\.jdks\openjdk-25\bin\msvcp140.dll
0x00007ffaf1350000 - 0x00007ffaf21af000 	C:\Users\Kirby\.jdks\openjdk-25\bin\server\jvm.dll
0x00007ffb3aad0000 - 0x00007ffb3ab81000 	C:\Windows\System32\ADVAPI32.dll
0x00007ffb3b370000 - 0x00007ffb3b40f000 	C:\Windows\System32\sechost.dll
0x00007ffb3bae0000 - 0x00007ffb3bc00000 	C:\Windows\System32\RPCRT4.dll
0x00007ffb3a1a0000 - 0x00007ffb3a1c7000 	C:\Windows\System32\bcrypt.dll
0x00007ffb3ba70000 - 0x00007ffb3badb000 	C:\Windows\System32\WS2_32.dll
0x00007ffb39580000 - 0x00007ffb395cb000 	C:\Windows\SYSTEM32\POWRPROF.dll
0x00007ffb29500000 - 0x00007ffb29527000 	C:\Windows\SYSTEM32\WINMM.dll
0x00007ffb34830000 - 0x00007ffb3483a000 	C:\Windows\SYSTEM32\VERSION.dll
0x00007ffb392b0000 - 0x00007ffb392c2000 	C:\Windows\SYSTEM32\UMPDC.dll
0x00007ffb37690000 - 0x00007ffb376a2000 	C:\Windows\SYSTEM32\kernel.appcore.dll
0x00007ffb2fbc0000 - 0x00007ffb2fbca000 	C:\Users\Kirby\.jdks\openjdk-25\bin\jimage.dll
0x00007ffb247c0000 - 0x00007ffb249c1000 	C:\Windows\SYSTEM32\DBGHELP.DLL
0x00007ffb16db0000 - 0x00007ffb16de4000 	C:\Windows\SYSTEM32\dbgcore.DLL
0x00007ffb399e0000 - 0x00007ffb39a62000 	C:\Windows\System32\bcryptPrimitives.dll
0x00007ffb2fba0000 - 0x00007ffb2fbb0000 	C:\Users\Kirby\.jdks\openjdk-25\bin\instrument.dll
0x00007ffb2fac0000 - 0x00007ffb2fadf000 	C:\Users\Kirby\.jdks\openjdk-25\bin\java.dll
0x00007ffb3a1d0000 - 0x00007ffb3a2fb000 	C:\Windows\System32\ole32.dll
0x00007ffb3bdb0000 - 0x00007ffb3c104000 	C:\Windows\System32\combase.dll
0x00007ffb3ac00000 - 0x00007ffb3b370000 	C:\Windows\System32\SHELL32.dll
0x00007ffb37890000 - 0x00007ffb38035000 	C:\Windows\SYSTEM32\windows.storage.dll
0x00007ffb39120000 - 0x00007ffb3914b000 	C:\Windows\SYSTEM32\Wldp.dll
0x00007ffb3a430000 - 0x00007ffb3a4fd000 	C:\Windows\System32\OLEAUT32.dll
0x00007ffb3bc60000 - 0x00007ffb3bd0d000 	C:\Windows\System32\SHCORE.dll
0x00007ffb3c110000 - 0x00007ffb3c16b000 	C:\Windows\System32\shlwapi.dll
0x00007ffb39770000 - 0x00007ffb39794000 	C:\Windows\SYSTEM32\profapi.dll
0x00007ffb2faa0000 - 0x00007ffb2fab7000 	C:\Users\Kirby\.jdks\openjdk-25\bin\zip.dll
0x00007ffb2fa10000 - 0x00007ffb2fa22000 	C:\Users\Kirby\.jdks\openjdk-25\bin\net.dll
0x00007ffb38e90000 - 0x00007ffb38efa000 	C:\Windows\system32\mswsock.dll
0x00007ffb2a110000 - 0x00007ffb2a126000 	C:\Users\Kirby\.jdks\openjdk-25\bin\nio.dll
0x00007ffb2fb90000 - 0x00007ffb2fb99000 	C:\Users\Kirby\.jdks\openjdk-25\bin\extnet.dll
0x00007ffb1a6f0000 - 0x00007ffb1a717000 	C:\ProgramData\libGDX-temp\libgdxUser_72504843_GDX1_14_0\4c3cbe99\gdx64.dll
0x00007ffb15b50000 - 0x00007ffb15bcb000 	C:\Users\Kirby\AppData\Local\Temp\lwjgl_Kirby\3.3.3+5\x64\lwjgl.dll
0x00007ffaf8dc0000 - 0x00007ffaf9030000 	C:\Users\Kirby\AppData\Local\Temp\lwjgl_Kirby\3.3.3+5\x64\jemalloc.dll
0x00007ffb14970000 - 0x00007ffb149f2000 	C:\Users\Kirby\AppData\Local\Temp\lwjgl_Kirby\3.3.3+5\x64\glfw.dll
0x00007ffb19610000 - 0x00007ffb19655000 	C:\Windows\SYSTEM32\dinput8.dll
0x00007ffb26840000 - 0x00007ffb26851000 	C:\Windows\SYSTEM32\xinput1_4.dll
0x00007ffb39a70000 - 0x00007ffb39abe000 	C:\Windows\System32\cfgmgr32.dll
0x00007ffb395d0000 - 0x00007ffb39603000 	C:\Windows\SYSTEM32\DEVOBJ.dll
0x00007ffb37390000 - 0x00007ffb373be000 	C:\Windows\SYSTEM32\dwmapi.dll
0x00007ffb37180000 - 0x00007ffb3721e000 	C:\Windows\system32\uxtheme.dll
0x00007ffb302b0000 - 0x00007ffb30402000 	C:\Windows\SYSTEM32\inputhost.dll
0x00007ffb369a0000 - 0x00007ffb36a92000 	C:\Windows\SYSTEM32\CoreMessaging.dll
0x00007ffb34e90000 - 0x00007ffb34f84000 	C:\Windows\SYSTEM32\PROPSYS.dll
0x00007ffb35190000 - 0x00007ffb352e7000 	C:\Windows\SYSTEM32\wintypes.dll
0x00007ffb362c0000 - 0x00007ffb3661b000 	C:\Windows\SYSTEM32\CoreUIComponents.dll
0x00007ffb38a20000 - 0x00007ffb38a53000 	C:\Windows\SYSTEM32\ntmarta.dll
0x00007ffb3b6d0000 - 0x00007ffb3b7e5000 	C:\Windows\System32\MSCTF.dll
0x00007ffaf8bf0000 - 0x00007ffaf8db7000 	C:\Users\Kirby\AppData\Local\Temp\lwjgl_Kirby\3.3.3+5\x64\OpenAL.dll
0x00007ffb3b5c0000 - 0x00007ffb3b669000 	C:\Windows\System32\clbcatq.dll
0x00007ffb34340000 - 0x00007ffb343c5000 	C:\Windows\System32\MMDevApi.dll
0x00007ffb33f70000 - 0x00007ffb340f1000 	C:\Windows\SYSTEM32\AUDIOSES.DLL
0x00007ffb37290000 - 0x00007ffb372a4000 	C:\Windows\SYSTEM32\resourcepolicyclient.dll
0x00007ffb24e30000 - 0x00007ffb24f58000 	C:\Windows\SYSTEM32\opengl32.dll
0x00007ffb28c00000 - 0x00007ffb28c2c000 	C:\Windows\SYSTEM32\GLU32.dll
0x00007ffb33080000 - 0x00007ffb33186000 	C:\Windows\System32\AppXDeploymentClient.dll
0x00007ffadb9d0000 - 0x00007ffadca75000 	C:\Windows\System32\DriverStore\FileRepository\iigd_dch.inf_amd64_51f685305808e3a5\ig9icd64.dll
0x00007ffb38080000 - 0x00007ffb38176000 	C:\Windows\system32\dxgi.dll
0x00007ffb03ee0000 - 0x00007ffb0400c000 	C:\Windows\System32\DriverStore\FileRepository\iigd_dch.inf_amd64_51f685305808e3a5\igdml64.dll
0x00007ffb30760000 - 0x00007ffb30b69000 	C:\Windows\System32\DriverStore\FileRepository\iigd_dch.inf_amd64_51f685305808e3a5\igdgmm64.dll
0x00007ffb2bbf0000 - 0x00007ffb2f384000 	C:\Windows\System32\DriverStore\FileRepository\iigd_dch.inf_amd64_51f685305808e3a5\igc64.dll
0x00007ffb338e0000 - 0x00007ffb3398e000 	C:\Windows\SYSTEM32\mscms.dll
0x00007ffb396f0000 - 0x00007ffb3971e000 	C:\Windows\SYSTEM32\USERENV.dll
0x00007ffb33d90000 - 0x00007ffb33da1000 	C:\Windows\SYSTEM32\ColorAdapterClient.dll
0x00007ffb1dd60000 - 0x00007ffb1dda5000 	C:\Windows\SYSTEM32\icm32.dll
0x00007ffb122c0000 - 0x00007ffb1231e000 	C:\Users\Kirby\AppData\Local\Temp\lwjgl_Kirby\3.3.3+5\x64\lwjgl_opengl.dll
0x00007ffb301b0000 - 0x00007ffb302a9000 	C:\Windows\SYSTEM32\textinputframework.dll
0x00007ffb1c2a0000 - 0x00007ffb1c594000 	C:\Windows\SYSTEM32\uiautomationcore.dll
0x00007ffb39020000 - 0x00007ffb3902c000 	C:\Windows\SYSTEM32\CRYPTBASE.DLL
0x00007ffb2a870000 - 0x00007ffb2a8d6000 	C:\Windows\SYSTEM32\OLEACC.dll
0x00007ffaf4fa0000 - 0x00007ffaf53b9000 	C:\Users\Kirby\AppData\Local\Temp\libgdxKirby\11105a6b\gdx-bullet64.dll
0x00007ffb0e9f0000 - 0x00007ffb0ea72000 	C:\Users\Kirby\AppData\Local\Temp\lwjgl_Kirby\3.3.3+5\x64\lwjgl_stb.dll
0x00007ffb0a320000 - 0x00007ffb0a3dc000 	C:\Users\Kirby\AppData\Local\Temp\libgdxKirby\d0673c77\gdx-freetype64.dll
0x00007ffb2a770000 - 0x00007ffb2a780000 	C:\Users\Kirby\.jdks\openjdk-25\bin\verify.dll
0x00007ffb38bd0000 - 0x00007ffb38c9a000 	C:\Windows\SYSTEM32\DNSAPI.dll
0x00007ffb38b90000 - 0x00007ffb38bcb000 	C:\Windows\SYSTEM32\IPHLPAPI.DLL
0x00007ffb3ba60000 - 0x00007ffb3ba68000 	C:\Windows\System32\NSI.dll
0x00007ffb27c40000 - 0x00007ffb27c4a000 	C:\Windows\System32\rasadhlp.dll
0x00007ffb2b650000 - 0x00007ffb2b6d0000 	C:\Windows\System32\fwpuclnt.dll

JVMTI agents:
C:\Program Files\JetBrains\IntelliJ IDEA 2025.2.2\lib\idea_rt.jar path:C:\Users\Kirby\.jdks\openjdk-25\bin\instrument.dll, loaded, initialized, instrumentlib options:58885

dbghelp: loaded successfully - version: 4.0.5 - missing functions: none
symbol engine: initialized successfully - sym options: 0x614 - pdb path: .;C:\Users\Kirby\.jdks\openjdk-25\bin;C:\Windows\SYSTEM32;C:\Windows\WinSxS\amd64_microsoft.windows.common-controls_6595b64144ccf1df_6.0.19041.6456_none_60b8a6cb71f64256;C:\Users\Kirby\.jdks\openjdk-25\bin\server;C:\ProgramData\libGDX-temp\libgdxUser_72504843_GDX1_14_0\4c3cbe99;C:\Users\Kirby\AppData\Local\Temp\lwjgl_Kirby\3.3.3+5\x64;C:\Windows\System32\DriverStore\FileRepository\iigd_dch.inf_amd64_51f685305808e3a5;C:\Users\Kirby\AppData\Local\Temp\libgdxKirby\11105a6b;C:\Users\Kirby\AppData\Local\Temp\libgdxKirby\d0673c77

VM Arguments:
jvm_args: -javaagent:C:\Program Files\JetBrains\IntelliJ IDEA 2025.2.2\lib\idea_rt.jar=58885 -Dfile.encoding=UTF-8 -Dsun.stdout.encoding=UTF-8 -Dsun.stderr.encoding=UTF-8 
java_command: nintendont.amongspirits.lwjgl3.Lwjgl3Launcher
java_class_path (initial): C:\Users\Kirby\repos\ucab-arceus\game\core\build\classes\java\main;C:\Users\Kirby\.gradle\caches\modules-2\files-2.1\com.badlogicgames.ashley\ashley\1.7.4\21a3a8932919099c4e5006a7d8378dcbe76ef8a5\ashley-1.7.4.jar;C:\Users\Kirby\.gradle\caches\modules-2\files-2.1\com.badlogicgames.gdx-controllers\gdx-controllers-core\2.2.3\82b77d6cb6394420cdd480fc2ab373f7ba5e0e45\gdx-controllers-core-2.2.3.jar;C:\Users\Kirby\.gradle\caches\modules-2\files-2.1\com.badlogicgames.gdx\gdx-bullet\1.14.0\8d2248e9af7b43588c142d47512590de7d377448\gdx-bullet-1.14.0.jar;C:\Users\Kirby\.gradle\caches\modules-2\files-2.1\com.badlogicgames.gdx\gdx-freetype\1.14.0\90299d782fca725677549b88bc1958f968e09bd8\gdx-freetype-1.14.0.jar;C:\Users\Kirby\.gradle\caches\modules-2\files-2.1\com.github.mgsx-dev.gdx-gltf\gltf\0436377df4\77ac0d9f20afa182e0636c74201c696a2060f657\gltf-0436377df4.jar;C:\Users\Kirby\.gradle\caches\modules-2\files-2.1\com.badlogicgames.gdx\gdx\1.14.0\8accfce8d9313d9ddd23a2c9e315179783085ef2\gdx-1.14.0.jar;C:\Users\Kirby\.gradle\caches\modules-2\files-2.1\com.github.MrStahlfelge.gdx-websockets\core\1.9.10.3\667a57cfd21a2598438b4667f7a4e61a2eea14b8\core-1.9.10.3.jar;C:\Users\Kirby\.gradle\caches\modules-2\files-2.1\com.badlogicgames.gdx\gdx-jnigen-loader\2.5.2\f35e90affe07c46b4f5e5958a1a4c1820c4890e2\gdx-jnigen-loader-2.5.2.jar;C:\Users\Kirby\repos\ucab-arceus\game\lwjgl3\build\classes\java\main;C:\Users\Kirby\repos\ucab-arceus\game\lwjgl3\build\resources\main;C:\Users\Kirby\.gradle\caches\modules-2\files-2.1\com.badlogicgames.gdx-controllers\gdx-controllers-desktop\2.2.3\f496535b094461487a71b3f23a17cd7d524de0f5\gdx-controllers-desktop-2.2.3.jar;C:\Users\Kirby\.gradle\caches\modules-2\files-2.1\com.badlogicgames.gdx\gdx-backend-lwjgl3\1.14.0\122cf51d4a3bcd4e14e8fbd16ae2b65f27fe2d57\gdx-backend-lwjgl3-1.14.0.jar;C:\Users\Kirby\.gradle\caches\modules-2\files-2.1\com.badlogicgames.gdx\gdx-bullet-platform\1.14.0\f4b2d51d8c126dad99af8a28568493bc12f3ffd5\gdx-bullet-platform-1.14.0-natives-desktop.jar;C:\Users\Kirby\.gradle\caches\modules-2\files-2.1\com.badlogicgames.gdx\gdx-freetype-platform\1.14.0\f6fa9182df2efab018b7a3378a9a729fd94a19ab\gdx-freetype-platform-1.14.0-natives-desktop.jar;C:\Users\Kirby\.gradle\caches\modules-2\files-2.1\com.badlogicgames.gdx\gdx-lwjgl3-angle\1.14.0\f15d8d7ec09ef7486490f05f098ab57b4d318073\gdx-lwjgl3-angle-1.14.0.jar;C:\Users\Kirby\.gradle\caches\modules-2\files-2.1\com.badlogicgames.gdx\gdx-platform\1.14.0\d0ecc53f2c20576f1ba4ac9ba157cf48f7bd9821\gdx-platform-1.14.0-natives-desktop.jar;C:\Users\Kirby\.gradle\caches\modules-2\files-2.1\com.github.MrStahlfelge.gdx-websockets\common\1.9.10.3\e48aa34e94334ca4884aa8f8ba4066814bceb52d\common-1.9.10.3.jar;C:\Users\Kirby\.gradle\caches\modules-2\files-2.1\com.badlogicgames.jamepad\jamepad\2.0.20.0\55eb0007fd55c9914d106dac3387b9d444572cab\jamepad-2.0.20.0.jar;C:\Users\Kirby\.gradle\caches\modules-2\files-2.1\org.lwjgl\lwjgl-glfw\3.3.3\efa1eb78c5ccd840e9f329717109b5e892d72f8e\lwjgl-glfw-3.3.3.jar;C:\Users\Kirby\.gradle\caches\modules-2\files-2.1\org.lwjgl\lwjgl-glfw\3.3.3\a03684c5e4b1b1dbbe0d29dbbdc27b985b6840f2\lwjgl-glfw-3.3.3-natives-linux.jar;C:\Users\Kirby\.gradle\caches\modules-2\files-2.1\org.lwjgl\lwjgl-glfw\3.3.3\d9af485c32545b37dd5359b163161d42d7534dcf\lwjgl-glfw-3.3.3-natives-linux-arm32.jar;C:\Users\Kirby\.gradle\caches\modules-2\files-2.1\org.lwjgl\lwjgl-glfw\3.3.3\492a0f11f85b85899a6568f07511160c1b87cd38\lwjgl-glfw-3.3.3-natives-linux-arm64.jar;C:\Users\Kirby\.gradle\caches\modules-2\files-2.1\org.lwjgl\lwjgl-glfw\3.3.3\a1bf400f6bc64e6195596cb1430dafda46090751\lwjgl-glfw-3.3.3-natives-macos.jar;C:\Users\Kirby\.gradle\caches\modules-2\files-2.1\org.lwjgl\lwjgl-glfw\3.3.3\ee8cc78d0a4a5b3b4600fade6d927c9fc320c858\lwjgl-glfw-3.3.3-natives-macos-arm64.jar;C:\Users\Kirby\.gradle\caches\modules-2\files-2.1\org.lwjgl\lwjgl-glfw\3.3.3\e449e28b4891fc423c54c85fbc5bb0b9efece67a\lwjgl-glfw-3.3.3-natives-windows.jar;C:\Users\Kirby\.gradle\caches\modules-2\files-2.1\org.lwjgl\lwjgl-glfw\3.3.3\32334f3fd5270a59bad9939a93115acb6de36dcf\lwjgl-glfw-3.3.3-natives-windows-x86.jar;C:\Users\Kirby\.gradle\caches\modules-2\files-2.1\org.lwjgl\lwjgl-jemalloc\3.3.3\b543467b7ff3c6920539a88ee602d34098628be5\lwjgl-jemalloc-3.3.3.jar;C:\Users\Kirby\.gradle\caches\modules-2\files-2.1\org.lwjgl\lwjgl-jemalloc\3.3.3\4f86728bf449b1dd61251c4e0ac01df1389cb51e\lwjgl-jemalloc-3.3.3-natives-linux.jar;C:\Users\Kirby\.gradle\caches\modules-2\files-2.1\org.lwjgl\lwjgl-jemalloc\3.3.3\109b6931880d02d4e65ced38928a16e41d19873e\lwjgl-jemalloc-3.3.3-natives-linux-arm32.jar;C:\Users\Kirby\.gradle\caches\modules-2\files-2.1\org.lwjgl\lwjgl-jemalloc\3.3.3\eff8b86798191192fe2cba2dc2776109f30c239d\lwjgl-jemalloc-3.3.3-natives-linux-arm64.jar;C:\Users\Kirby\.gradle\caches\modules-2\files-2.1\org.lwjgl\lwjgl-jemalloc\3.3.3\2906637657a57579847238c9c72d2c4bde7083f8\lwjgl-jemalloc-3.3.3-natives-macos.jar;C:\Users\Kirby\.gradle\caches\modules-2\files-2.1\org.lwjgl\lwjgl-jemalloc\3.3.3\e9412c3ff8cb3a3bad1d3f52909ad74d8a5bdad1\lwjgl-jemalloc-3.3.3-natives-macos-arm64.jar;C:\Users\Kirby\.gradle\caches\modules-2\files-2.1\org.lwjgl\lwjgl-jemalloc\3.3.3\426222fc027602a5f21b9c0fe79cde6a4c7a011f\lwjgl-jemalloc-3.3.3-natives-windows.jar;C:\Users\Kirby\.gradle\caches\modules-2\files-2.1\org.lwjgl\lwjgl-jemalloc\3.3.3\f6063b6e0f23be483c5c88d84ce51b39dc69126c\lwjgl-jemalloc-3.3.3-natives-windows-x86.jar;C:\Users\Kirby\.gradle\caches\modules-2\files-2.1\org.lwjgl\lwjgl-openal\3.3.3\daada81ceb5fc0c291fbfdd4433cb8d9423577f2\lwjgl-openal-3.3.3.jar;C:\Users\Kirby\.gradle\caches\modules-2\files-2.1\org.lwjgl\lwjgl-openal\3.3.3\3037360cc4595079bea240af250b6d1a527e0905\lwjgl-openal-3.3.3-natives-linux.jar;C:\Users\Kirby\.gradle\caches\modules-2\files-2.1\org.lwjgl\lwjgl-openal\3.3.3\e1702aa09d20359d6cf5cb2999fa7685a785eca7\lwjgl-openal-3.3.3-natives-linux-arm32.jar;C:\Users\Kirby\.gradle\caches\modules-2\files-2.1\org.lwjgl\lwjgl-openal\3.3.3\ad8f302118a65bb8d615f8a2a680db58fb8f835e\lwjgl-openal-3.3.3-natives-linux-arm64.jar;C:\Users\Kirby\.gradle\caches\modules-2\files-2.1\org.lwjgl\lwjgl-openal\3.3.3\8df8338bfa77f2ebabef4e58964bd04d24805cbf\lwjgl-openal-3.3.3-natives-macos.jar;C:\Users\Kirby\.gradle\caches\modules-2\files-2.1\org.lwjgl\lwjgl-openal\3.3.3\c78b078de2fb52f45aa55d04db889a560f3544f\lwjgl-openal-3.3.3-natives-macos-arm64.jar;C:\Users\Kirby\.gradle\caches\modules-2\files-2.1\org.lwjgl\lwjgl-openal\3.3.3\cf83862ae95d98496b26915024c7e666d8ab1c8f\lwjgl-openal-3.3.3-natives-windows.jar;C:\Users\Kirby\.gradle\caches\modules-2\files-2.1\org.lwjgl\lwjgl-openal\3.3.3\87b8d5050e3adb46bb58fe1cb2669a4a48fce10d\lwjgl-openal-3.3.3-natives-windows-x86.jar;C:\Users\Kirby\.gradle\caches\modules-2\files-2.1\org.lwjgl\lwjgl-opengl\3.3.3\2f6b0147078396a58979125a4c947664e98293a\lwjgl-opengl-3.3.3.jar;C:\Users\Kirby\.gradle\caches\modules-2\files-2.1\org.lwjgl\lwjgl-opengl\3.3.3\62c70a4b00ca5391882b0f4b787c1588d24f1c86\lwjgl-opengl-3.3.3-natives-linux.jar;C:\Users\Kirby\.gradle\caches\modules-2\files-2.1\org.lwjgl\lwjgl-opengl\3.3.3\dbba17fc5ac0985d14a57c11f9537617d67b9952\lwjgl-opengl-3.3.3-natives-linux-arm32.jar;C:\Users\Kirby\.gradle\caches\modules-2\files-2.1\org.lwjgl\lwjgl-opengl\3.3.3\2096f6b94b2d68745d858fbfe53aacf5f0c8074c\lwjgl-opengl-3.3.3-natives-linux-arm64.jar;C:\Users\Kirby\.gradle\caches\modules-2\files-2.1\org.lwjgl\lwjgl-opengl\3.3.3\1bd45997551ae8a28469f3a2b678f4b7289e12c0\lwjgl-opengl-3.3.3-natives-macos.jar;C:\Users\Kirby\.gradle\caches\modules-2\files-2.1\org.lwjgl\lwjgl-opengl\3.3.3\d213ddef27637b1af87961ffa94d6b27036becc8\lwjgl-opengl-3.3.3-natives-macos-arm64.jar;C:\Users\Kirby\.gradle\caches\modules-2\files-2.1\org.lwjgl\lwjgl-opengl\3.3.3\e6c1eec8be8a71951b830a4d69efc01c6531900c\lwjgl-opengl-3.3.3-natives-windows.jar;C:\Users\Kirby\.gradle\caches\modules-2\files-2.1\org.lwjgl\lwjgl-opengl\3.3.3\d32d833dcaa2f355a886eaf21f0408b5f03241d\lwjgl-opengl-3.3.3-natives-windows-x86.jar;C:\Users\Kirby\.gradle\caches\modules-2\files-2.1\org.lwjgl\lwjgl-stb\3.3.3\25dd6161988d7e65f71d5065c99902402ee32746\lwjgl-stb-3.3.3.jar;C:\Users\Kirby\.gradle\caches\modules-2\files-2.1\org.lwjgl\lwjgl-stb\3.3.3\fd1271ccd9d85eff2fa31f3fd543e02ccfaf5041\lwjgl-stb-3.3.3-natives-linux.jar;C:\Users\Kirby\.gradle\caches\modules-2\files-2.1\org.lwjgl\lwjgl-stb\3.3.3\1ae28ff044699ff29b0e980ffabd73fba8a664b3\lwjgl-stb-3.3.3-natives-linux-arm32.jar;C:\Users\Kirby\.gradle\caches\modules-2\files-2.1\org.lwjgl\lwjgl-stb\3.3.3\ddc177afc2be1ee8d93684b11363b80589a13fe1\lwjgl-stb-3.3.3-natives-linux-arm64.jar;C:\Users\Kirby\.gradle\caches\modules-2\files-2.1\org.lwjgl\lwjgl-stb\3.3.3\472792c98fb2c1557c060cb9da5fca6a9773621f\lwjgl-stb-3.3.3-natives-macos.jar;C:\Users\Kirby\.gradle\caches\modules-2\files-2.1\org.lwjgl\lwjgl-stb\3.3.3\51c6955571fbcdb7bb538c6aa589b953b584c6af\lwjgl-stb-3.3.3-natives-macos-arm64.jar;C:\Users\Kirby\.gradle\caches\modules-2\files-2.1\org.lwjgl\lwjgl-stb\3.3.3\1d9facdf6541de114b0f963be33505b7679c78cb\lwjgl-stb-3.3.3-natives-windows.jar;C:\Users\Kirby\.gradle\caches\modules-2\files-2.1\org.lwjgl\lwjgl-stb\3.3.3\b5c874687b9aac1a936501d4ed2c49567fd1b575\lwjgl-stb-3.3.3-natives-windows-x86.jar;C:\Users\Kirby\.gradle\caches\modules-2\files-2.1\org.lwjgl\lwjgl\3.3.3\29589b5f87ed335a6c7e7ee6a5775f81f97ecb84\lwjgl-3.3.3.jar;C:\Users\Kirby\.gradle\caches\modules-2\files-2.1\org.lwjgl\lwjgl\3.3.3\1713758e3660ba66e1e954396fd18126038b33c0\lwjgl-3.3.3-natives-linux.jar;C:\Users\Kirby\.gradle\caches\modules-2\files-2.1\org.lwjgl\lwjgl\3.3.3\2075c51a80f0ef0f22ba616ba54007ac2b0debd4\lwjgl-3.3.3-natives-linux-arm32.jar;C:\Users\Kirby\.gradle\caches\modules-2\files-2.1\org.lwjgl\lwjgl\3.3.3\f35d8b6ffe1ac1e3a5eb1d4e33de80f044ad5fd8\lwjgl-3.3.3-natives-linux-arm64.jar;C:\Users\Kirby\.gradle\caches\modules-2\files-2.1\org.lwjgl\lwjgl\3.3.3\33a6efa288390490ce6eb6c3df47ac21ecf648cf\lwjgl-3.3.3-natives-macos.jar;C:\Users\Kirby\.gradle\caches\modules-2\files-2.1\org.lwjgl\lwjgl\3.3.3\226246e75f6bd8d4e1895bdce8638ef87808d114\lwjgl-3.3.3-natives-macos-arm64.jar;C:\Users\Kirby\.gradle\caches\modules-2\files-2.1\org.lwjgl\lwjgl\3.3.3\a5ed18a2b82fc91b81f40d717cb1f64c9dcb0540\lwjgl-3.3.3-natives-windows.jar;C:\Users\Kirby\.gradle\caches\modules-2\files-2.1\org.lwjgl\lwjgl\3.3.3\9e670718e050aeaeea0c2d5b907cffb142f2e58f\lwjgl-3.3.3-natives-windows-x86.jar;C:\Users\Kirby\.gradle\caches\modules-2\files-2.1\com.badlogicgames.jlayer\jlayer\1.0.1-gdx\7cca83cec5c1b2f011362f4d85aabd71a73b049d\jlayer-1.0.1-gdx.jar;C:\Users\Kirby\.gradle\caches\modules-2\files-2.1\org.jcraft\jorbis\0.0.17\8872d22b293e8f5d7d56ff92be966e6dc28ebdc6\jorbis-0.0.17.jar;C:\Users\Kirby\.gradle\caches\modules-2\files-2.1\org.lwjgl\lwjgl-opengles\3.3.3\b3a29ff95bdb320122839741a3723338e6ecfa28\lwjgl-opengles-3.3.3.jar;C:\Users\Kirby\.gradle\caches\modules-2\files-2.1\org.lwjgl\lwjgl-opengles\3.3.3\d59211c8746d50cfb610bd38f8d817a94fbdf013\lwjgl-opengles-3.3.3-natives-linux.jar;C:\Users\Kirby\.gradle\caches\modules-2\files-2.1\org.lwjgl\lwjgl-opengles\3.3.3\8b0c02692d6f869dee1060f290fd157f05dfa999\lwjgl-opengles-3.3.3-natives-linux-arm32.jar;C:\Users\Kirby\.gradle\caches\modules-2\files-2.1\org.lwjgl\lwjgl-opengles\3.3.3\af05595560d4ae6117242ca051e5ae4f27aea9e3\lwjgl-opengles-3.3.3-natives-linux-arm64.jar;C:\Users\Kirby\.gradle\caches\modules-2\files-2.1\org.lwjgl\lwjgl-opengles\3.3.3\d6a20b1f204e48989d994923f4f5131c55424844\lwjgl-opengles-3.3.3-natives-macos.jar;C:\Users\Kirby\.gradle\caches\modules-2\files-2.1\org.lwjgl\lwjgl-opengles\3.3.3\5aeb20635f6d20f2f7f69fe9c05cab831e574b8c\lwjgl-opengles-3.3.3-natives-macos-arm64.jar;C:\Users\Kirby\.gradle\caches\modules-2\files-2.1\org.lwjgl\lwjgl-opengles\3.3.3\22939720fc2737b419dd52db84b8c56bcfab3aac\lwjgl-opengles-3.3.3-natives-windows.jar;C:\Users\Kirby\.gradle\caches\modules-2\files-2.1\org.lwjgl\lwjgl-opengles\3.3.3\331b739ab66790449888e553052ecb051f37ad3f\lwjgl-opengles-3.3.3-natives-windows-x86.jar;C:\Users\Kirby\.gradle\caches\modules-2\files-2.1\org.lwjgl\lwjgl-egl\3.3.3\2f0d613e3f769577548f08b11ae9b7571980aeb1\lwjgl-egl-3.3.3.jar;C:\Users\Kirby\.gradle\caches\modules-2\files-2.1\com.neovisionaries\nv-websocket-client\2.10\4309de0f0ba90e77f14bf9dd1a43c163d9541e70\nv-websocket-client-2.10.jar
Launcher Type: SUN_STANDARD

[Global flags]
     intx CICompilerCount                          = 3                                         {product} {ergonomic}
     uint ConcGCThreads                            = 1                                         {product} {ergonomic}
     uint G1ConcRefinementThreads                  = 4                                         {product} {ergonomic}
   size_t G1HeapRegionSize                         = 1048576                                   {product} {ergonomic}
   size_t InitialHeapSize                          = 134217728                                 {product} {ergonomic}
   size_t MarkStackSize                            = 4194304                                   {product} {ergonomic}
   size_t MarkStackSizeMax                         = 536870912                                 {product} {ergonomic}
   size_t MaxHeapSize                              = 2126512128                                {product} {ergonomic}
   size_t MaxNewSize                               = 1275068416                                {product} {ergonomic}
   size_t MinHeapDeltaBytes                        = 1048576                                   {product} {ergonomic}
   size_t MinHeapSize                              = 8388608                                   {product} {ergonomic}
    uintx NonNMethodCodeHeapSize                   = 5832704                                {pd product} {ergonomic}
    uintx NonProfiledCodeHeapSize                  = 122945536                              {pd product} {ergonomic}
    uintx ProfiledCodeHeapSize                     = 122880000                              {pd product} {ergonomic}
    uintx ReservedCodeCacheSize                    = 251658240                              {pd product} {ergonomic}
     bool SegmentedCodeCache                       = true                                      {product} {ergonomic}
   size_t SoftMaxHeapSize                          = 2126512128                             {manageable} {ergonomic}
     bool UseCompressedOops                        = true                           {product lp64_product} {ergonomic}
     bool UseG1GC                                  = true                                      {product} {ergonomic}
     bool UseLargePagesIndividualAllocation        = false                                  {pd product} {ergonomic}

Logging:
Log output configuration:
 #0: stdout all=warning uptime,level,tags foldmultilines=false
 #1: stderr all=off uptime,level,tags foldmultilines=false

Release file:
IMPLEMENTOR="Oracle Corporation" 
JAVA_RUNTIME_VERSION="25+36-3489" 
JAVA_VERSION="25" 
JAVA_VERSION_DATE="2025-09-16" 
LIBC="default" 
MODULES="java.base java.compiler java.datatransfer java.xml java.prefs java.desktop java.instrument java.logging java.management java.security.sasl java.naming java.rmi java.management.rmi java.net.http java.scripting java.security.jgss java.transaction.xa java.sql java.sql.rowset java.xml.crypto java.se java.smartcardio jdk.accessibility jdk.internal.jvmstat jdk.attach jdk.charsets jdk.internal.opt jdk.zipfs jdk.compiler jdk.crypto.cryptoki jdk.crypto.ec jdk.crypto.mscapi jdk.dynalink jdk.internal.ed jdk.editpad jdk.internal.vm.ci jdk.graal.compiler jdk.graal.compiler.management jdk.hotspot.agent jdk.httpserver jdk.incubator.vector jdk.internal.le jdk.internal.md jdk.jartool jdk.javadoc jdk.jcmd jdk.management jdk.management.agent jdk.jconsole jdk.jdeps jdk.jdwp.agent jdk.jdi jdk.jfr jdk.jlink jdk.jpackage jdk.jshell jdk.jsobject jdk.jstatd jdk.localedata jdk.management.jfr jdk.naming.dns jdk.naming.rmi jdk.net jdk.nio.mapmode jdk.sctp jdk.security.auth jdk.security.jgss jdk.unsupported jdk.unsupported.desktop jdk.xml.dom" 
OS_ARCH="x86_64" 
OS_NAME="Windows" 
SOURCE=".:git:6c48f4ed707b" 

Environment Variables:
PATH=C:\Program Files\Eclipse Adoptium\jdk-25.0.1.8-hotspot\bin;C:\Windows\system32;C:\Windows;C:\Windows\System32\Wbem;C:\Windows\System32\WindowsPowerShell\v1.0\;C:\Windows\System32\OpenSSH\;C:\Program Files\Microsoft SQL Server\120\Tools\Binn\;C:\Program Files\Git\cmd;C:\Users\Kirby\AppData\Local\Packages\PythonSoftwareFoundation.Python.3.11_qbz5n2kfra8p0\LocalCache\local-packages\Python311\Scripts;C:\ffmpeg\bin;C:\MinGW\bin;C:\Users\Kirby\devlibs;C:\SDL\x86_64-w64-mingw32\include;C:\msys64\ucrt64\bin;C:\Program Files\dotnet\;C:\Program Files (x86)\ZeroTier\One\;C:\Program Files (x86)\dotnet\;C:\Users\Kirby\AppData\Local\Microsoft\WindowsApps;C:\Users\Kirby\platform-tools;C:\Users\Kirby\devlibs;C:\MinGW\bin;C:\msys64\ucrt64\bin;C:\Users\Kirby\AppData\Local\Programs\Microsoft VS Code\bin;C:\Users\Kirby\dev\vcpkg;C:\Program Files\JetBrains\IntelliJ IDEA 2025.2.2\bin;C:\Users\Kirby\AppData\Local\JetBrains\Toolbox\scripts;
USERNAME=Kirby
OS=Windows_NT
PROCESSOR_IDENTIFIER=Intel64 Family 6 Model 94 Stepping 3, GenuineIntel
TMP=C:\Users\Kirby\AppData\Local\Temp
TEMP=C:\Users\Kirby\AppData\Local\Temp




Compilation memory statistics disabled.

Periodic native trim disabled

---------------  S Y S T E M  ---------------

OS:
 Windows 10 , 64 bit Build 19041 (10.0.19041.5915)
OS uptime: 7 days 6:22 hours
Hyper-V role detected

CPU: total 4 (initial active 4) (4 cores per cpu, 1 threads per core) family 6 model 94 stepping 3 microcode 0xcc, cx8, cmov, fxsr, mmx, 3dnowpref, sse, sse2, sse3, ssse3, sse4.1, sse4.2, popcnt, lzcnt, tsc, tscinvbit, avx, avx2, aes, erms, clmul, bmi1, bmi2, rtm, adx, fma, vzeroupper, clflush, clflushopt, hv, rdtscp, f16c
Processor Information for the first 4 processors :
  Max Mhz: 3192, Current Mhz: 3192, Mhz Limit: 3192

Memory: 4k page, system-wide physical 8106M (676M free)
TotalPageFile size 30175M (AvailPageFile size 19032M)
current process WorkingSet (physical memory assigned to process): 513M, peak: 915M
current process commit charge ("private bytes"): 966M, peak: 1204M

vm_info: OpenJDK 64-Bit Server VM (25+36-3489) for windows-amd64 JRE (25+36-3489), built on 2025-08-12T17:19:28Z with unknown MS VC++:1943

END.
